Datetime,Ticker,Open,High,Low,Close,Volume
2025-11-05 10:39,AGQ,78.29,78.34,78.26,78.34,12240
2025-11-05 10:40,AGQ,78.3257,78.54,78.32,78.54,6831
2025-11-05 10:41,AGQ,78.54,78.54,78.4401,78.46,14757
2025-11-05 10:42,AGQ,78.34,78.36,78.32,78.32,800
2025-11-05 10:43,AGQ,78.25,78.33,78.25,78.33,1074
2025-11-05 10:44,AGQ,78.43,78.45,78.3928,78.41,3623
2025-11-05 10:45,AGQ,78.41,78.46,78.41,78.41,1085
2025-11-05 10:46,AGQ,78.34,78.34,78.265,78.265,6855
2025-11-05 10:47,AGQ,78.27,78.354,78.25,78.354,700
2025-11-05 10:48,AGQ,78.29,78.32,78.29,78.32,200
2025-11-05 10:49,AGQ,78.32,78.32,78.285,78.285,1006
2025-11-05 10:50,AGQ,78.26,78.34,78.26,78.33,8038
2025-11-05 10:51,AGQ,78.33,78.37,78.28,78.35,8851
2025-11-05 10:52,AGQ,78.31,78.31,78.26,78.27,1856
2025-11-05 10:53,AGQ,78.23,78.285,78.22,78.285,2716
2025-11-05 10:54,AGQ,78.2968,78.36,78.2968,78.34,1800
2025-11-05 10:55,AGQ,78.33,78.33,78.275,78.28,2580
2025-11-05 10:56,AGQ,78.2,78.2,78.14,78.14,400
2025-11-05 10:57,AGQ,78.21,78.26,78.1906,78.26,800
2025-11-05 10:58,AGQ,78.24,78.26,78.15,78.15,2908
2025-11-05 10:59,AGQ,78.1725,78.2172,78.15,78.2172,1655
2025-11-05 11:00,AGQ,78.19,78.2,78.12,78.2,1623
2025-11-05 11:01,AGQ,78.32,78.35,78.24,78.24,800
2025-11-05 11:02,AGQ,78.3027,78.3027,78.3027,78.3027,100
2025-11-05 11:03,AGQ,78.28,78.29,78.08,78.08,1874
2025-11-05 11:04,AGQ,78.07,78.09,78.05,78.07,2198
2025-11-05 11:05,AGQ,78.095,78.21,78.095,78.21,650
2025-11-05 11:06,AGQ,78.2,78.2327,78.13,78.1699,1722
2025-11-05 11:07,AGQ,78.15,78.165,78.15,78.165,2566
2025-11-05 11:08,AGQ,78.17,78.17,78.13,78.16,900
2025-11-05 11:09,AGQ,78.16,78.18,78.16,78.18,500
2025-11-05 11:10,AGQ,78.26,78.26,78.2,78.2,476
2025-11-05 11:11,AGQ,78.23,78.23,78.143,78.16,2269
2025-11-05 11:12,AGQ,78.13,78.17,78.11,78.16,5644
2025-11-05 11:13,AGQ,78.14,78.21,78.12,78.16,3812
2025-11-05 11:14,AGQ,78.12,78.12,77.94,77.95,3188
2025-11-05 11:15,AGQ,77.99,78.14,77.985,78.11,2839
2025-11-05 11:16,AGQ,78.09,78.09,78.0,78.0,1271
2025-11-05 11:17,AGQ,78.02,78.02,77.85,77.85,2500
2025-11-05 11:18,AGQ,77.84,77.85,77.74,77.85,3530
2025-11-05 11:19,AGQ,77.86,77.86,77.79,77.805,2994
2025-11-05 11:20,AGQ,77.78,77.8648,77.765,77.8556,2086
2025-11-05 11:21,AGQ,77.86,77.92,77.86,77.92,434
2025-11-05 11:22,AGQ,77.93,78.01,77.89,78.0,1900
2025-11-05 11:23,AGQ,77.95,78.0,77.93,78.0,753
2025-11-05 11:24,AGQ,78.06,78.06,78.04,78.04,300
2025-11-05 11:25,AGQ,78.02,78.04,78.02,78.04,2057
2025-11-05 11:26,AGQ,78.11,78.12,78.11,78.11,1277
2025-11-05 11:27,AGQ,78.1,78.12,78.07,78.12,7256
2025-11-05 11:28,AGQ,78.11,78.13,78.08,78.1086,700
2025-11-05 11:29,AGQ,78.11,78.1202,78.05,78.05,2588
2025-11-05 11:30,AGQ,78.12,78.13,78.12,78.13,300
2025-11-05 11:31,AGQ,78.15,78.15,78.05,78.05,600
2025-11-05 11:32,AGQ,78.07,78.08,77.9939,78.0,1705
2025-11-05 11:33,AGQ,77.95,77.99,77.95,77.99,3429
2025-11-05 11:34,AGQ,78.0,78.0,77.9363,77.94,700
2025-11-05 11:35,AGQ,77.9,77.92,77.82,77.88,2000
2025-11-05 11:36,AGQ,77.895,77.91,77.895,77.9043,750
2025-11-05 11:37,AGQ,78.0,78.08,78.0,78.08,3747
2025-11-05 11:38,AGQ,78.01,78.08,78.01,78.08,750
2025-11-05 11:39,AGQ,78.1,78.1,78.1,78.1,100
2025-11-05 11:40,AGQ,78.09,78.14,78.09,78.13,3000
2025-11-05 11:41,AGQ,78.1,78.1,78.08,78.08,315
2025-11-05 11:42,AGQ,78.0991,78.1,78.0991,78.1,600
2025-11-05 11:43,AGQ,78.06,78.1394,78.06,78.1394,300
2025-11-05 11:44,AGQ,78.13,78.19,78.13,78.15,699
2025-11-05 11:45,AGQ,78.13,78.18,78.09,78.105,3960
2025-11-05 11:46,AGQ,78.18,78.21,78.17,78.21,1555
2025-11-05 11:47,AGQ,78.24,78.34,78.24,78.29,6957
2025-11-05 11:48,AGQ,78.24,78.28,78.17,78.17,3234
2025-11-05 11:49,AGQ,78.17,78.21,78.135,78.21,4365
2025-11-05 11:50,AGQ,78.18,78.27,78.18,78.27,1100
2025-11-05 11:51,AGQ,78.26,78.33,78.25,78.33,1688
2025-11-05 11:52,AGQ,78.33,78.33,78.32,78.32,300
2025-11-05 11:53,AGQ,78.35,78.35,78.3,78.32,2600
2025-11-05 11:54,AGQ,78.3,78.3091,78.23,78.27,2700
2025-11-05 11:55,AGQ,78.25,78.31,78.22,78.31,1652
2025-11-05 11:56,AGQ,78.29,78.31,78.28,78.31,3292
2025-11-05 11:57,AGQ,78.28,78.29,78.27,78.27,400
2025-11-05 11:58,AGQ,78.26,78.29,78.26,78.27,800
2025-11-05 11:59,AGQ,78.29,78.32,78.29,78.29,898
2025-11-05 12:00,AGQ,78.33,78.34,78.31,78.31,1000
2025-11-05 12:01,AGQ,78.31,78.38,78.31,78.37,1200
2025-11-05 12:02,AGQ,78.41,78.41,78.3653,78.39,2541
2025-11-05 12:03,AGQ,78.45,78.45,78.45,78.45,100
2025-11-05 12:04,AGQ,78.37,78.37,78.35,78.35,200
2025-11-05 12:05,AGQ,78.373,78.39,78.373,78.39,500
2025-11-05 12:06,AGQ,78.37,78.37,78.32,78.32,1300
2025-11-05 12:07,AGQ,78.32,78.32,78.23,78.23,2105
2025-11-05 12:08,AGQ,78.28,78.2868,78.21,78.21,1960
2025-11-05 12:09,AGQ,78.23,78.2796,78.23,78.2796,13968
2025-11-05 12:10,AGQ,78.29,78.3,78.28,78.28,846
2025-11-05 12:12,AGQ,78.28,78.28,78.28,78.28,100
2025-11-05 12:13,AGQ,78.27,78.27,78.27,78.27,400
2025-11-05 12:14,AGQ,78.35,78.35,78.32,78.32,400
2025-11-05 12:15,AGQ,78.3,78.365,78.27,78.365,2575
2025-11-05 12:16,AGQ,78.36,78.3601,78.33,78.33,564
2025-11-05 12:17,AGQ,78.31,78.34,78.31,78.34,500
2025-11-05 12:18,AGQ,78.33,78.33,78.33,78.33,100
2025-11-05 12:19,AGQ,78.29,78.29,78.22,78.2896,2000
2025-11-05 12:20,AGQ,78.27,78.295,78.26,78.26,996
2025-11-05 12:21,AGQ,78.2599,78.2599,78.24,78.24,930
2025-11-05 12:22,AGQ,78.25,78.25,78.22,78.22,500
2025-11-05 12:23,AGQ,78.21,78.21,78.21,78.21,300
2025-11-05 12:24,AGQ,78.19,78.2,78.17,78.17,2600
2025-11-05 12:25,AGQ,78.18,78.2,78.18,78.2,700
2025-11-05 12:26,AGQ,78.23,78.269,78.22,78.255,3392
2025-11-05 12:27,AGQ,78.28,78.28,78.28,78.28,100
2025-11-05 12:28,AGQ,78.2793,78.3,78.2793,78.3,381
2025-11-05 12:30,AGQ,78.28,78.3,78.235,78.235,1450
2025-11-05 12:31,AGQ,78.2,78.2,78.1885,78.2,2369
2025-11-05 12:32,AGQ,78.23,78.24,78.21,78.21,1000
2025-11-05 12:33,AGQ,78.23,78.25,78.23,78.245,800
2025-11-05 12:34,AGQ,78.31,78.31,78.31,78.31,100
2025-11-05 12:35,AGQ,78.3,78.31,78.3,78.31,1866
2025-11-05 12:36,AGQ,78.365,78.365,78.335,78.335,300
2025-11-05 12:37,AGQ,78.36,78.37,78.36,78.3699,850
2025-11-05 12:38,AGQ,78.38,78.4,78.3699,78.3699,892
2025-11-05 12:39,AGQ,78.355,78.36,78.32,78.3351,5995
2025-11-05 12:40,AGQ,78.32,78.32,78.32,78.32,100
2025-11-05 12:41,AGQ,78.35,78.39,78.31,78.39,1088
2025-11-05 12:42,AGQ,78.35,78.39,78.35,78.39,200
2025-11-05 12:43,AGQ,78.43,78.59,78.425,78.59,2331
2025-11-05 12:44,AGQ,78.5842,78.5842,78.485,78.485,2300
2025-11-05 12:45,AGQ,78.47,78.47,78.45,78.45,200
2025-11-05 12:46,AGQ,78.4,78.405,78.3,78.3,4471
2025-11-05 12:47,AGQ,78.31,78.365,78.31,78.365,612
2025-11-05 12:48,AGQ,78.36,78.37,78.36,78.36,838
2025-11-05 12:49,AGQ,78.41,78.41,78.36,78.36,400
2025-11-05 12:50,AGQ,78.36,78.36,78.34,78.34,1817
2025-11-05 12:51,AGQ,78.3999,78.4,78.3999,78.4,1576
2025-11-05 12:52,AGQ,78.365,78.39,78.36,78.365,600
2025-11-05 12:53,AGQ,78.38,78.39,78.38,78.39,200
2025-11-05 12:54,AGQ,78.4521,78.4521,78.4521,78.4521,500
2025-11-05 12:55,AGQ,78.45,78.455,78.39,78.455,405
2025-11-05 12:56,AGQ,78.47,78.5,78.45,78.45,700
2025-11-05 12:57,AGQ,78.42,78.4225,78.41,78.41,900
2025-11-05 12:58,AGQ,78.4799,78.4799,78.4799,78.4799,570
2025-11-05 12:59,AGQ,78.51,78.51,78.51,78.51,200
2025-11-05 13:00,AGQ,78.48,78.49,78.4087,78.413,1800
2025-11-05 13:01,AGQ,78.4093,78.47,78.4093,78.46,937
2025-11-05 13:02,AGQ,78.49,78.54,78.49,78.51,3000
2025-11-05 13:03,AGQ,78.5148,78.5148,78.5148,78.5148,100
2025-11-05 13:04,AGQ,78.48,78.485,78.45,78.485,410
2025-11-05 13:05,AGQ,78.49,78.49,78.4501,78.4501,896
2025-11-05 13:06,AGQ,78.47,78.47,78.47,78.47,340
2025-11-05 13:07,AGQ,78.465,78.465,78.465,78.465,100
2025-11-05 13:08,AGQ,78.44,78.44,78.39,78.41,1300
2025-11-05 13:09,AGQ,78.36,78.36,78.36,78.36,200
2025-11-05 13:10,AGQ,78.37,78.38,78.3407,78.38,700
2025-11-05 13:11,AGQ,78.39,78.39,78.38,78.38,300
2025-11-05 13:12,AGQ,78.45,78.49,78.45,78.49,1158
2025-11-05 13:13,AGQ,78.495,78.52,78.49,78.52,900
2025-11-05 13:14,AGQ,78.51,78.53,78.51,78.5296,412
2025-11-05 13:15,AGQ,78.5,78.5,78.5,78.5,436
2025-11-05 13:16,AGQ,78.52,78.54,78.52,78.54,1000
2025-11-05 13:17,AGQ,78.59,78.6,78.5805,78.5805,3911
2025-11-05 13:18,AGQ,78.5405,78.56,78.54,78.54,1800
2025-11-05 13:19,AGQ,78.51,78.51,78.4544,78.4544,650
2025-11-05 13:20,AGQ,78.49,78.56,78.49,78.54,400
2025-11-05 13:21,AGQ,78.53,78.53,78.5,78.5,500
2025-11-05 13:22,AGQ,78.52,78.56,78.52,78.56,2470
2025-11-05 13:23,AGQ,78.57,78.57,78.52,78.52,1000
2025-11-05 13:24,AGQ,78.4951,78.4951,78.4439,78.45,1700
2025-11-05 13:25,AGQ,78.47,78.5254,78.47,78.5254,1225
2025-11-05 13:26,AGQ,78.49,78.49,78.49,78.49,100
2025-11-05 13:27,AGQ,78.48,78.48,78.46,78.47,2303
2025-11-05 13:28,AGQ,78.49,78.5,78.475,78.475,2235
2025-11-05 13:29,AGQ,78.5,78.56,78.5,78.56,1000
2025-11-05 13:30,AGQ,78.56,78.58,78.49,78.49,1600
2025-11-05 13:31,AGQ,78.5,78.51,78.48,78.48,568
2025-11-05 13:32,AGQ,78.515,78.515,78.515,78.515,1000
2025-11-05 13:33,AGQ,78.5351,78.54,78.5351,78.54,1376
2025-11-05 13:34,AGQ,78.51,78.51,78.5,78.5,761
2025-11-05 13:35,AGQ,78.42,78.44,78.42,78.44,300
2025-11-05 13:36,AGQ,78.42,78.53,78.42,78.53,600
2025-11-05 13:37,AGQ,78.45,78.45,78.45,78.45,241
2025-11-05 13:38,AGQ,78.44,78.45,78.43,78.45,2210
2025-11-05 13:39,AGQ,78.465,78.4687,78.465,78.4687,311
2025-11-05 13:40,AGQ,78.505,78.505,78.48,78.48,400
2025-11-05 13:41,AGQ,78.43,78.43,78.33,78.33,1970
2025-11-05 13:42,AGQ,78.32,78.32,78.24,78.24,1222
2025-11-05 13:43,AGQ,78.22,78.25,78.22,78.25,8000
2025-11-05 13:44,AGQ,78.2385,78.2385,78.21,78.21,550
2025-11-05 13:45,AGQ,78.21,78.29,78.21,78.27,2110
2025-11-05 13:46,AGQ,78.275,78.29,78.26,78.29,4741
2025-11-05 13:47,AGQ,78.3035,78.3035,78.3035,78.3035,100
2025-11-05 13:48,AGQ,78.36,78.36,78.36,78.36,150
2025-11-05 13:49,AGQ,78.38,78.38,78.37,78.37,1800
2025-11-05 13:50,AGQ,78.405,78.405,78.4,78.4,1131
2025-11-05 13:51,AGQ,78.46,78.4601,78.46,78.4601,300
2025-11-05 13:52,AGQ,78.43,78.44,78.43,78.43,9071
2025-11-05 13:53,AGQ,78.43,78.44,78.42,78.42,7592
2025-11-05 13:54,AGQ,78.43,78.44,78.43,78.44,450
2025-11-05 13:55,AGQ,78.44,78.44,78.38,78.385,1226
2025-11-05 13:57,AGQ,78.37,78.39,78.37,78.39,200
2025-11-05 13:58,AGQ,78.415,78.43,78.415,78.43,700
2025-11-05 13:59,AGQ,78.43,78.43,78.411,78.411,993
2025-11-05 14:00,AGQ,78.42,78.46,78.42,78.46,400
2025-11-05 14:01,AGQ,78.45,78.54,78.45,78.54,1400
2025-11-05 14:02,AGQ,78.515,78.515,78.49,78.49,455
2025-11-05 14:03,AGQ,78.49,78.54,78.49,78.54,573
2025-11-05 14:04,AGQ,78.5392,78.5728,78.5392,78.5728,1837
2025-11-05 14:05,AGQ,78.58,78.64,78.5765,78.64,2450
2025-11-05 14:06,AGQ,78.59,78.59,78.5,78.5,1600
2025-11-05 14:07,AGQ,78.48,78.48,78.465,78.465,640
2025-11-05 14:08,AGQ,78.43,78.43,78.365,78.365,650
2025-11-05 14:09,AGQ,78.3534,78.3534,78.26,78.26,13373
2025-11-05 14:10,AGQ,78.25,78.2962,78.23,78.2962,1783
2025-11-05 14:11,AGQ,78.31,78.31,78.245,78.245,600
2025-11-05 14:12,AGQ,78.265,78.265,78.22,78.25,44012
2025-11-05 14:13,AGQ,78.2623,78.2623,78.2623,78.2623,100
2025-11-05 14:14,AGQ,78.22,78.22,78.16,78.16,27728
2025-11-05 14:15,AGQ,78.19,78.24,78.17,78.24,3176
2025-11-05 14:16,AGQ,78.23,78.28,78.2,78.28,700
2025-11-05 14:17,AGQ,78.3,78.3,78.275,78.275,2391
2025-11-05 14:18,AGQ,78.2935,78.2935,78.23,78.24,700
2025-11-05 14:19,AGQ,78.26,78.28,78.26,78.27,25180
2025-11-05 14:20,AGQ,78.2935,78.305,78.2935,78.3,385
2025-11-05 14:21,AGQ,78.33,78.33,78.29,78.29,400
2025-11-05 14:22,AGQ,78.3,78.3,78.3,78.3,200
2025-11-05 14:23,AGQ,78.29,78.29,78.28,78.28,629
2025-11-05 14:24,AGQ,78.2706,78.3,78.27,78.2844,8768
2025-11-05 14:25,AGQ,78.286,78.286,78.286,78.286,125
2025-11-05 14:26,AGQ,78.2865,78.2865,78.2865,78.2865,100
2025-11-05 14:27,AGQ,78.301,78.303,78.27,78.27,525
2025-11-05 14:28,AGQ,78.3,78.3055,78.3,78.3055,220
2025-11-05 14:29,AGQ,78.3,78.3,78.3,78.3,300
2025-11-05 14:30,AGQ,78.3028,78.3028,78.3028,78.3028,600
2025-11-05 14:31,AGQ,78.32,78.33,78.32,78.33,200
2025-11-05 14:32,AGQ,78.32,78.32,78.32,78.32,100
2025-11-05 14:33,AGQ,78.32,78.32,78.255,78.27,400
2025-11-05 14:34,AGQ,78.29,78.29,78.29,78.29,100
2025-11-05 14:35,AGQ,78.24,78.26,78.24,78.26,300
2025-11-05 14:36,AGQ,78.26,78.29,78.26,78.29,700
2025-11-05 14:37,AGQ,78.3,78.3,78.27,78.27,700
2025-11-05 14:38,AGQ,78.39,78.39,78.39,78.39,315
2025-11-05 14:39,AGQ,78.43,78.47,78.43,78.47,600
2025-11-05 14:40,AGQ,78.48,78.48,78.459,78.4658,2500
2025-11-05 14:42,AGQ,78.52,78.57,78.51,78.56,1068
2025-11-05 14:43,AGQ,78.58,78.61,78.57,78.61,1400
2025-11-05 14:44,AGQ,78.58,78.58,78.55,78.56,1500
2025-11-05 14:45,AGQ,78.53,78.53,78.53,78.53,100
2025-11-05 14:47,AGQ,78.53,78.54,78.52,78.53,800
2025-11-05 14:48,AGQ,78.46,78.4699,78.45,78.45,704
2025-11-05 14:49,AGQ,78.47,78.47,78.47,78.47,100
2025-11-05 14:50,AGQ,78.46,78.52,78.46,78.52,400
2025-11-05 14:51,AGQ,78.52,78.52,78.52,78.52,200
2025-11-05 14:52,AGQ,78.48,78.5,78.48,78.5,1200
2025-11-05 14:53,AGQ,78.53,78.53,78.53,78.53,251
2025-11-05 14:54,AGQ,78.54,78.57,78.54,78.56,1695
2025-11-05 14:55,AGQ,78.5656,78.5656,78.5656,78.5656,500
2025-11-05 14:56,AGQ,78.59,78.59,78.59,78.59,500
2025-11-05 14:57,AGQ,78.589,78.605,78.589,78.605,600
2025-11-05 14:58,AGQ,78.6,78.62,78.58,78.6,1949
2025-11-05 14:59,AGQ,78.61,78.615,78.6,78.6,837
2025-11-05 15:00,AGQ,78.59,78.68,78.57,78.66,800
2025-11-05 15:01,AGQ,78.65,78.66,78.62,78.62,2600
2025-11-05 15:02,AGQ,78.6,78.61,78.6,78.6,400
2025-11-05 15:03,AGQ,78.59,78.6,78.59,78.6,500
2025-11-05 15:04,AGQ,78.6,78.6,78.59,78.59,400
2025-11-05 15:05,AGQ,78.64,78.67,78.63,78.63,1353
2025-11-05 15:06,AGQ,78.64,78.73,78.64,78.73,1200
2025-11-05 15:07,AGQ,78.75,78.75,78.65,78.65,900
2025-11-05 15:08,AGQ,78.62,78.65,78.62,78.65,253
2025-11-05 15:09,AGQ,78.65,78.65,78.6,78.61,900
2025-11-05 15:10,AGQ,78.66,78.677,78.65,78.664,674
2025-11-05 15:11,AGQ,78.67,78.68,78.66,78.6601,15400
2025-11-05 15:12,AGQ,78.65,78.65,78.615,78.62,8189
2025-11-05 15:13,AGQ,78.6155,78.63,78.5642,78.59,1100
2025-11-05 15:14,AGQ,78.6,78.62,78.6,78.62,1725
2025-11-05 15:15,AGQ,78.63,78.685,78.63,78.685,1913
2025-11-05 15:16,AGQ,78.67,78.68,78.67,78.68,690
2025-11-05 15:17,AGQ,78.61,78.61,78.61,78.61,100
2025-11-05 15:18,AGQ,78.63,78.64,78.61,78.61,2858
2025-11-05 15:19,AGQ,78.57,78.57,78.57,78.57,200
2025-11-05 15:20,AGQ,78.58,78.6,78.57,78.6,450
2025-11-05 15:21,AGQ,78.62,78.62,78.6,78.6125,400
2025-11-05 15:22,AGQ,78.59,78.59,78.58,78.58,201
2025-11-05 15:23,AGQ,78.6,78.6,78.57,78.57,401
2025-11-05 15:24,AGQ,78.56,78.56,78.56,78.56,430
2025-11-05 15:25,AGQ,78.525,78.54,78.525,78.53,898
2025-11-05 15:26,AGQ,78.53,78.54,78.525,78.54,700
2025-11-05 15:27,AGQ,78.5,78.5,78.5,78.5,200
2025-11-05 15:28,AGQ,78.52,78.53,78.515,78.515,1590
2025-11-05 15:29,AGQ,78.5,78.5,78.4672,78.48,1100
2025-11-05 15:30,AGQ,78.48,78.52,78.48,78.52,1200
2025-11-05 15:31,AGQ,78.51,78.55,78.51,78.55,600
2025-11-05 15:32,AGQ,78.55,78.57,78.55,78.56,600
2025-11-05 15:33,AGQ,78.565,78.605,78.56,78.605,1726
2025-11-05 15:34,AGQ,78.61,78.61,78.59,78.59,1300
2025-11-05 15:35,AGQ,78.57,78.62,78.57,78.62,200
2025-11-05 15:36,AGQ,78.6105,78.6105,78.59,78.595,910
2025-11-05 15:37,AGQ,78.57,78.57,78.55,78.55,400
2025-11-05 15:38,AGQ,78.56,78.57,78.52,78.53,2681
2025-11-05 15:39,AGQ,78.56,78.57,78.56,78.57,765
2025-11-05 15:40,AGQ,78.56,78.56,78.5348,78.547,1262
2025-11-05 15:41,AGQ,78.58,78.62,78.58,78.6,1700
2025-11-05 15:42,AGQ,78.57,78.59,78.57,78.59,1100
2025-11-05 15:43,AGQ,78.54,78.54,78.51,78.51,1180
2025-11-05 15:44,AGQ,78.465,78.465,78.465,78.465,116
2025-11-05 15:45,AGQ,78.48,78.49,78.48,78.49,200
2025-11-05 15:46,AGQ,78.48,78.48,78.43,78.45,2950
2025-11-05 15:47,AGQ,78.42,78.42,78.34,78.34,6189
2025-11-05 15:48,AGQ,78.3,78.34,78.29,78.33,3200
2025-11-05 15:49,AGQ,78.33,78.35,78.31,78.32,7616
2025-11-05 15:50,AGQ,78.34,78.3465,78.3,78.3465,1522
2025-11-05 15:51,AGQ,78.3556,78.36,78.34,78.34,680
2025-11-05 15:52,AGQ,78.32,78.345,78.32,78.3336,3924
2025-11-05 15:53,AGQ,78.34,78.37,78.33,78.37,1200
2025-11-05 15:54,AGQ,78.36,78.37,78.34,78.35,1945
2025-11-05 15:55,AGQ,78.35,78.39,78.35,78.39,4104
2025-11-05 15:56,AGQ,78.39,78.39,78.35,78.3501,1720
2025-11-05 15:57,AGQ,78.34,78.35,78.33,78.33,3689
2025-11-05 15:58,AGQ,78.3399,78.3399,78.27,78.27,14973
2025-11-05 15:59,AGQ,78.27,78.33,78.26,78.29,6982
2025-11-05 16:00,AGQ,78.28,78.28,78.28,78.28,1758
2025-11-05 16:02,AGQ,78.28,78.28,78.28,78.28,300
2025-11-05 16:08,AGQ,78.15,78.15,78.15,78.15,500
2025-11-05 16:11,AGQ,77.99,77.99,77.99,77.99,113
2025-11-05 16:14,AGQ,78.06,78.06,78.06,78.06,500
2025-11-05 16:24,AGQ,78.13,78.13,78.13,78.13,282
2025-11-05 16:35,AGQ,78.11,78.11,78.1,78.1,473
2025-11-05 17:09,AGQ,77.87,77.87,77.87,77.87,160
2025-11-05 17:16,AGQ,77.9675,77.9675,77.9675,77.9675,260
2025-11-05 17:29,AGQ,77.9556,77.9556,77.9556,77.9556,274
2025-11-05 17:39,AGQ,77.96,77.96,77.96,77.96,100
2025-11-05 18:00,AGQ,77.95,77.95,77.86,77.86,1595
2025-11-05 18:03,AGQ,77.81,77.81,77.63,77.63,2100
2025-11-05 18:10,AGQ,77.64,77.64,77.64,77.64,186
2025-11-05 18:11,AGQ,77.5,77.5,77.5,77.5,100
2025-11-05 18:13,AGQ,77.5,77.5,77.5,77.5,100
2025-11-05 18:14,AGQ,77.5,77.5,77.5,77.5,1753
2025-11-05 18:15,AGQ,77.49,77.63,77.49,77.59,12028
2025-11-05 18:16,AGQ,77.7599,77.7599,77.7599,77.7599,5000
2025-11-05 18:22,AGQ,77.6999,77.6999,77.6999,77.6999,2000
2025-11-05 18:26,AGQ,77.61,77.61,77.61,77.61,100
2025-11-05 18:32,AGQ,77.6991,77.6991,77.6991,77.6991,100
2025-11-05 18:33,AGQ,77.7,77.79,77.7,77.79,455
2025-11-05 18:37,AGQ,77.8399,77.8399,77.8,77.8,2500
2025-11-05 18:38,AGQ,77.81,77.81,77.8,77.8,1500
2025-11-05 18:43,AGQ,77.88,77.88,77.88,77.88,188
2025-11-05 18:57,AGQ,77.8613,77.8613,77.8613,77.8613,257
2025-11-05 18:59,AGQ,77.9394,77.9394,77.9394,77.9394,100
2025-11-05 19:00,AGQ,77.85,77.85,77.81,77.81,356
2025-11-05 19:01,AGQ,77.83,77.83,77.83,77.83,100
2025-11-05 19:04,AGQ,77.6707,77.6707,77.6707,77.6707,260
2025-11-05 19:07,AGQ,77.7,77.7,77.7,77.7,300
2025-11-05 19:15,AGQ,78.07,78.07,78.07,78.07,500
2025-11-05 19:16,AGQ,77.98,77.98,77.98,77.98,500
2025-11-05 19:17,AGQ,77.9683,77.9683,77.9683,77.9683,100
2025-11-05 19:31,AGQ,77.97,77.97,77.97,77.97,100
2025-11-05 19:32,AGQ,78.0,78.0,77.98,77.98,213
2025-11-05 19:33,AGQ,77.98,77.98,77.95,77.95,1500
2025-11-05 19:46,AGQ,78.05,78.05,78.05,78.05,100
2025-11-05 19:52,AGQ,78.0,78.0,77.9999,78.0,1938
2025-11-06 07:00,AGQ,80.01,80.06,79.8,80.06,21576
2025-11-06 07:01,AGQ,80.1,80.1,80.1,80.1,100
2025-11-06 07:02,AGQ,80.06,80.06,80.06,80.06,100
2025-11-06 07:03,AGQ,80.13,80.13,80.01,80.01,282
2025-11-06 07:07,AGQ,80.13,80.13,80.13,80.13,552
2025-11-06 07:09,AGQ,80.1,80.1,80.1,80.1,195
2025-11-06 07:10,AGQ,79.94,79.94,79.94,79.94,500
2025-11-06 07:17,AGQ,80.0,80.0,80.0,80.0,320
2025-11-06 07:23,AGQ,79.84,79.84,79.83,79.83,2140
2025-11-06 07:24,AGQ,79.9,79.94,79.88,79.88,310
2025-11-06 07:29,AGQ,79.8,79.8,79.8,79.8,788
2025-11-06 07:40,AGQ,79.88,79.88,79.88,79.88,450
2025-11-06 07:44,AGQ,79.8,79.8,79.8,79.8,100
2025-11-06 07:47,AGQ,79.8,79.8,79.8,79.8,300
2025-11-06 07:48,AGQ,79.72,79.72,79.72,79.72,100
2025-11-06 07:49,AGQ,79.66,79.66,79.66,79.66,1665
2025-11-06 07:52,AGQ,79.84,79.84,79.78,79.78,300
2025-11-06 07:53,AGQ,79.69,79.71,79.69,79.71,300
2025-11-06 07:56,AGQ,79.6,79.6,79.6,79.6,1500
2025-11-06 08:00,AGQ,79.89,80.26,78.66,78.66,13988
2025-11-06 08:01,AGQ,78.77,80.3,78.77,80.3,25990
2025-11-06 08:02,AGQ,79.44,79.84,79.4,79.84,8840
2025-11-06 08:04,AGQ,79.61,79.61,79.61,79.61,316
2025-11-06 08:05,AGQ,79.7719,79.7719,79.7719,79.7719,281
2025-11-06 08:06,AGQ,79.8083,79.8299,79.8083,79.8299,600
2025-11-06 08:08,AGQ,79.99,79.99,79.9,79.9,1450
2025-11-06 08:10,AGQ,79.75,79.75,79.75,79.75,200
2025-11-06 08:15,AGQ,79.77,79.77,79.77,79.77,130
2025-11-06 08:16,AGQ,79.75,79.75,79.75,79.75,500
2025-11-06 08:17,AGQ,79.77,79.77,79.77,79.77,1326
2025-11-06 08:27,AGQ,79.99,79.99,79.99,79.99,200
2025-11-06 08:28,AGQ,79.86,79.86,79.78,79.78,200
2025-11-06 08:33,AGQ,79.7,79.7,79.7,79.7,200
2025-11-06 08:34,AGQ,79.6801,79.6801,79.6801,79.6801,300
2025-11-06 08:37,AGQ,80.06,80.06,80.06,80.06,200
2025-11-06 08:38,AGQ,79.86,79.9,79.86,79.9,600
2025-11-06 08:40,AGQ,79.93,79.93,79.93,79.93,500
2025-11-06 08:41,AGQ,79.75,79.75,79.75,79.75,200
2025-11-06 08:42,AGQ,79.8681,79.8681,79.8681,79.8681,316
2025-11-06 08:44,AGQ,79.7603,79.7603,79.7603,79.7603,500
2025-11-06 08:46,AGQ,79.8,79.82,79.8,79.82,225
2025-11-06 08:47,AGQ,79.8,79.8,79.8,79.8,100
2025-11-06 08:48,AGQ,79.78,79.81,79.78,79.81,600
2025-11-06 08:49,AGQ,79.7989,79.7989,79.7989,79.7989,250
2025-11-06 08:52,AGQ,79.7,79.7,79.7,79.7,300
2025-11-06 08:53,AGQ,79.65,79.65,79.65,79.65,200
2025-11-06 08:55,AGQ,79.69,79.69,79.69,79.69,100
2025-11-06 08:57,AGQ,79.66,79.66,79.6,79.6,654
2025-11-06 09:00,AGQ,79.5,79.5,79.5,79.5,300
2025-11-06 09:01,AGQ,79.4801,79.54,79.4801,79.49,700
2025-11-06 09:03,AGQ,79.4,79.5,79.3801,79.5,2600
2025-11-06 09:05,AGQ,79.46,79.46,79.46,79.46,250
2025-11-06 09:06,AGQ,79.4,79.4,79.4,79.4,580
2025-11-06 09:07,AGQ,79.3,79.3,79.3,79.3,134
2025-11-06 09:09,AGQ,79.36,79.36,79.36,79.36,100
2025-11-06 09:10,AGQ,79.33,79.3384,79.33,79.3384,400
2025-11-06 09:14,AGQ,79.35,79.3555,79.35,79.3555,1097
2025-11-06 09:15,AGQ,79.31,79.3684,79.25,79.3684,555
2025-11-06 09:16,AGQ,79.25,79.2581,79.25,79.2581,750
2025-11-06 09:18,AGQ,79.23,79.23,79.0,79.0,500
2025-11-06 09:19,AGQ,78.95,79.0,78.9481,78.9481,1200
2025-11-06 09:20,AGQ,79.0,79.0,78.78,78.78,870
2025-11-06 09:21,AGQ,78.79,78.79,78.669,78.72,33174
2025-11-06 09:22,AGQ,78.72,78.7585,78.72,78.7585,300
2025-11-06 09:23,AGQ,78.91,78.91,78.7,78.72,1138
2025-11-06 09:24,AGQ,78.74,78.74,78.74,78.74,300
2025-11-06 09:25,AGQ,78.6,78.6,78.6,78.6,100
2025-11-06 09:26,AGQ,78.54,78.54,78.42,78.42,774
2025-11-06 09:27,AGQ,78.52,78.57,78.52,78.52,1100
2025-11-06 09:29,AGQ,78.22,78.2801,78.2,78.2801,1040
2025-11-06 09:30,AGQ,78.29,78.44,78.18,78.44,14990
2025-11-06 09:31,AGQ,78.43,78.66,78.43,78.61,20754
2025-11-06 09:32,AGQ,78.641,78.662,78.6,78.62,3750
2025-11-06 09:33,AGQ,78.6725,78.7168,78.62,78.7168,6050
2025-11-06 09:34,AGQ,78.75,78.955,78.75,78.94,3597
2025-11-06 09:35,AGQ,78.92,79.0,78.86,79.0,4984
2025-11-06 09:36,AGQ,78.9899,79.02,78.93,78.93,7400
2025-11-06 09:37,AGQ,78.9728,79.0,78.8584,78.8584,4877
2025-11-06 09:38,AGQ,78.9101,79.09,78.9101,79.09,2549
2025-11-06 09:39,AGQ,79.095,79.095,78.8601,78.8601,3528
2025-11-06 09:40,AGQ,78.9099,78.9099,78.75,78.75,814
2025-11-06 09:41,AGQ,78.82,78.83,78.58,78.58,23747
2025-11-06 09:42,AGQ,78.62,78.8,78.59,78.78,22453
2025-11-06 09:43,AGQ,78.78,78.78,78.5596,78.5596,1853
2025-11-06 09:44,AGQ,78.65,78.81,78.64,78.7725,3200
2025-11-06 09:45,AGQ,78.78,78.88,78.78,78.87,9071
2025-11-06 09:46,AGQ,78.79,78.8,78.66,78.8,3249
2025-11-06 09:47,AGQ,78.84,78.9195,78.82,78.8385,3647
2025-11-06 09:48,AGQ,78.87,78.92,78.87,78.87,3812
2025-11-06 09:49,AGQ,78.85,78.88,78.77,78.86,17869
2025-11-06 09:50,AGQ,78.8525,78.89,78.71,78.73,7734
2025-11-06 09:51,AGQ,78.75,78.83,78.71,78.71,1750
2025-11-06 09:52,AGQ,78.67,78.7125,78.625,78.7125,501
2025-11-06 09:53,AGQ,78.73,78.8829,78.68,78.68,4310
2025-11-06 09:54,AGQ,78.68,78.71,78.45,78.45,1789
2025-11-06 09:55,AGQ,78.5,78.62,78.435,78.62,6017
2025-11-06 09:56,AGQ,78.5984,78.5984,78.42,78.465,6419
2025-11-06 09:57,AGQ,78.45,78.52,78.43,78.52,8631
2025-11-06 09:58,AGQ,78.5,78.58,78.47,78.47,950
2025-11-06 09:59,AGQ,78.45,78.46,78.4,78.4301,5130
2025-11-06 10:00,AGQ,78.39,78.42,78.215,78.28,3350
2025-11-06 10:01,AGQ,78.26,78.26,78.04,78.14,18844
2025-11-06 10:02,AGQ,78.01,78.0301,77.9,77.95,19623
2025-11-06 10:03,AGQ,77.99,78.15,77.86,78.11,28551
2025-11-06 10:04,AGQ,78.09,78.09,77.79,77.83,9142
2025-11-06 10:05,AGQ,77.85,78.02,77.84,77.9001,17415
2025-11-06 10:06,AGQ,77.93,78.18,77.93,78.18,10570
2025-11-06 10:07,AGQ,78.07,78.19,78.04,78.19,9418
2025-11-06 10:08,AGQ,78.08,78.15,77.9855,77.9855,3014
2025-11-06 10:09,AGQ,78.04,78.04,77.98,77.995,400
2025-11-06 10:10,AGQ,77.95,78.08,77.95,78.07,5632
2025-11-06 10:11,AGQ,78.14,78.19,78.08,78.08,18950
2025-11-06 10:12,AGQ,78.0,78.01,77.87,77.905,2464
2025-11-06 10:13,AGQ,77.9,77.9,77.71,77.84,6065
2025-11-06 10:14,AGQ,77.88,77.94,77.83,77.83,3836
2025-11-06 10:15,AGQ,77.7945,77.8,77.68,77.8,16086
2025-11-06 10:16,AGQ,77.85,77.95,77.85,77.93,1678
2025-11-06 10:17,AGQ,77.9,78.05,77.9,78.04,1100
2025-11-06 10:18,AGQ,77.99,78.24,77.99,78.23,1400
2025-11-06 10:19,AGQ,78.2,78.22,78.12,78.175,2602
2025-11-06 10:20,AGQ,78.19,78.39,78.18,78.33,5483
2025-11-06 10:21,AGQ,78.33,78.4,78.33,78.36,1111
2025-11-06 10:22,AGQ,78.475,78.475,78.43,78.44,3295
2025-11-06 10:23,AGQ,78.5,78.54,78.44,78.4906,12764
2025-11-06 10:24,AGQ,78.49,78.49,78.4,78.41,11059
2025-11-06 10:25,AGQ,78.39,78.39,78.33,78.36,1386
2025-11-06 10:26,AGQ,78.38,78.38,78.34,78.34,1132
2025-11-06 10:27,AGQ,78.29,78.29,78.2,78.2135,2400
2025-11-06 10:28,AGQ,78.2,78.22,78.2,78.22,300
2025-11-06 10:29,AGQ,78.195,78.195,78.18,78.18,2963
2025-11-06 10:30,AGQ,78.01,78.01,77.97,78.01,1438
2025-11-06 10:31,AGQ,77.93,77.93,77.93,77.93,100
2025-11-06 10:32,AGQ,77.985,77.985,77.91,77.91,200
2025-11-06 10:33,AGQ,77.83,77.83,77.62,77.72,1723
2025-11-06 10:34,AGQ,77.68,77.85,77.66,77.82,5824
2025-11-06 10:35,AGQ,77.73,77.9,77.73,77.9,6998
2025-11-06 10:36,AGQ,77.885,77.92,77.77,77.77,3490
2025-11-06 10:37,AGQ,77.78,77.78,77.415,77.415,24229
2025-11-06 10:38,AGQ,77.41,77.65,77.41,77.65,3285
2025-11-06 10:39,AGQ,77.57,77.65,77.52,77.615,5321
2025-11-06 10:40,AGQ,77.5401,77.5401,77.5401,77.5401,100
2025-11-06 10:41,AGQ,77.68,77.71,77.6,77.6,1300
2025-11-06 10:42,AGQ,77.6,77.65,77.56,77.56,1138
2025-11-06 10:43,AGQ,77.62,77.62,77.5,77.54,983
2025-11-06 10:44,AGQ,77.52,77.52,77.3,77.321,2095
2025-11-06 10:45,AGQ,77.36,77.54,77.36,77.54,445
2025-11-06 10:46,AGQ,77.62,77.62,77.62,77.62,200
2025-11-06 10:47,AGQ,77.5001,77.5001,77.2,77.2,13636
2025-11-06 10:48,AGQ,77.22,77.39,77.215,77.3584,12819
2025-11-06 10:49,AGQ,77.39,77.39,77.2,77.2475,1853
2025-11-06 10:50,AGQ,77.39,77.43,77.386,77.386,14950
2025-11-06 10:51,AGQ,77.3725,77.52,77.3725,77.43,600
2025-11-06 10:52,AGQ,77.4301,77.4301,77.33,77.37,2710
2025-11-06 10:53,AGQ,77.37,77.39,77.325,77.325,2397
2025-11-06 10:54,AGQ,77.42,77.455,77.41,77.41,551
2025-11-06 10:55,AGQ,77.5,77.5,77.44,77.45,500
2025-11-06 10:56,AGQ,77.36,77.36,77.36,77.36,100
2025-11-06 10:57,AGQ,77.25,77.365,77.25,77.35,538
2025-11-06 10:58,AGQ,77.34,77.35,77.32,77.3225,2013
2025-11-06 10:59,AGQ,77.32,77.32,77.32,77.32,200
2025-11-06 11:00,AGQ,77.33,77.38,77.28,77.38,3479
2025-11-06 11:01,AGQ,77.42,77.44,77.42,77.44,700
2025-11-06 11:02,AGQ,77.55,77.6,77.5,77.5,3449
2025-11-06 11:04,AGQ,77.54,77.63,77.54,77.63,600
2025-11-06 11:05,AGQ,77.63,77.63,77.62,77.63,1208
2025-11-06 11:06,AGQ,77.5195,77.5195,77.4215,77.43,2300
2025-11-06 11:07,AGQ,77.51,77.57,77.41,77.41,3900
2025-11-06 11:08,AGQ,77.4723,77.4723,77.4723,77.4723,2500
2025-11-06 11:09,AGQ,77.52,77.52,77.4996,77.4996,300
2025-11-06 11:10,AGQ,77.55,77.55,77.5001,77.5001,1530
2025-11-06 11:11,AGQ,77.58,77.58,77.46,77.48,1578
2025-11-06 11:12,AGQ,77.445,77.445,77.31,77.31,1250
2025-11-06 11:13,AGQ,77.3,77.34,77.27,77.34,1400
2025-11-06 11:14,AGQ,77.46,77.46,77.43,77.45,887
2025-11-06 11:15,AGQ,77.5,77.5,77.46,77.46,1811
2025-11-06 11:16,AGQ,77.42,77.5,77.33,77.33,400
2025-11-06 11:17,AGQ,77.3216,77.33,77.29,77.3,1281
2025-11-06 11:18,AGQ,77.25,77.25,77.11,77.17,10498
2025-11-06 11:19,AGQ,77.1062,77.27,77.08,77.26,7213
2025-11-06 11:20,AGQ,77.29,77.29,77.2,77.29,3800
2025-11-06 11:21,AGQ,77.33,77.35,77.228,77.35,5138
2025-11-06 11:22,AGQ,77.29,77.3,77.245,77.27,2517
2025-11-06 11:23,AGQ,77.21,77.21,77.2,77.2008,2299
2025-11-06 11:24,AGQ,77.255,77.27,77.255,77.27,1175
2025-11-06 11:25,AGQ,77.21,77.21,77.2,77.2,1560
2025-11-06 11:26,AGQ,77.35,77.35,77.34,77.34,300
2025-11-06 11:27,AGQ,77.330735,77.3965,77.330735,77.3965,1400
2025-11-06 11:28,AGQ,77.45,77.45,77.45,77.45,200
2025-11-06 11:29,AGQ,77.5,77.55,77.5,77.55,1700
2025-11-06 11:30,AGQ,77.48,77.48,77.42,77.45,2030
2025-11-06 11:31,AGQ,77.45,77.48,77.4,77.4,2001
2025-11-06 11:32,AGQ,77.3897,77.48,77.34,77.48,2045
2025-11-06 11:33,AGQ,77.46,77.47,77.43,77.43,2116
2025-11-06 11:34,AGQ,77.41,77.44,77.34,77.37,1250
2025-11-06 11:35,AGQ,77.4,77.41,77.12,77.23,4821
2025-11-06 11:36,AGQ,77.16,77.24,77.14,77.24,1100
2025-11-06 11:37,AGQ,77.27,77.35,77.23,77.26,2600
2025-11-06 11:38,AGQ,77.28,77.4397,77.28,77.4105,32486
2025-11-06 11:39,AGQ,77.46,77.49,77.41,77.47,2700
2025-11-06 11:40,AGQ,77.48,77.48,77.38,77.4,950
2025-11-06 11:41,AGQ,77.41,77.41,77.29,77.29,2300
2025-11-06 11:42,AGQ,77.29,77.39,77.29,77.39,1100
2025-11-06 11:43,AGQ,77.3557,77.37,77.27,77.31,7400
2025-11-06 11:44,AGQ,77.3,77.42,77.3,77.37,1100
2025-11-06 11:45,AGQ,77.39,77.48,77.39,77.46,1515
2025-11-06 11:46,AGQ,77.49,77.57,77.49,77.51,1600
2025-11-06 11:47,AGQ,77.48,77.48,77.355,77.39,2300
2025-11-06 11:48,AGQ,77.33,77.33,77.31,77.31,300
2025-11-06 11:49,AGQ,77.33,77.34,77.29,77.34,1100
2025-11-06 11:50,AGQ,77.36,77.51,77.36,77.48,1400
2025-11-06 11:51,AGQ,77.55,77.56,77.52,77.52,500
2025-11-06 11:52,AGQ,77.5,77.67,77.5,77.67,5462
2025-11-06 11:53,AGQ,77.7,77.755,77.6797,77.6797,5203
2025-11-06 11:54,AGQ,77.66,77.7,77.64,77.67,3487
2025-11-06 11:55,AGQ,77.65,77.65,77.52,77.565,1103
2025-11-06 11:56,AGQ,77.6,77.61,77.43,77.43,1152
2025-11-06 11:57,AGQ,77.45,77.5,77.45,77.5,300
2025-11-06 11:58,AGQ,77.51,77.52,77.51,77.52,300
2025-11-06 12:00,AGQ,77.59,77.68,77.56,77.59,3964
2025-11-06 12:01,AGQ,77.64,77.66,77.58,77.625,700
2025-11-06 12:02,AGQ,77.66,77.73,77.66,77.73,604
2025-11-06 12:03,AGQ,77.74,77.74,77.71,77.71,1400
2025-11-06 12:04,AGQ,77.69,77.79,77.69,77.77,1600
2025-11-06 12:05,AGQ,77.77,77.82,77.76,77.82,6230
2025-11-06 12:06,AGQ,77.79,77.84,77.73,77.8141,10822
2025-11-06 12:07,AGQ,77.83,77.83,77.6,77.6,2600
2025-11-06 12:08,AGQ,77.65,77.66,77.61,77.62,1100
2025-11-06 12:09,AGQ,77.65,77.74,77.65,77.74,1255
2025-11-06 12:10,AGQ,77.8,77.87,77.79,77.86,5788
2025-11-06 12:11,AGQ,77.83,77.89,77.83,77.85,9768
2025-11-06 12:12,AGQ,77.82,77.82,77.69,77.69,16700
2025-11-06 12:13,AGQ,77.67,77.75,77.65,77.6806,1100
2025-11-06 12:14,AGQ,77.67,77.67,77.4907,77.4907,3641
2025-11-06 12:15,AGQ,77.45,77.45,77.3825,77.42,9057
2025-11-06 12:16,AGQ,77.42,77.42,77.36,77.36,300
2025-11-06 12:17,AGQ,77.26,77.31,77.26,77.31,2600
2025-11-06 12:18,AGQ,77.38,77.38,77.32,77.3516,3015
2025-11-06 12:19,AGQ,77.34,77.34,77.34,77.34,100
2025-11-06 12:20,AGQ,77.4025,77.41,77.4025,77.41,1100
2025-11-06 12:21,AGQ,77.19,77.19,77.1399,77.1399,2800
2025-11-06 12:22,AGQ,77.1,77.1,76.845,76.87,35897
2025-11-06 12:23,AGQ,76.99,77.01,76.66,76.665,13861
2025-11-06 12:24,AGQ,76.7,76.73,76.625,76.625,6216
2025-11-06 12:25,AGQ,76.58,76.72,76.57,76.6375,8928
2025-11-06 12:26,AGQ,76.66,76.66,76.5425,76.5425,3828
2025-11-06 12:27,AGQ,76.5,76.695,76.48,76.695,20820
2025-11-06 12:28,AGQ,76.7227,76.78,76.7,76.77,12282
2025-11-06 12:29,AGQ,76.78,76.8449,76.71,76.84,21440
2025-11-06 12:30,AGQ,76.74,76.81,76.66,76.81,1000
2025-11-06 12:31,AGQ,76.7632,76.7632,76.7,76.7,5049
2025-11-06 12:32,AGQ,76.85,76.89,76.84,76.89,1100
2025-11-06 12:33,AGQ,77.01,77.0147,76.99,77.0147,679
2025-11-06 12:34,AGQ,77.005,77.005,76.9205,76.9205,1800
2025-11-06 12:35,AGQ,77.0,77.09,76.93,77.08,7010
2025-11-06 12:36,AGQ,77.0792,77.0792,77.05,77.05,880
2025-11-06 12:37,AGQ,77.04,77.05,77.04,77.05,297
2025-11-06 12:38,AGQ,77.05,77.2,77.05,77.2,660
2025-11-06 12:39,AGQ,77.19,77.19,77.1,77.16,5512
2025-11-06 12:40,AGQ,77.22,77.24,77.21,77.24,1195
2025-11-06 12:41,AGQ,77.26,77.32,77.255,77.295,5368
2025-11-06 12:42,AGQ,77.35,77.4199,77.35,77.4199,2390
2025-11-06 12:43,AGQ,77.52,77.52,77.52,77.52,402
2025-11-06 12:44,AGQ,77.52,77.565,77.52,77.565,2265
2025-11-06 12:45,AGQ,77.58,77.595,77.54,77.595,7638
2025-11-06 12:46,AGQ,77.6,77.6719,77.58,77.58,2272
2025-11-06 12:47,AGQ,77.55,77.56,77.5,77.54,2000
2025-11-06 12:48,AGQ,77.5475,77.65,77.5475,77.64,800
2025-11-06 12:49,AGQ,77.62,77.62,77.56,77.56,625
2025-11-06 12:50,AGQ,77.59,77.69,77.58,77.67,4829
2025-11-06 12:51,AGQ,77.66,77.761,77.66,77.76,1700
2025-11-06 12:52,AGQ,77.78,77.98,77.78,77.96,16401
2025-11-06 12:53,AGQ,77.94,77.94,77.82,77.84,4324
2025-11-06 12:54,AGQ,77.83,77.9099,77.83,77.9096,9101
2025-11-06 12:55,AGQ,77.99,78.0,77.95,78.0,950
2025-11-06 12:56,AGQ,77.98,78.02,77.96,77.98,3280
2025-11-06 12:57,AGQ,77.96,77.97,77.85,77.85,3000
2025-11-06 12:58,AGQ,77.85,77.92,77.85,77.88,3265
2025-11-06 12:59,AGQ,77.86,77.86,77.86,77.86,600
2025-11-06 13:00,AGQ,77.88,77.88,77.88,77.88,100
2025-11-06 13:01,AGQ,77.87,77.885,77.865,77.885,1211
2025-11-06 13:02,AGQ,77.88,77.94,77.88,77.93,1400
2025-11-06 13:03,AGQ,77.9,77.93,77.865,77.87,4995
2025-11-06 13:04,AGQ,77.85,77.85,77.76,77.76,600
2025-11-06 13:05,AGQ,77.72,77.77,77.68,77.68,7100
2025-11-06 13:06,AGQ,77.69,77.69,77.58,77.6,15981
2025-11-06 13:07,AGQ,77.6,77.68,77.59,77.66,1000
2025-11-06 13:08,AGQ,77.68,77.77,77.68,77.77,5136
2025-11-06 13:09,AGQ,77.72,77.74,77.64,77.67,13842
2025-11-06 13:10,AGQ,77.772,77.772,77.772,77.772,200
2025-11-06 13:11,AGQ,77.7,77.79,77.7,77.79,1500
2025-11-06 13:12,AGQ,77.77,77.77,77.76,77.76,500
2025-11-06 13:13,AGQ,77.79,77.8,77.79,77.8,1610
2025-11-06 13:14,AGQ,77.8,77.84,77.79,77.84,800
2025-11-06 13:15,AGQ,77.9,77.91,77.86,77.9,1278
2025-11-06 13:16,AGQ,77.9,78.0,77.9,78.0,1004
2025-11-06 13:17,AGQ,77.935,77.975,77.935,77.975,333
2025-11-06 13:18,AGQ,78.04,78.04,77.99,77.99,1000
2025-11-06 13:19,AGQ,77.975,77.975,77.955,77.955,480
2025-11-06 13:20,AGQ,78.0,78.07,78.0,78.07,1100
2025-11-06 13:21,AGQ,78.05,78.05,78.04,78.04,400
2025-11-06 13:22,AGQ,78.0201,78.0201,78.0201,78.0201,150
2025-11-06 13:23,AGQ,78.03,78.09,78.03,78.09,4382
2025-11-06 13:24,AGQ,78.09,78.26,78.09,78.24,6229
2025-11-06 13:25,AGQ,78.26,78.26,78.18,78.18,5321
2025-11-06 13:26,AGQ,78.14,78.15,78.14,78.14,2898
2025-11-06 13:27,AGQ,78.1465,78.1465,78.1465,78.1465,300
2025-11-06 13:28,AGQ,78.03,78.0413,78.01,78.01,2100
2025-11-06 13:29,AGQ,77.99,77.99,77.95,77.96,600
2025-11-06 13:30,AGQ,78.0,78.06,78.0,78.06,2840
2025-11-06 13:31,AGQ,78.05,78.16,78.05,78.1524,4884
2025-11-06 13:32,AGQ,78.165,78.18,78.12,78.142,1459
2025-11-06 13:33,AGQ,78.17,78.24,78.17,78.17,3012
2025-11-06 13:34,AGQ,78.1705,78.1705,78.1705,78.1705,740
2025-11-06 13:35,AGQ,78.145,78.145,78.1,78.1,488
2025-11-06 13:36,AGQ,78.2,78.2,78.2,78.2,549
2025-11-06 13:39,AGQ,78.307,78.39,78.307,78.39,650
2025-11-06 13:40,AGQ,78.43,78.5,78.43,78.47,2608
2025-11-06 13:41,AGQ,78.4204,78.46,78.4204,78.46,1100
2025-11-06 13:42,AGQ,78.45,78.49,78.45,78.49,500
2025-11-06 13:43,AGQ,78.52,78.52,78.43,78.4452,2512
2025-11-06 13:45,AGQ,78.405,78.405,78.3201,78.337,835
2025-11-06 13:46,AGQ,78.34,78.34,78.27,78.27,868
2025-11-06 13:47,AGQ,78.27,78.3401,78.27,78.3401,1700
2025-11-06 13:48,AGQ,78.38,78.4434,78.38,78.43,2400
2025-11-06 13:49,AGQ,78.45,78.45,78.45,78.45,100
2025-11-06 13:50,AGQ,78.4505,78.58,78.4505,78.58,1659
2025-11-06 13:51,AGQ,78.53,78.53,78.4901,78.4901,1300
2025-11-06 13:52,AGQ,78.4301,78.4301,78.4301,78.4301,100
2025-11-06 13:53,AGQ,78.4,78.4,78.4,78.4,100
2025-11-06 13:54,AGQ,78.43,78.43,78.43,78.43,100
2025-11-06 13:55,AGQ,78.37,78.37,78.36,78.36,2029
2025-11-06 13:56,AGQ,78.34,78.39,78.34,78.35,800
2025-11-06 13:57,AGQ,78.2772,78.2772,78.2772,78.2772,1000
2025-11-06 13:58,AGQ,78.28,78.28,78.23,78.265,1627
2025-11-06 13:59,AGQ,78.27,78.29,78.27,78.29,2771
2025-11-06 14:00,AGQ,78.23,78.25,78.22,78.25,3459
2025-11-06 14:01,AGQ,78.36,78.375,78.345,78.345,300
2025-11-06 14:02,AGQ,78.27,78.27,78.27,78.27,200
2025-11-06 14:03,AGQ,78.22,78.23,78.22,78.23,200
2025-11-06 14:04,AGQ,78.43,78.43,78.405,78.405,3591
2025-11-06 14:05,AGQ,78.4,78.4199,78.4,78.4199,2846
2025-11-06 14:06,AGQ,78.5,78.52,78.5,78.52,537
2025-11-06 14:07,AGQ,78.54,78.55,78.52,78.5299,4200
2025-11-06 14:08,AGQ,78.53,78.53,78.44,78.47,939
2025-11-06 14:09,AGQ,78.41,78.41,78.41,78.41,2861
2025-11-06 14:10,AGQ,78.435,78.45,78.435,78.45,775
2025-11-06 14:11,AGQ,78.47,78.51,78.47,78.51,500
2025-11-06 14:12,AGQ,78.6,78.6001,78.6,78.6001,200
2025-11-06 14:13,AGQ,78.58,78.65,78.58,78.65,2750
2025-11-06 14:14,AGQ,78.6898,78.6898,78.6898,78.6898,100
2025-11-06 14:15,AGQ,78.6897,78.7,78.6897,78.7,605
2025-11-06 14:17,AGQ,78.63,78.64,78.53,78.53,500
2025-11-06 14:18,AGQ,78.54,78.54,78.54,78.54,301
2025-11-06 14:19,AGQ,78.58,78.61,78.57,78.585,4402
2025-11-06 14:20,AGQ,78.54,78.61,78.54,78.61,200
2025-11-06 14:21,AGQ,78.557431,78.557431,78.557431,78.557431,250
2025-11-06 14:22,AGQ,78.5374,78.6,78.5374,78.59,1400
2025-11-06 14:23,AGQ,78.61,78.61,78.61,78.61,100
2025-11-06 14:25,AGQ,78.58,78.58,78.58,78.58,200
2025-11-06 14:27,AGQ,78.58,78.58,78.58,78.58,200
2025-11-06 14:28,AGQ,78.6,78.62,78.6,78.62,500
2025-11-06 14:29,AGQ,78.61,78.61,78.5668,78.5668,628
2025-11-06 14:31,AGQ,78.5,78.51,78.5,78.51,4329
2025-11-06 14:32,AGQ,78.56,78.572,78.56,78.572,859
2025-11-06 14:34,AGQ,78.55,78.57,78.55,78.57,800
2025-11-06 14:35,AGQ,78.575,78.575,78.57,78.57,267
2025-11-06 14:37,AGQ,78.5799,78.615,78.5799,78.615,750
2025-11-06 14:39,AGQ,78.54,78.54,78.54,78.54,100
2025-11-06 14:40,AGQ,78.51,78.52,78.51,78.515,1770
2025-11-06 14:41,AGQ,78.47,78.47,78.41,78.44,1300
2025-11-06 14:42,AGQ,78.44,78.44,78.44,78.44,135
2025-11-06 14:43,AGQ,78.3901,78.48,78.39,78.48,19528
2025-11-06 14:44,AGQ,78.47,78.48,78.46,78.46,1730
2025-11-06 14:45,AGQ,78.4701,78.4756,78.4701,78.4756,350
2025-11-06 14:46,AGQ,78.41,78.41,78.41,78.41,100
2025-11-06 14:47,AGQ,78.28,78.2999,78.26,78.2999,4261
2025-11-06 14:48,AGQ,78.31,78.35,78.272,78.296,1690
2025-11-06 14:49,AGQ,78.3081,78.3081,78.2,78.23,4258
2025-11-06 14:50,AGQ,78.202,78.202,78.16,78.16,500
2025-11-06 14:51,AGQ,78.31,78.31,78.18,78.18,1017
2025-11-06 14:52,AGQ,78.13,78.17,78.0501,78.17,2800
2025-11-06 14:53,AGQ,78.19,78.26,78.18,78.26,600
2025-11-06 14:54,AGQ,78.29,78.34,78.29,78.34,250
2025-11-06 14:55,AGQ,78.3301,78.3301,78.3301,78.3301,100
2025-11-06 14:56,AGQ,78.4,78.41,78.4,78.41,300
2025-11-06 14:57,AGQ,78.44,78.4801,78.44,78.4801,490
2025-11-06 14:58,AGQ,78.48,78.5,78.48,78.5,775
2025-11-06 14:59,AGQ,78.4,78.4,78.4,78.4,100
2025-11-06 15:00,AGQ,78.39,78.415,78.39,78.4,837
2025-11-06 15:01,AGQ,78.41,78.42,78.4,78.42,3400
2025-11-06 15:02,AGQ,78.37,78.38,78.31,78.33,700
2025-11-06 15:03,AGQ,78.375,78.39,78.36,78.39,550
2025-11-06 15:04,AGQ,78.3,78.32,78.3,78.32,700
2025-11-06 15:05,AGQ,78.3227,78.37,78.3227,78.37,700
2025-11-06 15:06,AGQ,78.336,78.336,78.32,78.32,300
2025-11-06 15:07,AGQ,78.302,78.3395,78.302,78.3395,250
2025-11-06 15:08,AGQ,78.29,78.325,78.28,78.28,1500
2025-11-06 15:09,AGQ,78.29,78.32,78.275,78.311,3619
2025-11-06 15:10,AGQ,78.3,78.3,78.3,78.3,100
2025-11-06 15:11,AGQ,78.32,78.32,78.32,78.32,200
2025-11-06 15:12,AGQ,78.235,78.245,78.1,78.1,16600
2025-11-06 15:13,AGQ,78.13,78.14,78.09,78.105,91265
2025-11-06 15:14,AGQ,78.12,78.14,78.09,78.1001,30139
2025-11-06 15:15,AGQ,78.09,78.09,78.01,78.03,54594
2025-11-06 15:16,AGQ,78.03,78.03,77.96,78.0,40169
2025-11-06 15:17,AGQ,78.0,78.01,77.985,77.995595,1781
2025-11-06 15:18,AGQ,78.03,78.1399,78.03,78.12,800
2025-11-06 15:19,AGQ,78.115,78.14,78.115,78.13,533
2025-11-06 15:20,AGQ,78.15,78.15,78.09,78.09,400
2025-11-06 15:21,AGQ,78.108,78.14,78.108,78.14,234
2025-11-06 15:22,AGQ,78.14,78.14,78.14,78.14,300
2025-11-06 15:23,AGQ,78.142,78.142,78.0899,78.0899,328
2025-11-06 15:24,AGQ,78.08,78.08,78.07,78.07,350
2025-11-06 15:25,AGQ,78.03,78.09,78.03,78.07,300
2025-11-06 15:26,AGQ,78.09,78.09,78.09,78.09,200
2025-11-06 15:27,AGQ,78.07,78.07,78.04,78.04,200
2025-11-06 15:28,AGQ,78.04,78.04,78.04,78.04,100
2025-11-06 15:29,AGQ,77.9967,77.9967,77.921,77.921,2805
2025-11-06 15:30,AGQ,77.96,78.0,77.96,77.98,1191
2025-11-06 15:31,AGQ,78.01,78.04,78.01,78.04,200
2025-11-06 15:32,AGQ,78.0,78.0,78.0,78.0,100
2025-11-06 15:33,AGQ,78.09,78.09,78.05,78.09,2045
2025-11-06 15:35,AGQ,78.1496,78.1496,78.1496,78.1496,200
2025-11-06 15:36,AGQ,78.1,78.1,78.1,78.1,200
2025-11-06 15:37,AGQ,78.12,78.12,78.1,78.1,252
2025-11-06 15:38,AGQ,78.08,78.08,78.04,78.04,1000
2025-11-06 15:39,AGQ,78.03,78.0301,77.9801,77.9801,1000
2025-11-06 15:40,AGQ,78.0309,78.06,78.0309,78.06,400
2025-11-06 15:41,AGQ,77.98,77.98,77.97,77.98,2504
2025-11-06 15:42,AGQ,77.98,77.98,77.96,77.96,600
2025-11-06 15:43,AGQ,77.9,77.9,77.88,77.88,431
2025-11-06 15:44,AGQ,77.91,77.99,77.9,77.99,1610
2025-11-06 15:45,AGQ,77.96,77.97,77.91,77.95,4901
2025-11-06 15:46,AGQ,77.89,77.89,77.85,77.85,200
2025-11-06 15:47,AGQ,77.86,77.9,77.83,77.83,1530
2025-11-06 15:48,AGQ,77.87,77.87,77.87,77.87,500
2025-11-06 15:49,AGQ,77.8403,77.841,77.83,77.83,1681
2025-11-06 15:50,AGQ,77.82,77.83,77.79,77.8,1250
2025-11-06 15:51,AGQ,77.845,77.845,77.83,77.83,383
2025-11-06 15:52,AGQ,77.91,77.93,77.8604,77.9199,3073
2025-11-06 15:53,AGQ,77.88,77.91,77.88,77.91,1121
2025-11-06 15:54,AGQ,77.8,77.82,77.8,77.82,11600
2025-11-06 15:55,AGQ,77.79,77.87,77.78,77.86,3065
2025-11-05 15:45,AMD,257.21,257.6098,257.1513,257.5284,72753
2025-11-05 15:46,AMD,257.513,257.6399,257.31,257.345,66818
2025-11-05 15:47,AMD,257.31,257.31,257.05,257.19,61650
2025-11-05 15:48,AMD,257.2026,257.54,257.1,257.4899,48762
2025-11-05 15:49,AMD,257.4304,257.53,257.35,257.3851,103177
2025-11-05 15:50,AMD,257.39,257.42,257.01,257.05,87662
2025-11-05 15:51,AMD,257.1177,257.439,256.89,256.93,102722
2025-11-05 15:52,AMD,256.95,257.01,256.4,256.4,125752
2025-11-05 15:53,AMD,256.43,257.05,256.43,257.05,113649
2025-11-05 15:54,AMD,257.1,257.5,256.811,257.42,131813
2025-11-05 15:55,AMD,257.4,257.92,257.3101,257.51,151325
2025-11-05 15:56,AMD,257.5,257.51,256.97,257.0,116322
2025-11-05 15:57,AMD,257.02,257.04,256.28,256.42,181497
2025-11-05 15:58,AMD,256.44,256.62,256.05,256.21,241724
2025-11-05 15:59,AMD,256.21,256.95,255.5,255.96,579201
2025-11-05 16:00,AMD,255.81,256.33,255.5,256.05,5051003
2025-11-05 16:01,AMD,256.06,256.33,255.53,255.71,17574
2025-11-05 16:02,AMD,255.7,256.33,255.53,256.33,7813
2025-11-05 16:03,AMD,255.59,256.33,255.03,255.3,64609
2025-11-05 16:04,AMD,255.48,255.75,255.31,255.66,7099
2025-11-05 16:05,AMD,255.5,255.75,255.5,255.61,3481
2025-11-05 16:06,AMD,255.7499,256.33,255.6,255.7,7616
2025-11-05 16:07,AMD,255.71,255.7488,255.6,255.6745,5633
2025-11-05 16:08,AMD,255.7,256.33,255.43,255.5,13293
2025-11-05 16:09,AMD,255.5,255.64,255.5,255.58,5274
2025-11-05 16:10,AMD,255.64,256.33,255.25,255.25,13380
2025-11-05 16:11,AMD,255.19,255.35,255.0,255.1,18773
2025-11-05 16:12,AMD,255.1899,255.1899,254.95,255.15,10495
2025-11-05 16:13,AMD,255.15,255.1501,255.0,255.0,4358
2025-11-05 16:14,AMD,255.07,256.33,254.91,256.33,6945
2025-11-05 16:15,AMD,254.9908,255.35,254.99,255.35,5252
2025-11-05 16:16,AMD,255.4304,255.49,255.25,255.4899,3620
2025-11-05 16:17,AMD,255.41,255.78,251.65,255.55,8113
2025-11-05 16:18,AMD,255.56,255.65,255.55,255.65,2954
2025-11-05 16:19,AMD,255.68,256.33,255.68,255.82,27415
2025-11-05 16:20,AMD,256.33,256.33,255.64,255.65,8273
2025-11-05 16:21,AMD,255.76,255.88,255.7,255.85,5292
2025-11-05 16:22,AMD,255.8687,255.8687,255.65,255.65,3395
2025-11-05 16:23,AMD,255.8356,255.8469,255.63,255.6503,2600
2025-11-05 16:24,AMD,256.33,256.33,255.65,255.82,100175
2025-11-05 16:25,AMD,255.8283,255.8283,255.66,255.66,1325
2025-11-05 16:26,AMD,255.68,255.7,255.6,255.6004,2480
2025-11-05 16:27,AMD,255.75,255.82,255.75,255.82,670
2025-11-05 16:28,AMD,255.77,255.82,255.77,255.82,349
2025-11-05 16:29,AMD,255.74,255.79,255.71,255.79,1059
2025-11-05 16:30,AMD,255.63,255.7854,255.63,255.65,1548
2025-11-05 16:31,AMD,255.65,255.67,255.6,255.67,1398
2025-11-05 16:32,AMD,255.7,255.77,255.6145,255.6145,707
2025-11-05 16:33,AMD,255.7789,255.84,255.69,255.83,4814
2025-11-05 16:34,AMD,255.81,255.8399,255.78,255.825,6035
2025-11-05 16:35,AMD,255.82,255.8395,255.64,255.82,6236
2025-11-05 16:36,AMD,255.8335,256.13,255.7857,256.13,1800
2025-11-05 16:37,AMD,256.1798,256.1798,256.0,256.15,7430
2025-11-05 16:38,AMD,256.1,256.25,256.1,256.1939,7130
2025-11-05 16:39,AMD,256.15,256.17,256.0001,256.17,2056
2025-11-05 16:40,AMD,256.25,256.38,256.17,256.38,1038
2025-11-05 16:41,AMD,256.5,256.5,256.3,256.35,628
2025-11-05 16:42,AMD,256.35,256.4412,256.093,256.25,2270
2025-11-05 16:43,AMD,256.05,256.27,256.05,256.27,200
2025-11-05 16:44,AMD,256.19,256.2,256.1,256.11,3556
2025-11-05 16:45,AMD,256.1,256.1894,255.89,255.89,2758
2025-11-05 16:46,AMD,256.0,256.0,255.85,255.87,1600
2025-11-05 16:47,AMD,255.8345,255.88,255.6,255.6,7685
2025-11-05 16:48,AMD,255.6,255.64,255.6,255.64,2831
2025-11-05 16:49,AMD,255.79,255.79,255.56,255.56,2899
2025-11-05 16:50,AMD,255.58,255.58,255.58,255.58,600
2025-11-05 16:53,AMD,255.6,255.6,255.54,255.54,300
2025-11-05 16:54,AMD,255.5,255.5,255.4,255.4001,1647
2025-11-05 16:55,AMD,255.2701,255.42,255.2701,255.31,1067
2025-11-05 16:56,AMD,255.42,255.5,255.42,255.5,660
2025-11-05 16:57,AMD,255.3517,255.4989,255.3517,255.4989,206
2025-11-05 16:58,AMD,255.5,255.5,255.35,255.4879,746
2025-11-05 17:00,AMD,255.35,255.48,255.35,255.3601,449
2025-11-05 17:01,AMD,255.3755,255.3755,255.36,255.3602,1560
2025-11-05 17:02,AMD,255.5,255.52,255.5,255.52,569
2025-11-05 17:03,AMD,255.5,255.5,255.5,255.5,148
2025-11-05 17:04,AMD,255.4,255.5592,255.4,255.5592,750
2025-11-05 17:05,AMD,255.58,255.6999,255.5156,255.6999,1041
2025-11-05 17:06,AMD,255.61,255.7197,255.61,255.6101,1630
2025-11-05 17:07,AMD,255.65,255.72,255.65,255.69,710
2025-11-05 17:08,AMD,255.76,256.33,255.76,256.33,10907
2025-11-05 17:09,AMD,255.89,255.9487,255.8,255.8013,1250
2025-11-05 17:10,AMD,255.8,255.95,255.6101,255.66,1741
2025-11-05 17:11,AMD,255.616,255.72,255.616,255.72,482
2025-11-05 17:12,AMD,255.6458,255.7239,255.6458,255.7,700
2025-11-05 17:13,AMD,255.69,255.7231,255.67,255.6926,400
2025-11-05 17:14,AMD,255.73,255.73,255.69,255.69,651
2025-11-05 17:15,AMD,255.8,255.9,255.8,255.9,267
2025-11-05 17:16,AMD,255.84,256.0,255.84,256.0,1860
2025-11-05 17:17,AMD,256.0481,256.05,256.0481,256.05,283
2025-11-05 17:18,AMD,256.0501,256.2,256.0501,256.2,700
2025-11-05 17:19,AMD,256.25,256.3,256.2365,256.3,1893
2025-11-05 17:20,AMD,256.1,256.2999,256.1,256.2946,1123
2025-11-05 17:21,AMD,256.205,256.25,256.2,256.25,810
2025-11-05 17:22,AMD,256.1,256.1,256.0,256.0,1540
2025-11-05 17:23,AMD,256.05,256.05,255.843,255.843,1076
2025-11-05 17:24,AMD,255.97,256.2,255.85,256.2,1548
2025-11-05 17:25,AMD,256.02,256.02,256.02,256.02,100
2025-11-05 17:26,AMD,256.07,256.07,256.07,256.07,131
2025-11-05 17:27,AMD,256.01,256.01,256.01,256.01,228
2025-11-05 17:29,AMD,255.87,255.87,255.67,255.67,674
2025-11-05 17:30,AMD,255.6825,255.6825,255.6118,255.67,1010
2025-11-05 17:31,AMD,255.61,255.7,255.61,255.7,399
2025-11-05 17:32,AMD,255.64,255.64,255.64,255.64,404
2025-11-05 17:33,AMD,255.5,255.5,255.5,255.5,965
2025-11-05 17:34,AMD,255.4771,255.4771,255.4771,255.4771,100
2025-11-05 17:35,AMD,255.52,255.59,255.52,255.52,2196
2025-11-05 17:36,AMD,255.64,255.64,255.64,255.64,100
2025-11-05 17:38,AMD,255.67,255.75,255.67,255.7389,1326
2025-11-05 17:40,AMD,255.79,255.79,255.61,255.61,854
2025-11-05 17:41,AMD,255.6,255.7,255.6,255.7,500
2025-11-05 17:42,AMD,255.7,255.75,255.69,255.75,510
2025-11-05 17:43,AMD,255.75,255.75,255.62,255.62,476
2025-11-05 17:44,AMD,255.7,255.7,255.7,255.7,200
2025-11-05 17:45,AMD,255.6,255.7,255.6,255.7,939
2025-11-05 17:47,AMD,255.74,255.75,255.74,255.75,303
2025-11-05 17:48,AMD,255.75,255.75,255.75,255.75,112
2025-11-05 17:50,AMD,256.0,256.0,256.0,256.0,200
2025-11-05 17:52,AMD,255.85,255.87,255.82,255.87,1496
2025-11-05 17:53,AMD,255.7924,255.7924,255.7924,255.7924,135
2025-11-05 17:54,AMD,256.0,256.0,255.6674,255.6674,240
2025-11-05 17:55,AMD,256.0,256.0,256.0,256.0,133
2025-11-05 17:56,AMD,255.6812,255.6812,255.6812,255.6812,220
2025-11-05 17:57,AMD,255.77,255.88,255.63,255.63,1227
2025-11-05 17:58,AMD,255.8701,255.9,255.8216,255.9,400
2025-11-05 17:59,AMD,255.9795,255.9916,255.88,255.88,300
2025-11-05 18:00,AMD,255.82,256.0,255.82,255.99,2701
2025-11-05 18:01,AMD,255.999,255.999,255.99,255.99,685
2025-11-05 18:02,AMD,255.9985,256.0,255.91,256.0,1447
2025-11-05 18:03,AMD,255.82,255.82,255.7,255.7,290
2025-11-05 18:04,AMD,256.0,256.0,256.0,256.0,100
2025-11-05 18:05,AMD,255.63,255.63,255.46,255.46,3392
2025-11-05 18:06,AMD,255.58,255.7,255.58,255.6437,538
2025-11-05 18:07,AMD,255.5877,255.5999,255.43,255.43,300
2025-11-05 18:08,AMD,255.41,255.45,255.41,255.41,1655
2025-11-05 18:09,AMD,255.5,255.5,255.4249,255.5,787
2025-11-05 18:11,AMD,255.5866,255.5866,255.5703,255.5703,500
2025-11-05 18:12,AMD,255.61,255.61,255.61,255.61,171
2025-11-05 18:13,AMD,255.5017,255.5017,255.5,255.5,567
2025-11-05 18:14,AMD,255.5017,255.7,255.5017,255.7,1572
2025-11-05 18:16,AMD,255.5366,255.5366,255.5366,255.5366,300
2025-11-05 18:18,AMD,255.62,255.62,255.58,255.58,600
2025-11-05 18:19,AMD,255.8,255.91,255.8,255.88,1375
2025-11-05 18:22,AMD,255.8,255.8,255.75,255.75,200
2025-11-05 18:25,AMD,255.7,255.7,255.62,255.62,1002
2025-11-05 18:26,AMD,255.6,255.62,255.6,255.62,261
2025-11-05 18:27,AMD,255.75,255.75,255.5662,255.5662,800
2025-11-05 18:28,AMD,255.61,255.61,255.6,255.6,400
2025-11-05 18:30,AMD,255.8,255.8,255.8,255.8,100
2025-11-05 18:31,AMD,255.7,255.7,255.7,255.7,200
2025-11-05 18:32,AMD,255.5223,255.5223,255.5223,255.5223,199
2025-11-05 18:33,AMD,255.5348,255.55,255.5348,255.55,200
2025-11-05 18:34,AMD,255.8,255.8,255.8,255.8,100
2025-11-05 18:36,AMD,255.75,255.75,255.75,255.75,300
2025-11-05 18:38,AMD,255.68,255.68,255.61,255.61,300
2025-11-05 18:39,AMD,255.68,255.68,255.68,255.68,550
2025-11-05 18:40,AMD,255.6993,255.75,255.62,255.75,900
2025-11-05 18:41,AMD,255.77,255.9,255.7699,255.8999,5670
2025-11-05 18:42,AMD,255.979,255.98,255.91,255.93,4190
2025-11-05 18:44,AMD,255.98,256.33,255.98,256.33,1059
2025-11-05 18:45,AMD,256.26,256.28,256.22,256.22,607
2025-11-05 18:47,AMD,256.0031,256.0031,256.0031,256.0031,100
2025-11-05 18:49,AMD,256.2,256.4,256.2,256.4,429
2025-11-05 18:50,AMD,256.35,256.35,256.35,256.35,400
2025-11-05 18:51,AMD,256.48,256.48,256.39,256.39,539
2025-11-05 18:52,AMD,256.4618,256.4618,256.4618,256.4618,100
2025-11-05 18:53,AMD,256.3,256.45,256.3,256.45,660
2025-11-05 18:54,AMD,256.3301,256.331,256.3301,256.331,248
2025-11-05 18:55,AMD,256.38,256.4046,256.38,256.4046,289
2025-11-05 18:56,AMD,256.3865,256.3865,256.3865,256.3865,710
2025-11-05 18:57,AMD,256.45,256.45,256.44,256.44,300
2025-11-05 18:58,AMD,256.48,256.48,256.48,256.48,870
2025-11-05 18:59,AMD,256.5,256.6,256.5,256.6,780
2025-11-05 19:00,AMD,256.65,256.7,256.55,256.55,500
2025-11-05 19:02,AMD,256.5295,256.5295,256.42,256.42,1633
2025-11-05 19:03,AMD,256.5,256.5,256.42,256.42,795
2025-11-05 19:04,AMD,256.33,256.3301,256.33,256.3301,788
2025-11-05 19:05,AMD,256.4546,256.4546,256.4546,256.4546,500
2025-11-05 19:06,AMD,256.498,256.498,256.498,256.498,324
2025-11-05 19:08,AMD,256.48,256.48,256.48,256.48,189
2025-11-05 19:09,AMD,256.44,256.44,256.35,256.35,582
2025-11-05 19:10,AMD,256.44,256.46,256.44,256.46,400
2025-11-05 19:11,AMD,256.3332,256.38,256.33,256.33,1542
2025-11-05 19:12,AMD,256.2019,256.2019,256.2,256.2,618
2025-11-05 19:13,AMD,256.0019,256.05,255.97,256.0,3861
2025-11-05 19:14,AMD,255.92,256.0,255.626,255.9,988
2025-11-05 19:15,AMD,255.99,256.0,255.9,255.9,890
2025-11-05 19:16,AMD,256.0,256.0,256.0,256.0,100
2025-11-05 19:17,AMD,256.0,256.0,256.0,256.0,100
2025-11-05 19:18,AMD,256.24,256.24,256.24,256.24,228
2025-11-05 19:19,AMD,256.08,256.08,256.08,256.08,289
2025-11-05 19:20,AMD,256.16,256.16,256.16,256.16,167
2025-11-05 19:21,AMD,256.0,256.0,255.95,255.95,502
2025-11-05 19:22,AMD,255.9,255.9,255.75,255.776,1070
2025-11-05 19:23,AMD,255.93,255.93,255.93,255.93,100
2025-11-05 19:24,AMD,255.95,256.0,255.76,255.76,712
2025-11-05 19:25,AMD,255.75,255.75,255.44,255.5,3135
2025-11-05 19:26,AMD,255.61,255.61,255.41,255.41,682
2025-11-05 19:27,AMD,255.12,255.9888,255.12,255.9888,1671
2025-11-05 19:28,AMD,255.5,255.58,255.2,255.2,2990
2025-11-05 19:29,AMD,255.7,255.7,255.7,255.7,200
2025-11-05 19:30,AMD,255.4,255.6,255.28,255.6,1097
2025-11-05 19:31,AMD,255.7,255.7,255.7,255.7,109
2025-11-05 19:32,AMD,255.54,255.6999,255.54,255.69,1074
2025-11-05 19:33,AMD,255.55,255.55,255.322,255.322,1362
2025-11-05 19:34,AMD,255.3001,255.45,255.3001,255.45,1100
2025-11-05 19:35,AMD,255.45,255.45,255.45,255.45,100
2025-11-05 19:36,AMD,255.45,255.6,255.45,255.6,226
2025-11-05 19:37,AMD,255.5092,255.55,255.5092,255.55,323
2025-11-05 19:38,AMD,255.63,255.63,255.52,255.52,1744
2025-11-05 19:39,AMD,255.66,255.66,255.66,255.66,1000
2025-11-05 19:40,AMD,255.66,255.66,255.4188,255.4188,995
2025-11-05 19:41,AMD,255.5518,255.5518,255.5518,255.5518,150
2025-11-05 19:42,AMD,255.7,255.7982,255.65,255.66,5350
2025-11-05 19:43,AMD,255.651,255.6925,255.65,255.66,2560
2025-11-05 19:44,AMD,255.6513,255.7,255.6513,255.7,364
2025-11-05 19:45,AMD,255.6999,255.7,255.65,255.7,1346
2025-11-05 19:46,AMD,255.8,255.8,255.7,255.7,1425
2025-11-05 19:47,AMD,255.6752,255.75,255.6752,255.75,428
2025-11-05 19:48,AMD,255.65,255.66,255.2,255.3,3381
2025-11-05 19:49,AMD,255.49,255.64,255.49,255.64,5073
2025-11-05 19:51,AMD,255.45,255.55,255.45,255.45,761
2025-11-05 19:52,AMD,255.66,255.69,255.66,255.69,500
2025-11-05 19:53,AMD,255.65,255.6988,255.55,255.55,2348
2025-11-05 19:54,AMD,255.6491,255.6491,255.6491,255.6491,198
2025-11-05 19:55,AMD,255.53,255.54,255.5,255.5,2210
2025-11-05 19:56,AMD,255.35,255.5,255.35,255.3612,525
2025-11-05 19:57,AMD,255.45,255.5,255.4,255.4,2668
2025-11-05 19:58,AMD,255.4201,255.46,255.4201,255.46,360
2025-11-05 19:59,AMD,255.55,255.6481,255.45,255.5101,4158
2025-11-06 07:00,AMD,255.7,256.05,255.7,256.05,767
2025-11-06 07:01,AMD,256.36,256.39,256.13,256.13,6897
2025-11-06 07:02,AMD,256.01,256.2,256.0,256.16,1077
2025-11-06 07:04,AMD,256.02,256.02,255.89,255.89,850
2025-11-06 07:06,AMD,256.15,256.39,256.15,256.38,1476
2025-11-06 07:07,AMD,256.58,256.58,256.25,256.25,748
2025-11-06 07:08,AMD,256.37,256.37,256.37,256.37,200
2025-11-06 07:09,AMD,256.47,256.47,256.15,256.15,1355
2025-11-06 07:10,AMD,256.25,256.25,256.07,256.07,463
2025-11-06 07:11,AMD,256.39,256.45,256.33,256.45,2774
2025-11-06 07:12,AMD,256.33,256.33,256.33,256.33,630
2025-11-06 07:14,AMD,256.15,256.15,255.5,255.5,2300
2025-11-06 07:15,AMD,255.85,255.85,255.85,255.85,100
2025-11-06 07:16,AMD,255.99,256.1,255.99,256.1,1058
2025-11-06 07:19,AMD,256.0,256.0,256.0,256.0,884
2025-11-06 07:20,AMD,255.75,255.75,255.75,255.75,135
2025-11-06 07:21,AMD,255.75,255.75,255.75,255.75,100
2025-11-06 07:22,AMD,256.0,256.0,256.0,256.0,303
2025-11-06 07:23,AMD,256.01,256.04,256.0,256.04,311
2025-11-06 07:24,AMD,256.0,256.0,255.75,255.75,2489
2025-11-06 07:25,AMD,255.7,255.7,255.49,255.49,1061
2025-11-06 07:26,AMD,255.67,255.67,255.6,255.6,580
2025-11-06 07:27,AMD,255.52,255.52,255.51,255.51,220
2025-11-06 07:29,AMD,255.7,255.86,255.7,255.86,221
2025-11-06 07:32,AMD,255.85,255.85,255.84,255.84,245
2025-11-06 07:33,AMD,256.0,256.0,256.0,256.0,100
2025-11-06 07:34,AMD,256.05,256.18,256.0,256.18,1329
2025-11-06 07:35,AMD,256.25,256.3,256.25,256.3,317
2025-11-06 07:36,AMD,256.2,256.2,256.15,256.15,700
2025-11-06 07:37,AMD,256.15,256.19,256.15,256.19,218
2025-11-06 07:39,AMD,256.08,256.08,256.0,256.0,5624
2025-11-06 07:40,AMD,256.0,256.0,256.0,256.0,600
2025-11-06 07:41,AMD,256.15,256.3,256.15,256.25,1392
2025-11-06 07:43,AMD,256.25,256.25,256.25,256.25,968
2025-11-06 07:44,AMD,256.33,256.5,256.33,256.5,1974
2025-11-06 07:47,AMD,256.32,256.32,256.32,256.32,100
2025-11-06 07:48,AMD,256.38,256.38,256.38,256.38,130
2025-11-06 07:49,AMD,256.22,256.22,256.22,256.22,100
2025-11-06 07:50,AMD,256.0,256.0,256.0,256.0,737
2025-11-06 07:51,AMD,256.2,256.2,256.2,256.2,394
2025-11-06 07:52,AMD,256.2,256.21,256.0,256.0,3308
2025-11-06 07:53,AMD,255.9,255.9,255.7,255.7,1783
2025-11-06 07:56,AMD,255.7,255.7,255.55,255.55,1059
2025-11-06 07:57,AMD,255.7,255.7,255.5,255.5,311
2025-11-06 07:58,AMD,255.6,255.9,255.6,255.9,1055
2025-11-06 07:59,AMD,255.8,255.8,255.8,255.8,407
2025-11-06 08:00,AMD,255.2,257.4,254.75,255.29,47919
2025-11-06 08:01,AMD,254.5,256.26,254.3,255.94,33405
2025-11-06 08:02,AMD,256.04,256.04,256.04,256.04,100
2025-11-06 08:03,AMD,255.97,256.0,255.97,256.0,901
2025-11-06 08:05,AMD,255.81,255.98,255.8,255.96,1395
2025-11-06 08:06,AMD,255.72,255.87,255.65,255.87,2174
2025-11-06 08:07,AMD,255.6701,255.6787,255.67,255.6787,1071
2025-11-06 08:08,AMD,255.66,255.66,255.66,255.66,881
2025-11-06 08:09,AMD,255.7,255.7,255.7,255.7,615
2025-11-06 08:10,AMD,255.88,255.99,255.77,255.98,923
2025-11-06 08:11,AMD,255.9,256.0955,255.9,256.0,1453
2025-11-06 08:12,AMD,256.0475,256.0475,255.8506,255.94,331
2025-11-06 08:13,AMD,256.0,256.0,255.82,255.97,1945
2025-11-06 08:15,AMD,255.91,256.07,255.91,255.93,2172
2025-11-06 08:16,AMD,256.16,256.16,256.1445,256.16,963
2025-11-06 08:17,AMD,256.05,256.1266,255.75,255.8,1526
2025-11-06 08:18,AMD,255.81,255.81,255.65,255.65,1049
2025-11-06 08:19,AMD,255.65,255.98,255.65,255.76,600
2025-11-06 08:20,AMD,256.0,256.0,255.85,255.85,765
2025-11-06 08:21,AMD,255.78,255.9993,255.78,255.9993,200
2025-11-06 08:22,AMD,255.89,255.9994,255.89,255.9994,700
2025-11-06 08:23,AMD,255.77,255.83,255.77,255.83,2661
2025-11-06 08:24,AMD,255.88,255.9,255.81,255.81,966
2025-11-06 08:25,AMD,255.85,255.85,255.85,255.85,325
2025-11-06 08:26,AMD,255.9398,256.33,255.9398,256.33,2048
2025-11-06 08:27,AMD,255.75,255.75,255.66,255.66,449
2025-11-06 08:28,AMD,255.81,255.88,255.7,255.88,2470
2025-11-06 08:29,AMD,255.9,255.9,255.71,255.71,343
2025-11-06 08:30,AMD,255.89,255.89,255.89,255.89,362
2025-11-06 08:31,AMD,255.7,255.86,255.6,255.8275,2537
2025-11-06 08:32,AMD,255.6,255.65,255.55,255.641,2339
2025-11-06 08:33,AMD,255.51,255.7582,255.39,255.43,8781
2025-11-06 08:34,AMD,255.2988,255.5,255.2988,255.41,1300
2025-11-06 08:35,AMD,255.5,255.65,255.5,255.6,3514
2025-11-06 08:36,AMD,255.6374,255.6374,255.51,255.53,544
2025-11-06 08:37,AMD,255.51,255.6094,255.38,255.5278,3004
2025-11-06 08:38,AMD,255.36,255.39,255.29,255.39,2797
2025-11-06 08:39,AMD,255.36,255.39,255.36,255.3694,775
2025-11-06 08:40,AMD,255.3,255.3,255.25,255.25,5879
2025-11-06 08:41,AMD,255.2001,255.38,255.0517,255.0517,4115
2025-11-06 08:42,AMD,255.1085,255.29,255.1,255.1,2788
2025-11-06 08:43,AMD,255.3165,255.39,255.14,255.38,2629
2025-11-06 08:44,AMD,255.35,255.3859,255.22,255.3859,600
2025-11-06 08:46,AMD,255.2,255.24,255.12,255.13,1571
2025-11-06 08:47,AMD,255.11,255.26,255.11,255.2,3500
2025-11-06 08:48,AMD,255.14,255.19,255.0,255.09,4687
2025-11-06 08:49,AMD,255.0,255.14,255.0,255.14,662
2025-11-06 08:50,AMD,255.11,256.33,255.068,255.09,1787
2025-11-06 08:51,AMD,255.13,255.45,255.13,255.45,1158
2025-11-06 08:52,AMD,255.18,255.2,255.14,255.2,800
2025-11-06 08:53,AMD,255.22,255.22,255.16,255.19,1040
2025-11-06 08:54,AMD,255.15,255.2,254.99,254.99,10723
2025-11-06 08:55,AMD,254.99,255.04,254.98,255.0,1827
2025-11-06 08:56,AMD,255.18,255.18,254.98,255.0,2695
2025-11-06 08:57,AMD,254.98,254.98,254.8406,254.98,4015
2025-11-06 08:58,AMD,254.85,254.98,254.83,254.8632,1700
2025-11-06 08:59,AMD,254.93,254.9815,254.8506,254.9,500
2025-11-06 09:00,AMD,254.9,255.0,254.8669,255.0,3056
2025-11-06 09:01,AMD,255.1629,255.19,255.0014,255.0014,400
2025-11-06 09:02,AMD,255.0171,255.19,254.99,255.0,1899
2025-11-06 09:03,AMD,255.0546,255.06,254.86,254.86,3459
2025-11-06 09:04,AMD,254.9,255.0,254.61,254.74,2592
2025-11-06 09:05,AMD,254.6,254.6,254.21,254.24,2916
2025-11-06 09:06,AMD,254.4,254.75,254.2116,254.51,2424
2025-11-06 09:07,AMD,254.6,254.62,254.32,254.32,1724
2025-11-06 09:08,AMD,254.3,254.45,254.01,254.2011,3760
2025-11-06 09:09,AMD,254.03,254.11,254.0,254.08,6027
2025-11-06 09:10,AMD,254.22,254.5,254.2,254.27,3596
2025-11-06 09:11,AMD,254.39,254.52,254.3,254.52,2756
2025-11-06 09:12,AMD,254.64,254.64,254.3819,254.54,4840
2025-11-06 09:13,AMD,254.595,254.6,254.27,254.3,9037
2025-11-06 09:14,AMD,254.309,254.5,254.28,254.5,7629
2025-11-06 09:15,AMD,254.4,254.59,254.4,254.4,3602
2025-11-06 09:16,AMD,254.34,254.4,254.33,254.4,3373
2025-11-06 09:17,AMD,254.52,254.52,254.3,254.3,1935
2025-11-06 09:18,AMD,254.307,254.6241,254.3,254.5635,3415
2025-11-06 09:19,AMD,254.47,254.7078,254.37,254.66,2593
2025-11-06 09:20,AMD,254.4944,254.6,254.47,254.4812,1753
2025-11-06 09:21,AMD,254.55,254.55,254.3,254.3,1184
2025-11-06 09:22,AMD,254.3,254.454,254.13,254.454,5605
2025-11-06 09:23,AMD,254.2491,254.2491,254.02,254.02,3497
2025-11-06 09:24,AMD,254.1,254.1,253.4254,253.4254,13268
2025-11-06 09:25,AMD,253.62,254.13,253.62,254.1,4891
2025-11-06 09:26,AMD,254.18,254.21,254.0,254.04,1462
2025-11-06 09:27,AMD,254.19,254.1997,253.81,254.15,3709
2025-11-06 09:28,AMD,253.8,254.23,253.53,253.78,3462
2025-11-06 09:29,AMD,253.52,253.85,253.3,253.49,4395
2025-11-06 09:30,AMD,253.465,253.51,251.05,251.375,646231
2025-11-06 09:31,AMD,251.3427,251.9299,250.66,251.2359,222447
2025-11-06 09:32,AMD,251.28,252.4,251.12,252.065,183262
2025-11-06 09:33,AMD,252.1073,252.79,251.6001,251.96,208786
2025-11-06 09:34,AMD,251.985,252.38,251.7,251.78,109661
2025-11-06 09:35,AMD,251.7774,252.15,251.1098,251.4656,169227
2025-11-06 09:36,AMD,251.35,251.75,250.57,250.91,191747
2025-11-06 09:37,AMD,250.75,251.3999,250.02,250.1801,179939
2025-11-06 09:38,AMD,250.2213,250.94,250.14,250.59,154920
2025-11-06 09:39,AMD,250.5531,250.8,250.16,250.26,120364
2025-11-06 09:40,AMD,250.2915,250.3522,249.57,249.9295,320381
2025-11-06 09:41,AMD,250.0,250.0145,249.1,249.4168,275559
2025-11-06 09:42,AMD,249.3767,249.4,248.8069,248.8751,291335
2025-11-06 09:43,AMD,248.84,249.34,248.84,248.95,291119
2025-11-06 09:44,AMD,248.97,249.5193,248.97,249.2,304232
2025-11-06 09:45,AMD,249.1315,249.5322,248.5369,248.5975,250807
2025-11-06 09:46,AMD,248.6604,249.1,248.58,248.9999,218683
2025-11-06 09:47,AMD,248.9599,249.71,248.76,249.66,229509
2025-11-06 09:48,AMD,249.765,250.095,249.41,249.68,235234
2025-11-06 09:49,AMD,249.746,249.795,248.0,248.0,328218
2025-11-06 09:50,AMD,248.055,248.2299,247.0225,247.2,368109
2025-11-06 09:51,AMD,247.27,247.27,245.66,245.721,382624
2025-11-06 09:52,AMD,245.69,245.88,245.0,245.755,414182
2025-11-06 09:53,AMD,245.72,246.07,245.69,245.8305,256801
2025-11-06 09:54,AMD,245.855,246.095,245.4,245.4,223263
2025-11-06 09:55,AMD,245.4853,245.77,245.2361,245.68,367905
2025-11-06 09:56,AMD,245.69,245.915,244.955,245.765,376689
2025-11-06 09:57,AMD,245.82,245.93,245.39,245.48,180820
2025-11-06 09:58,AMD,245.5635,245.68,244.86,244.9,362939
2025-11-06 09:59,AMD,244.95,244.99,244.118,244.118,327656
2025-11-06 10:00,AMD,244.24,244.46,243.67,244.0093,432426
2025-11-06 10:01,AMD,244.0,244.0505,243.1866,243.188,288454
2025-11-06 10:02,AMD,243.115,243.115,240.88,241.265,905182
2025-11-06 10:03,AMD,241.4591,242.0295,241.19,241.666,400961
2025-11-06 10:04,AMD,241.675,241.89,241.26,241.445,330666
2025-11-06 10:05,AMD,241.46,242.3596,241.46,241.715,349265
2025-11-06 10:06,AMD,241.74,242.5,241.5861,242.46,339777
2025-11-06 10:07,AMD,242.4659,242.4659,241.53,241.85,329769
2025-11-06 10:08,AMD,241.855,242.31,241.03,241.52,341897
2025-11-06 10:09,AMD,241.65,242.19,241.3,241.85,220146
2025-11-06 10:10,AMD,241.91,243.34,241.91,243.27,418456
2025-11-06 10:11,AMD,243.275,243.275,242.19,242.47,282432
2025-11-06 10:12,AMD,242.56,242.56,241.121,241.121,295648
2025-11-06 10:13,AMD,241.1219,241.69,241.1219,241.345,278063
2025-11-06 10:14,AMD,241.43,241.6394,241.1997,241.385,271259
2025-11-06 10:15,AMD,241.37,241.72,241.19,241.42,246906
2025-11-06 10:16,AMD,241.44,242.32,241.23,241.77,242917
2025-11-06 10:17,AMD,241.747,243.0,241.747,242.935,266999
2025-11-06 10:18,AMD,242.91,243.33,242.7866,243.2105,227387
2025-11-06 10:19,AMD,243.2699,243.4,242.4203,242.6,251822
2025-11-06 10:20,AMD,242.61,242.9,242.47,242.68,208766
2025-11-06 10:21,AMD,242.83,242.84,242.165,242.3575,147003
2025-11-06 10:22,AMD,242.32,242.88,242.2634,242.57,181623
2025-11-06 10:23,AMD,242.64,243.41,242.555,243.41,193073
2025-11-06 10:24,AMD,243.36,243.5758,243.0,243.0987,246604
2025-11-06 10:25,AMD,243.02,243.42,243.0001,243.375,146938
2025-11-06 10:26,AMD,243.3768,243.3768,242.24,242.47,154096
2025-11-06 10:27,AMD,242.4872,242.6899,242.18,242.285,111336
2025-11-06 10:28,AMD,242.23,242.5971,242.2,242.375,128702
2025-11-06 10:29,AMD,242.41,242.53,241.8505,241.95,193348
2025-11-06 10:30,AMD,241.895,241.895,240.84,241.22,389102
2025-11-06 10:31,AMD,241.179,241.75,241.0022,241.3961,152549
2025-11-06 10:32,AMD,241.53,241.58,240.8075,240.8075,275980
2025-11-06 10:33,AMD,240.6301,240.695,238.56,238.7334,1291041
2025-11-06 10:34,AMD,238.825,239.39,238.7117,239.39,331107
2025-11-06 10:35,AMD,239.302,239.302,238.86,238.9997,218866
2025-11-06 10:36,AMD,239.03,239.2,237.925,238.03,572844
2025-11-06 10:37,AMD,237.98,238.0,237.5701,237.6545,364252
2025-11-06 10:38,AMD,237.83,238.45,237.68,238.125,269827
2025-11-06 10:39,AMD,238.02,238.58,238.01,238.3634,218683
2025-11-06 10:40,AMD,238.39,238.87,238.36,238.55,214671
2025-11-06 10:41,AMD,238.5,238.9699,238.155,238.25,183872
2025-11-06 10:42,AMD,238.375,238.645,238.14,238.51,154468
2025-11-06 10:43,AMD,238.48,239.24,238.3345,238.61,227184
2025-11-06 10:44,AMD,238.57,238.8436,237.0101,237.075,345263
2025-11-06 10:45,AMD,237.1801,238.1399,237.12,238.1399,262607
2025-11-06 10:46,AMD,238.12,238.1594,237.59,238.02,358426
2025-11-06 10:47,AMD,238.006,238.3299,237.7,237.985,185292
2025-11-06 10:48,AMD,237.9201,238.4158,237.58,238.06,188564
2025-11-06 10:49,AMD,238.22,238.4499,237.865,238.4499,172640
2025-11-06 10:50,AMD,238.4836,239.07,238.36,238.49,216505
2025-11-06 10:51,AMD,238.4022,238.982,238.28,238.65,179712
2025-11-06 10:52,AMD,238.66,238.66,237.35,237.3751,265735
2025-11-06 10:53,AMD,237.3555,237.4599,236.5077,236.6,478648
2025-11-06 10:54,AMD,236.6025,237.25,236.511,237.225,238797
2025-11-06 10:55,AMD,237.385,238.07,237.15,237.8401,230301
2025-11-06 10:56,AMD,237.6814,237.6814,236.5127,236.5127,200766
2025-11-06 10:57,AMD,236.5356,236.71,236.4,236.4,270634
2025-11-06 10:58,AMD,236.46,236.46,235.78,235.85,321749
2025-11-06 10:59,AMD,235.9,236.37,235.9,236.3109,196426
2025-11-06 11:00,AMD,236.325,236.97,236.325,236.89,196969
2025-11-06 11:01,AMD,236.9108,237.55,236.9108,237.485,212384
2025-11-06 11:02,AMD,237.57,238.28,237.52,238.27,184804
2025-11-06 11:03,AMD,238.22,238.4699,238.062,238.33,213056
2025-11-06 11:04,AMD,238.3305,238.76,238.27,238.5801,205502
2025-11-06 11:05,AMD,238.7,239.0699,238.64,238.84,236423
2025-11-06 11:06,AMD,238.88,239.066,238.545,238.6,179513
2025-11-06 11:07,AMD,238.56,238.67,238.14,238.2501,222486
2025-11-06 11:08,AMD,238.29,238.9,238.29,238.9,117679
2025-11-06 11:09,AMD,238.9835,238.9835,238.2,238.7,153056
2025-11-06 11:10,AMD,238.6999,238.7944,238.17,238.17,139218
2025-11-06 11:11,AMD,238.305,238.6599,238.263,238.58,152518
2025-11-06 11:12,AMD,238.59,238.7299,238.3651,238.4969,79131
2025-11-06 11:13,AMD,238.5222,238.85,238.4103,238.6,77994
2025-11-06 11:14,AMD,238.63,239.08,238.5981,239.08,134211
2025-11-06 11:15,AMD,239.0799,239.6787,239.0799,239.5699,251879
2025-11-06 11:16,AMD,239.5,239.69,238.94,239.0213,172859
2025-11-06 11:17,AMD,239.09,239.2137,238.77,238.805,127388
2025-11-06 11:18,AMD,238.78,238.78,237.39,237.405,271770
2025-11-06 11:19,AMD,237.46,237.9314,237.33,237.74,183231
2025-11-06 11:20,AMD,237.78,238.22,237.5125,238.13,157948
2025-11-06 11:21,AMD,238.26,238.26,237.37,237.5099,140584
2025-11-06 11:22,AMD,237.51,237.51,236.2264,236.36,365337
2025-11-06 11:23,AMD,236.3108,236.3806,235.865,236.0371,417943
2025-11-06 11:24,AMD,236.064,236.4236,235.9572,236.26,168407
2025-11-06 11:25,AMD,236.1,236.84,236.052,236.84,156712
2025-11-06 11:26,AMD,236.785,237.435,236.57,237.35,128238
2025-11-06 11:27,AMD,237.445,237.4799,236.9001,237.04,157453
2025-11-06 11:28,AMD,237.105,237.47,237.007,237.46,103933
2025-11-06 11:29,AMD,237.45,238.07,237.3621,237.975,146492
2025-11-06 11:30,AMD,237.87,238.03,237.7305,237.9734,119880
2025-11-06 11:31,AMD,237.96,238.6165,237.96,238.535,155925
2025-11-06 11:32,AMD,238.5,238.6,238.13,238.56,88438
2025-11-06 11:33,AMD,238.52,238.52,238.14,238.3,106580
2025-11-06 11:34,AMD,238.294,238.294,237.94,238.03,115012
2025-11-06 11:35,AMD,237.965,237.965,236.775,237.1029,225522
2025-11-06 11:36,AMD,237.12,237.5909,237.01,237.56,81419
2025-11-06 11:37,AMD,237.5762,237.89,237.38,237.5744,144417
2025-11-06 11:38,AMD,237.5591,238.1399,237.55,237.94,101054
2025-11-06 11:39,AMD,237.9799,237.98,237.682,237.8799,67860
2025-11-06 11:40,AMD,237.88,237.88,237.37,237.405,114418
2025-11-06 11:41,AMD,237.52,237.54,237.06,237.06,85523
2025-11-06 11:42,AMD,237.09,237.4602,237.05,237.275,106108
2025-11-06 11:43,AMD,237.2552,237.295,236.821,237.19,169429
2025-11-06 11:44,AMD,237.11,237.67,237.0,237.6,95732
2025-11-06 11:45,AMD,237.5163,237.58,237.19,237.58,50494
2025-11-06 11:46,AMD,237.5664,237.9172,237.46,237.7055,97200
2025-11-06 11:47,AMD,237.695,237.695,237.28,237.4549,66672
2025-11-06 11:48,AMD,237.54,237.6,237.415,237.415,59722
2025-11-06 11:49,AMD,237.41,237.53,237.27,237.51,50650
2025-11-06 11:50,AMD,237.39,237.85,237.2329,237.85,81288
2025-11-06 11:51,AMD,237.82,238.0945,237.7,237.78,122929
2025-11-06 11:52,AMD,237.8896,238.65,237.8896,238.51,183127
2025-11-06 11:53,AMD,238.4201,238.535,236.935,237.12,209512
2025-11-06 11:54,AMD,237.1096,238.08,237.075,238.005,111554
2025-11-06 11:55,AMD,237.95,237.95,237.088,237.105,99149
2025-11-06 11:56,AMD,237.16,237.42,236.41,236.505,173691
2025-11-06 11:57,AMD,236.645,237.43,236.6,237.43,70277
2025-11-06 11:58,AMD,237.395,237.63,237.13,237.205,59353
2025-11-06 11:59,AMD,237.2,237.45,237.0701,237.37,67579
2025-11-06 12:00,AMD,237.505,238.1286,237.505,238.0613,126490
2025-11-06 12:01,AMD,238.1,238.25,237.701,237.89,70869
2025-11-06 12:02,AMD,237.825,238.2188,237.6801,238.1801,65853
2025-11-06 12:03,AMD,238.2325,238.2325,237.78,237.89,47179
2025-11-06 12:04,AMD,237.81,238.25,237.81,238.24,58557
2025-11-06 12:05,AMD,238.21,238.6,238.05,238.5714,111630
2025-11-06 12:06,AMD,238.5513,238.74,238.3479,238.74,112190
2025-11-06 12:07,AMD,238.7695,238.7699,237.9101,237.985,123143
2025-11-06 12:08,AMD,238.02,238.15,237.44,237.5301,129981
2025-11-06 12:09,AMD,237.5901,238.3365,237.5901,238.2,109637
2025-11-06 12:10,AMD,238.24,238.6846,238.15,238.35,91242
2025-11-06 12:11,AMD,238.29,238.73,238.24,238.625,95697
2025-11-06 12:12,AMD,238.64,238.6919,238.12,238.375,102233
2025-11-06 12:13,AMD,238.29,238.319,237.87,237.9,75810
2025-11-06 12:14,AMD,237.97,237.97,237.365,237.37,70910
2025-11-06 12:15,AMD,237.35,237.39,237.09,237.2,77957
2025-11-06 12:16,AMD,237.2205,237.56,237.1201,237.15,98041
2025-11-06 12:17,AMD,237.1101,237.565,237.1101,237.4523,66955
2025-11-06 12:18,AMD,237.49,237.975,237.4204,237.82,76016
2025-11-06 12:19,AMD,237.7498,237.96,237.6001,237.9118,52997
2025-11-06 12:20,AMD,237.87,237.8841,237.4517,237.68,55396
2025-11-06 12:21,AMD,237.6482,237.71,236.66,236.66,171391
2025-11-06 12:22,AMD,236.65,236.9054,236.61,236.8,112447
2025-11-06 12:23,AMD,236.85,237.14,236.7779,236.83,84162
2025-11-06 12:24,AMD,236.7738,237.01,236.55,236.6201,67370
2025-11-06 12:25,AMD,236.71,236.7737,236.39,236.7698,91303
2025-11-06 12:26,AMD,236.76,237.06,236.36,236.54,112228
2025-11-06 12:27,AMD,236.55,236.99,236.54,236.9595,54988
2025-11-06 12:28,AMD,236.92,237.33,236.89,237.08,121595
2025-11-06 12:29,AMD,237.15,237.6682,237.08,237.6599,110443
2025-11-06 12:30,AMD,237.58,237.685,237.4042,237.55,81550
2025-11-06 12:31,AMD,237.555,237.91,237.3958,237.785,78067
2025-11-06 12:32,AMD,237.7701,238.47,237.7701,238.424,133360
2025-11-06 12:33,AMD,238.435,238.79,238.39,238.57,129156
2025-11-06 12:34,AMD,238.6124,238.6124,238.1601,238.3225,64706
2025-11-06 12:35,AMD,238.445,238.74,238.3,238.71,88873
2025-11-06 12:36,AMD,238.7094,238.88,238.5876,238.7629,77706
2025-11-06 12:37,AMD,238.813,239.07,238.365,238.365,121184
2025-11-06 12:38,AMD,238.38,238.7401,238.3283,238.63,52582
2025-11-06 12:39,AMD,238.65,238.65,237.84,237.94,59484
2025-11-06 12:40,AMD,237.87,238.25,237.82,238.25,55144
2025-11-06 12:41,AMD,238.2999,238.6195,238.25,238.34,62287
2025-11-06 12:42,AMD,238.44,238.8699,238.36,238.86,62697
2025-11-06 12:43,AMD,238.79,239.48,238.79,239.4,157314
2025-11-06 12:44,AMD,239.37,239.37,239.1,239.19,104341
2025-11-06 12:45,AMD,239.16,239.6897,239.15,239.6682,142075
2025-11-06 12:46,AMD,239.6227,239.9,239.6227,239.745,138592
2025-11-06 12:47,AMD,239.755,239.8899,239.4343,239.82,139100
2025-11-06 12:48,AMD,239.8191,240.2416,239.79,240.24,180272
2025-11-06 12:49,AMD,240.225,240.3,239.8501,239.895,150391
2025-11-06 12:50,AMD,239.9,240.52,239.9,240.515,112999
2025-11-06 12:51,AMD,240.51,240.568,240.31,240.4969,144789
2025-11-06 12:52,AMD,240.47,240.6195,240.24,240.48,114149
2025-11-06 12:53,AMD,240.5009,240.5108,240.2,240.365,105202
2025-11-06 12:54,AMD,240.29,240.76,240.29,240.7142,77420
2025-11-06 12:55,AMD,240.705,240.97,240.5454,240.8749,168887
2025-11-06 12:56,AMD,240.83,240.9695,240.75,240.9239,133446
2025-11-06 12:57,AMD,240.96,241.19,240.68,240.68,157603
2025-11-06 12:58,AMD,240.73,240.9619,240.54,240.54,114080
2025-11-06 12:59,AMD,240.5406,240.58,240.0523,240.4739,148356
2025-11-06 13:00,AMD,240.45,240.9083,240.4,240.73,103718
2025-11-06 13:01,AMD,240.78,241.05,240.71,240.71,105385
2025-11-06 13:02,AMD,240.75,240.87,240.58,240.87,66611
2025-11-06 13:03,AMD,240.8813,240.8999,240.45,240.475,150682
2025-11-06 13:04,AMD,240.515,240.54,239.9601,239.995,136228
2025-11-06 13:05,AMD,240.08,240.1999,239.6275,239.975,155620
2025-11-06 13:06,AMD,239.97,240.0,239.0801,239.305,124265
2025-11-06 13:07,AMD,239.2627,239.8299,239.2627,239.5739,73476
2025-11-06 13:08,AMD,239.6295,239.8592,239.555,239.555,65980
2025-11-06 13:09,AMD,239.56,239.62,239.2,239.25,79128
2025-11-06 13:10,AMD,239.235,239.44,238.9991,239.22,102038
2025-11-06 13:11,AMD,239.18,239.42,239.11,239.36,54781
2025-11-06 13:12,AMD,239.31,239.4899,239.2301,239.32,83419
2025-11-06 13:13,AMD,239.335,240.14,239.335,239.89,119649
2025-11-06 13:14,AMD,239.9325,239.95,239.671,239.95,66925
2025-11-06 13:15,AMD,239.9,240.33,239.9,240.25,131849
2025-11-06 13:16,AMD,240.2,240.3,239.915,240.0489,77857
2025-11-06 13:17,AMD,239.955,240.23,239.88,240.105,50102
2025-11-06 13:18,AMD,240.26,240.269,239.9193,240.1794,46941
2025-11-06 13:19,AMD,240.2299,240.3483,239.995,240.311057,53122
2025-11-06 13:20,AMD,240.2513,240.5,240.15,240.325,55387
2025-11-06 13:21,AMD,240.3,240.5394,240.1801,240.415,72184
2025-11-06 13:22,AMD,240.417,240.6739,240.4,240.555,80701
2025-11-06 13:23,AMD,240.565,240.95,240.565,240.9286,99291
2025-11-06 13:24,AMD,240.91,241.4371,240.88,241.35,131646
2025-11-06 13:25,AMD,241.3349,241.67,241.22,241.5101,156446
2025-11-06 13:26,AMD,241.57,242.0299,241.5,241.9196,148079
2025-11-06 13:27,AMD,241.9201,241.9201,241.38,241.4,128942
2025-11-06 13:28,AMD,241.425,241.665,241.4013,241.614,65948
2025-11-06 13:29,AMD,241.63,241.785,241.3801,241.5533,75863
2025-11-06 13:30,AMD,241.48,241.83,241.48,241.8044,56695
2025-11-06 13:31,AMD,241.8,242.0111,241.7338,242.0111,79900
2025-11-06 13:32,AMD,242.025,242.09,241.8701,242.07,102376
2025-11-06 13:33,AMD,242.1424,242.17,241.736,241.736,92731
2025-11-06 13:34,AMD,241.765,241.9299,241.6401,241.8875,81212
2025-11-06 13:35,AMD,241.8845,242.285,241.8845,242.2305,98133
2025-11-06 13:36,AMD,242.24,242.88,242.24,242.87,130181
2025-11-06 13:37,AMD,242.8296,242.86,242.32,242.41,140368
2025-11-06 13:38,AMD,242.43,242.45,242.1501,242.36,60428
2025-11-06 13:39,AMD,242.38,242.78,242.292,242.77,76371
2025-11-06 13:40,AMD,242.7645,242.9799,242.5201,242.6277,88664
2025-11-06 13:41,AMD,242.6,242.6899,242.24,242.395,66466
2025-11-06 13:42,AMD,242.419,242.56,242.345,242.56,53964
2025-11-06 13:43,AMD,242.543,242.543,242.12,242.19,65223
2025-11-06 13:44,AMD,242.2,242.43,242.2,242.3811,49012
2025-11-06 13:45,AMD,242.3794,242.3794,242.066,242.12,86380
2025-11-06 13:46,AMD,242.1913,242.1913,241.28,241.3391,188358
2025-11-06 13:47,AMD,241.3,241.72,241.29,241.67,112929
2025-11-06 13:48,AMD,241.63,242.0999,241.63,241.885,111743
2025-11-06 13:49,AMD,241.875,241.9499,241.65,241.7815,48082
2025-11-06 13:50,AMD,241.7964,242.08,241.79,241.83,57407
2025-11-06 13:51,AMD,241.8511,242.02,241.7713,241.925,52012
2025-11-06 13:52,AMD,241.9,241.9399,241.72,241.87,43532
2025-11-06 13:53,AMD,241.825,241.84,241.3133,241.4496,87802
2025-11-06 13:54,AMD,241.48,241.6754,241.43,241.5401,52010
2025-11-06 13:55,AMD,241.58,241.6744,240.9501,241.015,127386
2025-11-06 13:56,AMD,241.0122,241.0599,240.2601,240.2601,191708
2025-11-06 13:57,AMD,240.295,240.545,240.12,240.39,80939
2025-11-06 13:58,AMD,240.38,240.77,240.2962,240.7171,93900
2025-11-06 13:59,AMD,240.7839,240.8899,240.67,240.77,87642
2025-11-06 14:00,AMD,240.73,241.1787,240.73,241.08,68175
2025-11-06 14:01,AMD,241.03,241.34,240.93,241.1241,57970
2025-11-06 14:02,AMD,241.05,241.05,240.7,240.8105,63785
2025-11-06 14:03,AMD,240.8225,241.1999,240.8,241.1251,41954
2025-11-06 14:04,AMD,241.129,241.17,240.81,241.0361,65560
2025-11-06 14:05,AMD,241.0899,241.51,240.955,241.49,72248
2025-11-06 14:06,AMD,241.5113,241.83,241.42,241.7,121667
2025-11-06 14:07,AMD,241.68,241.72,241.195,241.2476,78171
2025-11-06 14:08,AMD,241.3138,241.392,241.04,241.0801,78618
2025-11-06 14:09,AMD,241.13,241.26,240.805,240.9201,102322
2025-11-06 14:10,AMD,240.925,241.19,240.925,241.13,52786
2025-11-06 14:11,AMD,241.07,241.28,241.07,241.205,49699
2025-11-06 14:12,AMD,241.14,241.319,241.09,241.26,37236
2025-11-06 14:13,AMD,241.195,241.55,241.195,241.44,59343
2025-11-06 14:14,AMD,241.47,241.57,241.36,241.53,55906
2025-11-06 14:15,AMD,241.525,241.5754,241.165,241.23,77132
2025-11-06 14:16,AMD,241.26,241.34,240.865,241.025,79504
2025-11-06 14:17,AMD,241.06,241.09,240.37,240.5031,128207
2025-11-06 14:18,AMD,240.53,240.8148,240.4728,240.71,76023
2025-11-06 14:19,AMD,240.685,241.06,240.65,241.0,42957
2025-11-06 14:20,AMD,241.02,241.09,240.75,240.78,50157
2025-11-06 14:21,AMD,240.75,240.96,240.7,240.8493,34179
2025-11-06 14:22,AMD,240.79,240.9483,240.545,240.705,64057
2025-11-06 14:23,AMD,240.7,240.94,240.505,240.9,44622
2025-11-06 14:24,AMD,240.929,241.28,240.905,241.21,74199
2025-11-06 14:25,AMD,241.23,241.975,241.23,241.9203,123335
2025-11-06 14:26,AMD,241.89,242.49,241.76,242.49,195945
2025-11-06 14:27,AMD,242.47,242.73,242.35,242.415,133039
2025-11-06 14:28,AMD,242.44,243.0705,242.35,243.0705,171734
2025-11-06 14:29,AMD,243.08,243.32,243.0,243.09,185635
2025-11-06 14:30,AMD,243.0401,243.4,243.0,243.0,135861
2025-11-06 14:31,AMD,243.0104,243.33,242.6335,242.6335,130799
2025-11-06 14:32,AMD,242.67,242.866,242.575,242.83,136511
2025-11-06 14:33,AMD,242.725,242.88,242.545,242.665,104103
2025-11-06 14:34,AMD,242.69,242.73,242.3501,242.4587,72990
2025-11-06 14:35,AMD,242.4615,242.5901,242.15,242.28,69165
2025-11-06 14:36,AMD,242.2656,242.47,242.05,242.233,83230
2025-11-06 14:37,AMD,242.2384,242.2525,241.9,242.0506,83550
2025-11-06 14:38,AMD,242.06,242.44,242.06,242.35,60651
2025-11-06 14:39,AMD,242.3473,242.57,242.16,242.2128,69832
2025-11-06 14:40,AMD,242.25,242.3699,242.05,242.1186,53457
2025-11-06 14:41,AMD,242.02,242.13,241.89,241.9918,77144
2025-11-06 14:42,AMD,241.93,242.02,241.6,241.7231,77957
2025-11-06 14:43,AMD,241.6409,241.91,241.475,241.86,88154
2025-11-06 14:44,AMD,241.845,242.39,241.845,242.36,65749
2025-11-06 14:45,AMD,242.3,242.3231,242.0801,242.22,53242
2025-11-06 14:46,AMD,242.15,242.23,241.635,241.67,55836
2025-11-06 14:47,AMD,241.6947,241.871,241.4363,241.535,51520
2025-11-06 14:48,AMD,241.61,241.6899,241.26,241.26,41164
2025-11-06 14:49,AMD,241.3634,241.4199,241.0851,241.4199,68661
2025-11-06 14:50,AMD,241.38,241.69,241.23,241.69,55683
2025-11-06 14:51,AMD,241.7,241.75,241.42,241.4522,51549
2025-11-06 14:52,AMD,241.4243,241.4243,240.8,240.87,86541
2025-11-06 14:53,AMD,240.885,241.2131,240.7613,241.15,77365
2025-11-06 14:54,AMD,241.07,241.32,240.9692,240.985,63729
2025-11-06 14:55,AMD,240.96,241.31,240.845,241.16,103886
2025-11-06 14:56,AMD,241.22,241.56,241.215,241.3475,87050
2025-11-06 14:57,AMD,241.3455,241.85,241.31,241.798,100748
2025-11-06 14:58,AMD,241.85,242.13,241.84,241.9301,70570
2025-11-06 14:59,AMD,241.9702,241.9702,241.4063,241.575,89814
2025-11-06 15:00,AMD,241.6283,241.9299,241.603,241.75,66995
2025-11-06 15:01,AMD,241.76,241.7955,241.53,241.565,53815
2025-11-06 15:02,AMD,241.5525,241.86,241.3101,241.4585,60492
2025-11-06 15:03,AMD,241.54,241.84,241.53,241.73,40300
2025-11-06 15:04,AMD,241.725,241.85,241.55,241.8,248428
2025-11-06 15:05,AMD,241.8137,242.01,241.705,241.965,51820
2025-11-06 15:06,AMD,241.92,241.95,241.4189,241.7,64215
2025-11-06 15:07,AMD,241.77,241.93,241.6701,241.8,51806
2025-11-06 15:08,AMD,241.84,241.92,241.4695,241.6199,48319
2025-11-06 15:09,AMD,241.5937,241.74,241.3674,241.7,29511
2025-11-06 15:10,AMD,241.74,241.885,241.555,241.57,54914
2025-11-06 15:11,AMD,241.535,241.62,241.0301,241.2,70520
2025-11-06 15:12,AMD,241.185,241.3395,240.32,240.35,112121
2025-11-06 15:13,AMD,240.37,240.5,240.1201,240.4,104972
2025-11-06 15:14,AMD,240.3,240.4999,240.2696,240.36,96940
2025-11-06 15:15,AMD,240.37,240.49,239.93,239.96,134046
2025-11-06 15:16,AMD,239.9896,240.29,239.4,240.085,197262
2025-11-06 15:17,AMD,240.0878,240.54,240.07,240.54,115168
2025-11-06 15:18,AMD,240.435,240.7335,240.3492,240.64,75481
2025-11-06 15:19,AMD,240.6322,240.739,240.374,240.45,54511
2025-11-06 15:20,AMD,240.3301,240.48,239.93,240.0045,73581
2025-11-06 15:21,AMD,240.02,240.1342,239.59,240.1,80941
2025-11-06 15:22,AMD,240.32,240.3555,240.1,240.33,67623
2025-11-06 15:23,AMD,240.325,240.39,240.0984,240.335,60566
2025-11-06 15:24,AMD,240.3,240.3999,240.05,240.18,50369
2025-11-06 15:25,AMD,240.1754,240.23,239.91,240.1401,55605
2025-11-06 15:26,AMD,240.1792,240.265,239.85,239.86,75462
2025-11-06 15:27,AMD,239.8565,239.89,239.5715,239.745,75460
2025-11-06 15:28,AMD,239.75,239.8529,239.48,239.77,87077
2025-11-06 15:29,AMD,239.76,239.765,239.225,239.495,92839
2025-11-06 15:30,AMD,239.48,239.82,239.43,239.6,74424
2025-11-06 15:31,AMD,239.6362,239.6399,239.0923,239.32,111789
2025-11-06 15:32,AMD,239.267,239.489,238.79,239.489,135857
2025-11-06 15:33,AMD,239.4329,239.7951,239.4329,239.5399,91484
2025-11-06 15:34,AMD,239.597,240.19,239.5253,240.05,84156
2025-11-06 15:35,AMD,240.0806,240.2,239.935,239.935,63599
2025-11-06 15:36,AMD,240.02,240.2034,239.7205,239.98,92916
2025-11-06 15:37,AMD,239.9545,240.07,239.54,239.54,88332
2025-11-06 15:38,AMD,239.56,239.6115,239.34,239.435,85510
2025-11-06 15:39,AMD,239.49,239.58,239.13,239.205,74321
2025-11-06 15:40,AMD,239.26,239.47,239.08,239.08,72404
2025-11-06 15:41,AMD,239.06,239.315,239.0405,239.255,115051
2025-11-06 15:42,AMD,239.29,239.345,238.82,238.82,113090
2025-11-06 15:43,AMD,238.873,239.04,238.71,238.96,111550
2025-11-06 15:44,AMD,238.995,239.08,238.82,238.9243,89110
2025-11-06 15:45,AMD,238.95,239.205,238.75,239.0,103189
2025-11-06 15:46,AMD,239.0456,239.1,238.31,238.355,122387
2025-11-06 15:47,AMD,238.3901,238.655,238.31,238.5223,100950
2025-11-06 15:48,AMD,238.52,238.5899,238.26,238.44,72613
2025-11-06 15:49,AMD,238.36,238.45,238.07,238.07,168593
2025-11-06 15:50,AMD,238.475,238.5616,238.0,238.19,175830
2025-11-06 15:51,AMD,238.23,238.3975,237.995,238.1641,157166
2025-11-06 15:52,AMD,238.1087,238.41,238.0965,238.3517,96018
2025-11-06 15:53,AMD,238.235,238.3185,238.02,238.07,112559
2025-11-06 15:54,AMD,238.12,238.295,237.56,237.6899,254499
2025-11-06 15:55,AMD,237.45,237.8425,237.39,237.6468,292684
2025-11-06 15:56,AMD,237.68,238.04,237.65,237.82,222245
2025-11-06 15:57,AMD,237.8069,237.9,237.53,237.895,303651
2025-11-06 15:58,AMD,237.8,237.92,237.735,237.86,304252
2025-11-05 12:47,BITU,41.77,41.78,41.71,41.73,1897
2025-11-05 12:48,BITU,41.7,41.7151,41.6801,41.7151,833
2025-11-05 12:50,BITU,41.6801,41.71,41.6801,41.7,2361
2025-11-05 12:51,BITU,41.68,41.6801,41.68,41.68,550
2025-11-05 12:52,BITU,41.7,41.77,41.68,41.77,1255
2025-11-05 12:53,BITU,41.74,41.8,41.735,41.8,4780
2025-11-05 12:54,BITU,41.83,41.9101,41.83,41.9101,3818
2025-11-05 12:55,BITU,41.97,41.97,41.97,41.97,200
2025-11-05 12:56,BITU,41.97,41.9898,41.94,41.94,4598
2025-11-05 12:57,BITU,41.97,41.98,41.97,41.98,473
2025-11-05 12:58,BITU,42.0,42.0,41.92,41.92,1921
2025-11-05 12:59,BITU,41.9399,42.01,41.9399,41.995,600
2025-11-05 13:00,BITU,41.89,41.89,41.89,41.89,150
2025-11-05 13:01,BITU,41.8999,41.915,41.8801,41.915,1742
2025-11-05 13:02,BITU,41.91,41.92,41.89,41.89,814
2025-11-05 13:03,BITU,41.91,41.91,41.8699,41.8699,2600
2025-11-05 13:05,BITU,41.92,41.93,41.89,41.89,1690
2025-11-05 13:06,BITU,42.0,42.03,41.995,42.0167,2287
2025-11-05 13:08,BITU,41.92,41.92,41.92,41.92,100
2025-11-05 13:09,BITU,41.93,41.93,41.88,41.92,548
2025-11-05 13:10,BITU,41.9099,41.9354,41.89,41.9354,800
2025-11-05 13:11,BITU,41.92,41.92,41.92,41.92,100
2025-11-05 13:12,BITU,41.97,41.9701,41.97,41.9701,687
2025-11-05 13:13,BITU,41.97,41.9899,41.97,41.9899,300
2025-11-05 13:14,BITU,41.98,42.0,41.98,42.0,2100
2025-11-05 13:15,BITU,42.0,42.0499,42.0,42.03,701
2025-11-05 13:16,BITU,42.0651,42.07,42.0651,42.07,1509
2025-11-05 13:17,BITU,42.12,42.15,42.105,42.105,2522
2025-11-05 13:18,BITU,42.09,42.09,42.0799,42.08,1242
2025-11-05 13:19,BITU,42.095,42.095,42.075,42.0835,3515
2025-11-05 13:20,BITU,42.07,42.07,42.07,42.07,300
2025-11-05 13:21,BITU,42.0045,42.01,42.0,42.0,1200
2025-11-05 13:22,BITU,42.0,42.0,42.0,42.0,123
2025-11-05 13:23,BITU,42.06,42.06,42.01,42.01,778
2025-11-05 13:24,BITU,42.02,42.09,42.02,42.09,1589
2025-11-05 13:25,BITU,42.065,42.065,42.065,42.065,1000
2025-11-05 13:26,BITU,42.08,42.16,42.07,42.16,1626
2025-11-05 13:27,BITU,42.16,42.16,42.06,42.07,1691
2025-11-05 13:28,BITU,42.12,42.12,42.12,42.12,875
2025-11-05 13:29,BITU,42.1451,42.1451,42.1451,42.1451,675
2025-11-05 13:31,BITU,42.115,42.13,42.08,42.1,6583
2025-11-05 13:32,BITU,42.1,42.11,42.07,42.07,605
2025-11-05 13:33,BITU,42.09,42.14,42.09,42.14,400
2025-11-05 13:34,BITU,42.08,42.11,42.08,42.11,540
2025-11-05 13:35,BITU,42.14,42.16,42.14,42.16,278
2025-11-05 13:36,BITU,42.2,42.27,42.2,42.25,3601
2025-11-05 13:37,BITU,42.26,42.275,42.2386,42.2401,2042
2025-11-05 13:38,BITU,42.24,42.259127,42.2399,42.259127,961
2025-11-05 13:39,BITU,42.245,42.2899,42.245,42.2899,1538
2025-11-05 13:40,BITU,42.2855,42.2855,42.25,42.25,1739
2025-11-05 13:41,BITU,42.24,42.2499,42.2,42.2499,3949
2025-11-05 13:42,BITU,42.205,42.22,42.2,42.22,636
2025-11-05 13:43,BITU,42.215,42.2199,42.2101,42.2199,527
2025-11-05 13:44,BITU,42.2301,42.2301,42.2301,42.2301,100
2025-11-05 13:45,BITU,42.2299,42.2299,42.195,42.195,873
2025-11-05 13:46,BITU,42.3,42.3,42.265,42.29,6567
2025-11-05 13:47,BITU,42.29,42.33,42.29,42.31,4544
2025-11-05 13:48,BITU,42.2935,42.34,42.285,42.32,1899
2025-11-05 13:49,BITU,42.295,42.31,42.28,42.3,1955
2025-11-05 13:50,BITU,42.29,42.3055,42.29,42.3,2855
2025-11-05 13:51,BITU,42.35,42.3599,42.35,42.3599,2572
2025-11-05 13:52,BITU,42.36,42.36,42.305,42.305,1172
2025-11-05 13:53,BITU,42.2935,42.31,42.26,42.31,538
2025-11-05 13:54,BITU,42.34,42.39,42.34,42.39,1820
2025-11-05 13:55,BITU,42.38,42.4,42.38,42.39,8284
2025-11-05 13:56,BITU,42.39,42.39,42.38,42.38,900
2025-11-05 13:57,BITU,42.38,42.38,42.2835,42.285,5604
2025-11-05 13:58,BITU,42.3045,42.34,42.3045,42.3145,2490
2025-11-05 13:59,BITU,42.3144,42.3435,42.3144,42.3299,3736
2025-11-05 14:00,BITU,42.3135,42.3235,42.295,42.305,1706
2025-11-05 14:01,BITU,42.31,42.31,42.275,42.2801,2341
2025-11-05 14:02,BITU,42.281,42.3,42.28,42.29,1374
2025-11-05 14:03,BITU,42.299,42.3,42.28,42.295,2668
2025-11-05 14:04,BITU,42.22,42.27,42.22,42.2639,5479
2025-11-05 14:05,BITU,42.2451,42.2451,42.22,42.22,1100
2025-11-05 14:06,BITU,42.23,42.23,42.2,42.23,2717
2025-11-05 14:07,BITU,42.23,42.23,42.17,42.1701,2410
2025-11-05 14:08,BITU,42.1735,42.1735,42.17,42.17,200
2025-11-05 14:09,BITU,42.17,42.17,42.13,42.145,988
2025-11-05 14:10,BITU,42.2,42.2,42.2,42.2,100
2025-11-05 14:11,BITU,42.18,42.18,42.17,42.1703,3448
2025-11-05 14:12,BITU,42.19,42.19,42.19,42.19,200
2025-11-05 14:13,BITU,42.1742,42.1742,42.1742,42.1742,200
2025-11-05 14:14,BITU,42.17,42.18,42.165,42.18,1699
2025-11-05 14:15,BITU,42.22,42.269,42.22,42.26,2746
2025-11-05 14:16,BITU,42.29,42.4498,42.29,42.4363,7432
2025-11-05 14:17,BITU,42.43,42.54,42.369,42.39,6121
2025-11-05 14:18,BITU,42.4,42.4,42.265,42.28,3180
2025-11-05 14:19,BITU,42.251,42.33,42.25,42.33,3670
2025-11-05 14:20,BITU,42.305,42.33,42.305,42.33,981
2025-11-05 14:21,BITU,42.3,42.3,42.265,42.28,3169
2025-11-05 14:22,BITU,42.25,42.26,42.215,42.2235,2019
2025-11-05 14:23,BITU,42.24,42.24,42.22,42.22,350
2025-11-05 14:24,BITU,42.21,42.26,42.21,42.2598,504
2025-11-05 14:25,BITU,42.29,42.3,42.28,42.295,5384
2025-11-05 14:26,BITU,42.3297,42.3297,42.3297,42.3297,100
2025-11-05 14:27,BITU,42.3245,42.33,42.31,42.33,1463
2025-11-05 14:29,BITU,42.28,42.28,42.22,42.22,10125
2025-11-05 14:30,BITU,42.195,42.24,42.195,42.24,450
2025-11-05 14:31,BITU,42.275,42.28,42.27,42.28,1041
2025-11-05 14:32,BITU,42.32,42.32,42.3,42.3,813
2025-11-05 14:33,BITU,42.29,42.29,42.26,42.27,1296
2025-11-05 14:34,BITU,42.2601,42.3035,42.2601,42.3035,450
2025-11-05 14:35,BITU,42.285,42.325,42.285,42.325,420
2025-11-05 14:36,BITU,42.35,42.43,42.35,42.36,2087
2025-11-05 14:37,BITU,42.35,42.35,42.3497,42.3497,621
2025-11-05 14:38,BITU,42.35,42.35,42.31,42.31,1072
2025-11-05 14:39,BITU,42.33,42.33,42.33,42.33,200
2025-11-05 14:40,BITU,42.371,42.39,42.371,42.375,1900
2025-11-05 14:41,BITU,42.37,42.4,42.37,42.4,1327
2025-11-05 14:42,BITU,42.37,42.4,42.36,42.4,800
2025-11-05 14:43,BITU,42.3799,42.38,42.365,42.365,570
2025-11-05 14:44,BITU,42.35,42.35,42.295,42.31,4985
2025-11-05 14:45,BITU,42.29,42.29,42.28,42.28,1010
2025-11-05 14:46,BITU,42.27,42.27,42.23,42.235,1582
2025-11-05 14:47,BITU,42.24,42.24,42.16,42.16,518
2025-11-05 14:48,BITU,42.135,42.135,42.055,42.055,1393
2025-11-05 14:49,BITU,42.07,42.07,42.06,42.06,658
2025-11-05 14:50,BITU,42.065,42.12,42.04,42.1197,4423
2025-11-05 14:51,BITU,42.135,42.135,42.135,42.135,337
2025-11-05 14:52,BITU,42.15,42.1501,42.145,42.1501,2782
2025-11-05 14:53,BITU,42.1,42.1,42.1,42.1,200
2025-11-05 14:54,BITU,42.12,42.155,42.12,42.13,11697
2025-11-05 14:55,BITU,42.18,42.18,42.1501,42.1501,1983
2025-11-05 14:56,BITU,42.1344,42.1344,42.09,42.1,1787
2025-11-05 14:57,BITU,42.14,42.14,42.14,42.14,610
2025-11-05 14:58,BITU,42.09,42.09,42.09,42.09,1000
2025-11-05 14:59,BITU,42.08,42.08,42.04,42.0401,2250
2025-11-05 15:00,BITU,42.03,42.05,42.03,42.0301,657
2025-11-05 15:01,BITU,42.045,42.09,42.04,42.09,1004
2025-11-05 15:02,BITU,42.11,42.12,42.1,42.1,3671
2025-11-05 15:03,BITU,42.1,42.1114,42.09,42.1114,1939
2025-11-05 15:04,BITU,42.1028,42.12,42.09,42.09,2404
2025-11-05 15:05,BITU,42.13,42.19,42.13,42.15,3639
2025-11-05 15:06,BITU,42.12,42.23,42.12,42.23,3176
2025-11-05 15:07,BITU,42.215,42.22,42.19,42.19,10116
2025-11-05 15:08,BITU,42.19,42.19,42.1545,42.1545,766
2025-11-05 15:09,BITU,42.16,42.215,42.16,42.21,2308
2025-11-05 15:10,BITU,42.2,42.2298,42.2,42.2298,1961
2025-11-05 15:11,BITU,42.25,42.26,42.23,42.26,782
2025-11-05 15:12,BITU,42.25,42.43,42.25,42.43,3786
2025-11-05 15:13,BITU,42.43,42.44,42.425,42.44,2565
2025-11-05 15:14,BITU,42.44,42.47,42.44,42.46,3340
2025-11-05 15:15,BITU,42.4699,42.47,42.385,42.385,4105
2025-11-05 15:16,BITU,42.38,42.38,42.3435,42.3435,3179
2025-11-05 15:17,BITU,42.38,42.38,42.32,42.32,2419
2025-11-05 15:18,BITU,42.32,42.325,42.27,42.28,2025
2025-11-05 15:19,BITU,42.2799,42.2799,42.27,42.27,686
2025-11-05 15:20,BITU,42.27,42.305,42.27,42.305,1971
2025-11-05 15:21,BITU,42.328,42.335,42.315,42.335,1296
2025-11-05 15:22,BITU,42.36,42.36,42.3516,42.3529,736
2025-11-05 15:23,BITU,42.315,42.315,42.26,42.27,1574
2025-11-05 15:24,BITU,42.3,42.3352,42.3,42.33,1124
2025-11-05 15:25,BITU,42.29,42.29,42.2699,42.2699,1729
2025-11-05 15:26,BITU,42.17,42.19,42.1603,42.1603,10283
2025-11-05 15:27,BITU,42.16,42.16,42.1154,42.135,1200
2025-11-05 15:28,BITU,42.13,42.1365,42.129,42.129,411
2025-11-05 15:29,BITU,42.1,42.1,42.06,42.06,1450
2025-11-05 15:30,BITU,42.0499,42.055,42.0,42.0,5849
2025-11-05 15:31,BITU,42.005,42.005,42.0,42.005,1652
2025-11-05 15:32,BITU,42.005,42.045,42.0,42.01,5006
2025-11-05 15:33,BITU,41.985,42.045,41.945,42.045,5124
2025-11-05 15:34,BITU,42.045,42.0544,42.015,42.015,781
2025-11-05 15:35,BITU,42.015,42.035,41.975,42.03,2691
2025-11-05 15:36,BITU,42.045,42.045,41.98,41.98,802
2025-11-05 15:37,BITU,41.93,41.93,41.89,41.915,3721
2025-11-05 15:38,BITU,41.907,41.907,41.86,41.87,2650
2025-11-05 15:39,BITU,41.89,41.975,41.89,41.97,3067
2025-11-05 15:40,BITU,41.93,42.04,41.92,42.035,3353
2025-11-05 15:41,BITU,42.05,42.0754,42.045,42.045,3566
2025-11-05 15:42,BITU,42.035,42.035,42.02,42.025,3263
2025-11-05 15:43,BITU,41.9801,41.99,41.965,41.965,1091
2025-11-05 15:44,BITU,41.97,42.035,41.96,42.0,2073
2025-11-05 15:45,BITU,41.99,41.99,41.985,41.99,635
2025-11-05 15:46,BITU,41.98,41.98,41.91,41.91,1217
2025-11-05 15:47,BITU,41.9,41.9,41.78,41.86,4441
2025-11-05 15:48,BITU,41.84,41.8899,41.82,41.865,2297
2025-11-05 15:49,BITU,41.895,41.9255,41.895,41.9199,2435
2025-11-05 15:50,BITU,41.9101,41.99,41.9101,41.99,3462
2025-11-05 15:51,BITU,41.985,42.01,41.92,41.92,2988
2025-11-05 15:52,BITU,41.91,41.91,41.85,41.85,1616
2025-11-05 15:53,BITU,41.88,41.94,41.88,41.92,5113
2025-11-05 15:54,BITU,41.94,42.0,41.94,42.0,10498
2025-11-05 15:55,BITU,42.0,42.03,41.95,42.03,3313
2025-11-05 15:56,BITU,42.02,42.05,42.0,42.045,2723
2025-11-05 15:57,BITU,42.04,42.04,41.97,42.01,3026
2025-11-05 15:58,BITU,42.03,42.04,41.9,41.9038,13598
2025-11-05 15:59,BITU,41.93,41.99,41.87,41.9565,11759
2025-11-05 16:00,BITU,41.94,41.94,41.84,41.84,23232
2025-11-05 16:01,BITU,41.845,41.845,41.76,41.76,400
2025-11-05 16:02,BITU,41.76,41.76,41.76,41.76,150
2025-11-05 16:04,BITU,41.81,41.84,41.81,41.84,856
2025-11-05 16:05,BITU,41.8798,41.8799,41.8798,41.8799,439
2025-11-05 16:06,BITU,41.86,41.87,41.86,41.87,715
2025-11-05 16:07,BITU,41.82,41.83,41.82,41.83,600
2025-11-05 16:08,BITU,41.83,41.83,41.8012,41.8012,2654
2025-11-05 16:09,BITU,41.7707,41.7707,41.7707,41.7707,500
2025-11-05 16:12,BITU,41.7201,41.7215,41.7201,41.7215,307
2025-11-05 16:13,BITU,41.73,41.73,41.73,41.73,154
2025-11-05 16:14,BITU,41.75,41.75,41.75,41.75,147
2025-11-05 16:15,BITU,41.75,41.75,41.74,41.74,587
2025-11-05 16:16,BITU,41.77,41.78,41.77,41.78,435
2025-11-05 16:20,BITU,41.77,41.84,41.77,41.84,200
2025-11-05 16:21,BITU,41.81,41.81,41.81,41.81,320
2025-11-05 16:24,BITU,41.84,41.84,41.84,41.84,500
2025-11-05 16:26,BITU,41.82,41.82,41.82,41.82,159
2025-11-05 16:27,BITU,41.78,41.78,41.7,41.7,508
2025-11-05 16:28,BITU,41.7101,41.7101,41.7101,41.7101,200
2025-11-05 16:31,BITU,41.73,41.73,41.72,41.72,550
2025-11-05 16:32,BITU,41.711,41.711,41.711,41.711,100
2025-11-05 16:35,BITU,41.78,41.78,41.78,41.78,440
2025-11-05 16:37,BITU,41.74,41.74,41.73,41.73,404
2025-11-05 16:39,BITU,41.7403,41.7403,41.7403,41.7403,100
2025-11-05 16:41,BITU,41.7576,41.7576,41.7576,41.7576,300
2025-11-05 16:45,BITU,41.71,41.71,41.71,41.71,152
2025-11-05 16:48,BITU,41.72,41.72,41.72,41.72,100
2025-11-05 16:49,BITU,41.71,41.71,41.7006,41.7006,200
2025-11-05 16:50,BITU,41.72,41.72,41.72,41.72,379
2025-11-05 16:53,BITU,41.84,41.85,41.84,41.85,1210
2025-11-05 16:55,BITU,41.87,41.87,41.87,41.87,100
2025-11-05 17:01,BITU,41.8,41.8,41.8,41.8,227
2025-11-05 17:03,BITU,41.8,41.8,41.8,41.8,1243
2025-11-05 17:04,BITU,41.8,41.81,41.69,41.71,8318
2025-11-05 17:05,BITU,41.68,41.72,41.68,41.72,1988
2025-11-05 17:06,BITU,41.695,41.75,41.68,41.68,2146
2025-11-05 17:09,BITU,41.64,41.64,41.64,41.64,360
2025-11-05 17:14,BITU,41.64,41.64,41.6,41.6,594
2025-11-05 17:15,BITU,41.61,41.61,41.61,41.61,400
2025-11-05 17:18,BITU,41.6,41.6,41.6,41.6,1353
2025-11-05 17:20,BITU,41.57,41.57,41.57,41.57,192
2025-11-05 17:21,BITU,41.54,41.54,41.5,41.5,711
2025-11-05 17:22,BITU,41.51,41.51,41.51,41.51,697
2025-11-05 17:23,BITU,41.5115,41.56,41.5115,41.56,1900
2025-11-05 17:24,BITU,41.59,41.59,41.59,41.59,100
2025-11-05 17:26,BITU,41.57,41.57,41.57,41.57,580
2025-11-05 17:27,BITU,41.57,41.57,41.57,41.57,100
2025-11-05 17:31,BITU,41.56,41.5601,41.56,41.5601,558
2025-11-05 17:33,BITU,41.599,41.6,41.599,41.6,500
2025-11-05 17:35,BITU,41.6,41.6,41.57,41.57,1334
2025-11-05 17:37,BITU,41.69,41.69,41.69,41.69,100
2025-11-05 17:42,BITU,41.64,41.65,41.6,41.6,482
2025-11-05 17:44,BITU,41.61,41.61,41.6,41.6,402
2025-11-05 17:47,BITU,41.74,41.74,41.74,41.74,1762
2025-11-05 17:49,BITU,41.75,41.81,41.75,41.81,500
2025-11-05 17:52,BITU,41.87,41.87,41.87,41.87,114
2025-11-05 17:55,BITU,41.87,41.87,41.87,41.87,200
2025-11-05 17:57,BITU,41.87,41.87,41.87,41.87,1153
2025-11-05 17:58,BITU,41.91,41.91,41.91,41.91,168
2025-11-05 17:59,BITU,41.87,41.87,41.87,41.87,1200
2025-11-05 18:03,BITU,41.8897,41.8897,41.8897,41.8897,200
2025-11-05 18:04,BITU,41.875,41.875,41.87,41.87,200
2025-11-05 18:15,BITU,41.94,41.94,41.94,41.94,343
2025-11-05 18:22,BITU,41.98,42.1,41.98,42.1,5349
2025-11-05 18:23,BITU,42.1,42.1,42.0989,42.0989,867
2025-11-05 18:24,BITU,42.1,42.1,42.1,42.1,1250
2025-11-05 18:26,BITU,42.0,42.0,42.0,42.0,100
2025-11-05 18:28,BITU,42.0,42.0,42.0,42.0,200
2025-11-05 18:44,BITU,42.09,42.1,42.09,42.1,402
2025-11-05 18:47,BITU,42.16,42.16,42.16,42.16,145
2025-11-05 18:49,BITU,42.08,42.08,42.07,42.08,698
2025-11-05 18:50,BITU,42.08,42.08,42.08,42.08,100
2025-11-05 18:51,BITU,42.0701,42.0701,42.0701,42.0701,125
2025-11-05 18:52,BITU,42.07,42.07,42.07,42.07,147
2025-11-05 18:54,BITU,42.18,42.18,42.18,42.18,184
2025-11-05 18:59,BITU,42.01,42.01,41.9899,41.9899,300
2025-11-05 19:00,BITU,41.95,42.04,41.95,42.04,700
2025-11-05 19:02,BITU,41.9499,41.9499,41.75,41.75,1850
2025-11-05 19:03,BITU,41.84,41.84,41.84,41.84,100
2025-11-05 19:08,BITU,41.805,41.805,41.8,41.8,400
2025-11-05 19:09,BITU,41.81,41.839,41.81,41.839,300
2025-11-05 19:10,BITU,41.84,41.84,41.84,41.84,120
2025-11-05 19:23,BITU,41.6155,41.62,41.6155,41.62,298
2025-11-05 19:25,BITU,41.61,41.61,41.5901,41.5901,4219
2025-11-05 19:26,BITU,41.6,41.6,41.6,41.6,100
2025-11-05 19:29,BITU,41.56,41.56,41.55,41.55,934
2025-11-05 19:33,BITU,41.5,41.5,41.5,41.5,222
2025-11-05 19:36,BITU,41.6,41.6,41.6,41.6,100
2025-11-05 19:39,BITU,41.5006,41.5006,41.5006,41.5006,200
2025-11-05 19:43,BITU,41.5,41.5,41.5,41.5,335
2025-11-05 19:46,BITU,41.59,41.59,41.59,41.59,100
2025-11-05 19:49,BITU,41.5981,41.6,41.5981,41.6,639
2025-11-05 19:51,BITU,41.6,41.6,41.6,41.6,3592
2025-11-06 07:00,BITU,41.49,41.5,41.4,41.4,500
2025-11-06 07:02,BITU,41.4,41.4,41.34,41.34,400
2025-11-06 07:03,BITU,41.29,41.29,41.29,41.29,120
2025-11-06 07:06,BITU,41.32,41.32,41.32,41.32,1997
2025-11-06 07:09,BITU,41.41,41.41,41.41,41.41,150
2025-11-06 07:11,BITU,41.47,41.48,41.47,41.47,300
2025-11-06 07:12,BITU,41.4,41.4,41.4,41.4,200
2025-11-06 07:13,BITU,41.4,41.4,41.4,41.4,130
2025-11-06 07:14,BITU,41.35,41.35,41.25,41.25,2609
2025-11-06 07:15,BITU,41.21,41.21,41.21,41.21,2239
2025-11-06 07:17,BITU,41.2,41.2,41.2,41.2,200
2025-11-06 07:18,BITU,41.2,41.2,41.2,41.2,182
2025-11-06 07:21,BITU,41.13,41.13,41.13,41.13,100
2025-11-06 07:22,BITU,41.16,41.16,41.16,41.16,936
2025-11-06 07:25,BITU,41.1,41.1,41.1,41.1,23054
2025-11-06 07:26,BITU,41.1,41.1,41.09,41.09,3157
2025-11-06 07:27,BITU,41.09,41.09,41.09,41.09,300
2025-11-06 07:29,BITU,41.07,41.07,41.07,41.07,857
2025-11-06 07:31,BITU,41.07,41.07,41.07,41.07,100
2025-11-06 07:32,BITU,41.08,41.08,41.08,41.08,400
2025-11-06 07:35,BITU,41.17,41.17,41.15,41.15,936
2025-11-06 07:37,BITU,41.13,41.13,41.13,41.13,136
2025-11-06 07:38,BITU,41.15,41.15,41.15,41.15,198
2025-11-06 07:39,BITU,41.15,41.15,41.14,41.14,3682
2025-11-06 07:40,BITU,41.05,41.05,41.05,41.05,200
2025-11-06 07:41,BITU,41.03,41.03,41.0,41.0,4228
2025-11-06 07:42,BITU,40.94,40.94,40.94,40.94,100
2025-11-06 07:43,BITU,40.9,40.9,40.88,40.88,1208
2025-11-06 07:44,BITU,40.8,40.8,40.79,40.79,980
2025-11-06 07:45,BITU,40.81,40.84,40.8,40.84,1818
2025-11-06 07:48,BITU,40.84,40.84,40.84,40.84,100
2025-11-06 07:50,BITU,40.9,40.9,40.9,40.9,200
2025-11-06 07:51,BITU,40.92,40.92,40.92,40.92,100
2025-11-06 07:52,BITU,40.9,40.9,40.85,40.85,589
2025-11-06 07:53,BITU,40.86,40.87,40.86,40.87,453
2025-11-06 07:54,BITU,40.84,40.84,40.84,40.84,100
2025-11-06 07:55,BITU,40.88,40.88,40.88,40.88,300
2025-11-06 07:57,BITU,40.85,40.85,40.85,40.85,140
2025-11-06 07:59,BITU,40.87,40.87,40.87,40.87,393
2025-11-06 08:00,BITU,41.2231,42.04,40.7884,41.45,20866
2025-11-06 08:01,BITU,41.31,41.7,41.2,41.35,49040
2025-11-06 08:02,BITU,40.9,40.9,40.9,40.9,200
2025-11-06 08:03,BITU,40.9759,40.9759,40.9759,40.9759,400
2025-11-06 08:07,BITU,41.0,41.0,41.0,41.0,140
2025-11-06 08:08,BITU,41.06,41.1,41.06,41.1,584
2025-11-06 08:09,BITU,41.08,41.08,41.08,41.08,100
2025-11-06 08:12,BITU,41.07,41.09,41.07,41.09,1025
2025-11-06 08:14,BITU,41.18,41.18,41.18,41.18,100
2025-11-06 08:15,BITU,41.2,41.2,41.15,41.16,6257
2025-11-06 08:16,BITU,41.2,41.26,41.2,41.26,23590
2025-11-06 08:17,BITU,41.3,41.34,41.3,41.34,300
2025-11-06 08:18,BITU,41.3,41.3,41.3,41.3,385
2025-11-06 08:19,BITU,41.27,41.27,41.27,41.27,376
2025-11-06 08:22,BITU,41.4,41.4,41.4,41.4,315
2025-11-06 08:23,BITU,41.45,41.45,41.45,41.45,180
2025-11-06 08:24,BITU,41.56,41.6,41.56,41.6,1355
2025-11-06 08:25,BITU,41.6,41.6,41.6,41.6,372
2025-11-06 08:26,BITU,41.7,41.7,41.7,41.7,114
2025-11-06 08:27,BITU,41.6898,41.6898,41.6,41.6,1866
2025-11-06 08:28,BITU,41.61,41.61,41.61,41.61,226
2025-11-06 08:29,BITU,41.6,41.6,41.6,41.6,143
2025-11-06 08:30,BITU,41.66,41.66,41.56,41.56,731
2025-11-06 08:31,BITU,41.46,41.48,41.46,41.48,1345
2025-11-06 08:32,BITU,41.49,41.49,41.4698,41.4698,400
2025-11-06 08:33,BITU,41.49,41.5,41.49,41.5,550
2025-11-06 08:34,BITU,41.5,41.5,41.5,41.5,500
2025-11-06 08:35,BITU,41.4563,41.4563,41.4563,41.4563,200
2025-11-06 08:36,BITU,41.46,41.46,41.46,41.46,100
2025-11-06 08:37,BITU,41.43,41.43,41.39,41.39,300
2025-11-06 08:39,BITU,41.34,41.36,41.34,41.35,1120
2025-11-06 08:40,BITU,41.34,41.36,41.34,41.36,850
2025-11-06 08:41,BITU,41.36,41.36,41.36,41.36,1176
2025-11-06 08:42,BITU,41.4,41.4,41.4,41.4,125
2025-11-06 08:43,BITU,41.45,41.45,41.45,41.45,175
2025-11-06 08:44,BITU,41.4201,41.4201,41.4201,41.4201,3300
2025-11-06 08:45,BITU,41.57,41.57,41.56,41.56,452
2025-11-06 08:47,BITU,41.53,41.53,41.53,41.53,556
2025-11-06 08:48,BITU,41.52,41.52,41.52,41.52,400
2025-11-06 08:49,BITU,41.54,41.54,41.5004,41.5004,1793
2025-11-06 08:50,BITU,41.63,41.63,41.63,41.63,100
2025-11-06 08:51,BITU,41.59,41.59,41.58,41.58,697
2025-11-06 08:52,BITU,41.57,41.62,41.57,41.62,941
2025-11-06 08:53,BITU,41.6279,41.6279,41.6279,41.6279,106
2025-11-06 08:54,BITU,41.5899,41.5899,41.5899,41.5899,100
2025-11-06 08:55,BITU,41.5,41.5,41.5,41.5,100
2025-11-06 08:59,BITU,41.43,41.44,41.43,41.43,1249
2025-11-06 09:00,BITU,41.49,41.51,41.46,41.49,995
2025-11-06 09:01,BITU,41.48,41.48,41.4608,41.4608,290
2025-11-06 09:02,BITU,41.56,41.56,41.56,41.56,200
2025-11-06 09:03,BITU,41.61,41.64,41.61,41.64,345
2025-11-06 09:05,BITU,41.43,41.43,41.43,41.43,200
2025-11-06 09:06,BITU,41.31,41.31,41.16,41.16,1863
2025-11-06 09:07,BITU,41.19,41.19,41.16,41.16,750
2025-11-06 09:08,BITU,41.1,41.11,41.04,41.04,2698
2025-11-06 09:09,BITU,41.09,41.09,41.08,41.08,688
2025-11-06 09:10,BITU,41.0,41.03,40.95,41.03,1427
2025-11-06 09:15,BITU,41.19,41.19,41.19,41.19,1865
2025-11-06 09:16,BITU,41.12,41.1795,41.12,41.1795,3130
2025-11-06 09:19,BITU,41.28,41.28,41.27,41.28,485
2025-11-06 09:20,BITU,41.28,41.28,41.17,41.17,2070
2025-11-06 09:21,BITU,41.14,41.14,41.14,41.14,200
2025-11-06 09:22,BITU,41.14,41.14,41.12,41.12,500
2025-11-06 09:24,BITU,41.06,41.06,41.06,41.06,397
2025-11-06 09:25,BITU,41.06,41.06,41.06,41.06,400
2025-11-06 09:26,BITU,41.04,41.05,41.03,41.04,3000
2025-11-06 09:28,BITU,41.09,41.09,41.09,41.09,124
2025-11-06 09:29,BITU,41.07,41.14,41.07,41.14,1309
2025-11-06 09:30,BITU,41.16,41.16,40.98,41.1,22597
2025-11-06 09:31,BITU,41.03,41.03,40.8487,40.9,2415
2025-11-06 09:32,BITU,40.88,41.09,40.88,41.08,4189
2025-11-06 09:33,BITU,41.02,41.02,40.81,40.8602,4004
2025-11-06 09:34,BITU,40.87,40.93,40.87,40.89,2737
2025-11-06 09:35,BITU,40.84,40.84,40.68,40.74,15560
2025-11-06 09:36,BITU,40.7597,40.9,40.74,40.83,5210
2025-11-06 09:37,BITU,40.95,41.01,40.89,40.98,2055
2025-11-06 09:38,BITU,40.95,40.98,40.89,40.89,2054
2025-11-06 09:39,BITU,40.89,40.89,40.79,40.79,26332
2025-11-06 09:40,BITU,40.6755,40.82,40.65,40.7972,5484
2025-11-06 09:41,BITU,40.72,40.7475,40.58,40.67,6063
2025-11-06 09:42,BITU,40.66,40.96,40.66,40.89,2217
2025-11-06 09:43,BITU,40.91,40.95,40.81,40.83,3669
2025-11-06 09:44,BITU,40.87,40.87,40.77,40.8,1725
2025-11-06 09:45,BITU,40.87,41.03,40.87,41.0299,5523
2025-11-06 09:46,BITU,41.0699,41.0699,40.9772,41.03,4751
2025-11-06 09:47,BITU,41.0299,41.1346,41.02,41.08,3799
2025-11-06 09:48,BITU,41.073854,41.09,40.99,41.0788,2521
2025-11-06 09:49,BITU,41.07,41.09,40.85,40.87,10381
2025-11-06 09:50,BITU,40.88,40.95,40.7406,40.79,10905
2025-11-06 09:51,BITU,40.83,40.83,40.59,40.63,9261
2025-11-06 09:52,BITU,40.68,40.68,40.55,40.6,4432
2025-11-06 09:53,BITU,40.59,40.6899,40.58,40.58,2608
2025-11-06 09:54,BITU,40.54,40.56,40.47,40.51,9407
2025-11-06 09:55,BITU,40.51,40.57,40.4,40.57,28673
2025-11-06 09:56,BITU,40.56,40.58,40.49,40.53,4573
2025-11-06 09:57,BITU,40.47,40.47,40.39,40.44,8199
2025-11-06 09:58,BITU,40.43,40.45,40.43,40.43,2859
2025-11-06 09:59,BITU,40.41,40.4528,40.39,40.43,3653
2025-11-06 10:00,BITU,40.44,40.47,40.34,40.41,9353
2025-11-06 10:01,BITU,40.39,40.5,40.32,40.33,12185
2025-11-06 10:02,BITU,40.32,40.4,40.3,40.3,9231
2025-11-06 10:03,BITU,40.28,40.5,40.27,40.5,4761
2025-11-06 10:04,BITU,40.4688,40.47,40.35,40.39,7846
2025-11-06 10:05,BITU,40.5083,40.59,40.5083,40.56,3298
2025-11-06 10:06,BITU,40.55,40.73,40.55,40.66,4058
2025-11-06 10:07,BITU,40.6187,40.6187,40.55,40.55,1924
2025-11-06 10:08,BITU,40.5097,40.56,40.49,40.5201,3471
2025-11-06 10:09,BITU,40.55,40.591,40.54,40.56,3543
2025-11-06 10:10,BITU,40.55,40.74,40.54,40.71,2718
2025-11-06 10:11,BITU,40.73,40.75,40.63,40.63,2700
2025-11-06 10:12,BITU,40.5301,40.62,40.53,40.55,3310
2025-11-06 10:13,BITU,40.58,40.65,40.58,40.58,3138
2025-11-06 10:14,BITU,40.63,40.65,40.55,40.55,2003
2025-11-06 10:15,BITU,40.49,40.5601,40.45,40.49,9078
2025-11-06 10:16,BITU,40.461,40.5455,40.461,40.53,3780
2025-11-06 10:17,BITU,40.58,40.7,40.58,40.5929,2168
2025-11-06 10:18,BITU,40.65,40.72,40.65,40.69,2223
2025-11-06 10:19,BITU,40.71,40.75,40.67,40.75,3368
2025-11-06 10:20,BITU,40.76,41.14,40.76,41.05,6349
2025-11-06 10:21,BITU,41.12,41.12,40.97,40.99,3986
2025-11-06 10:22,BITU,41.0,41.1,40.99,41.1,600
2025-11-06 10:23,BITU,41.1,41.1,40.99,41.0,1411
2025-11-06 10:24,BITU,41.04,41.06,40.89,40.91,3283
2025-11-06 10:25,BITU,40.95,40.99,40.95,40.99,1345
2025-11-06 10:26,BITU,40.99,40.99,40.88,40.91,558
2025-11-06 10:27,BITU,40.85,40.85,40.77,40.7935,3350
2025-11-06 10:28,BITU,40.82,40.85,40.81,40.85,439
2025-11-06 10:29,BITU,40.8,40.8,40.77,40.77,1000
2025-11-06 10:30,BITU,40.72,40.7301,40.66,40.66,1498
2025-11-06 10:31,BITU,40.64,40.72,40.623,40.703,2588
2025-11-06 10:32,BITU,40.66,40.72,40.66,40.68,2146
2025-11-06 10:33,BITU,40.63,40.677,40.52,40.52,10977
2025-11-06 10:34,BITU,40.53,40.61,40.43,40.57,1556
2025-11-06 10:35,BITU,40.52,40.61,40.5128,40.54,800
2025-11-06 10:36,BITU,40.4801,40.4801,40.4,40.41,4645
2025-11-06 10:37,BITU,40.42,40.42,40.32,40.32,1084
2025-11-06 10:38,BITU,40.32,40.41,40.31,40.41,14539
2025-11-06 10:39,BITU,40.3,40.34,40.291,40.3,4133
2025-11-06 10:40,BITU,40.28,40.3,40.17,40.26,30394
2025-11-06 10:41,BITU,40.24,40.27,40.18,40.27,1014
2025-11-06 10:42,BITU,40.28,40.41,40.28,40.29,3069
2025-11-06 10:43,BITU,40.44,40.485,40.4105,40.4105,400
2025-11-06 10:44,BITU,40.3984,40.3984,40.16,40.2,2385
2025-11-06 10:45,BITU,40.22,40.336531,40.22,40.336531,4356
2025-11-06 10:46,BITU,40.33,40.33,40.22,40.229,1800
2025-11-06 10:47,BITU,40.25,40.25,40.17,40.17,1533
2025-11-06 10:48,BITU,40.17,40.22,40.09,40.14,13101
2025-11-06 10:49,BITU,40.16,40.25,40.09,40.237,14072
2025-11-06 10:50,BITU,40.26,40.3,40.18,40.24,4333
2025-11-06 10:51,BITU,40.22,40.32,40.21,40.252,3038
2025-11-06 10:52,BITU,40.22,40.36,40.12,40.36,14242
2025-11-06 10:53,BITU,40.24,40.46,40.24,40.41,14541
2025-11-06 10:54,BITU,40.41,40.5,40.38,40.49,5404
2025-11-06 10:55,BITU,40.43,40.45,40.37,40.39,1661
2025-11-06 10:56,BITU,40.38,40.38,40.25,40.34,3173
2025-11-06 10:57,BITU,40.31,40.39,40.3,40.39,2037
2025-11-06 10:58,BITU,40.38,40.421,40.32,40.35,1369
2025-11-06 10:59,BITU,40.44,40.44,40.36,40.36,700
2025-11-06 11:00,BITU,40.41,40.43,40.34,40.3932,1430
2025-11-06 11:01,BITU,40.44,40.44,40.3501,40.3501,1318
2025-11-06 11:02,BITU,40.37,40.47,40.37,40.42,1651
2025-11-06 11:03,BITU,40.44,40.48,40.38,40.4,5038
2025-11-06 11:04,BITU,40.39,40.4501,40.38,40.4501,3547
2025-11-06 11:05,BITU,40.49,40.62,40.48,40.602,1959
2025-11-06 11:06,BITU,40.63,40.7,40.56,40.56,1220
2025-11-06 11:07,BITU,40.56,40.57,40.47,40.47,4730
2025-11-06 11:08,BITU,40.56,40.59,40.5,40.5,1520
2025-11-06 11:09,BITU,40.49,40.49,40.47,40.47,300
2025-11-06 11:10,BITU,40.47,40.47,40.35,40.35,3880
2025-11-06 11:11,BITU,40.31,40.31,40.29,40.29,1323
2025-11-06 11:12,BITU,40.28,40.3,40.26,40.26,3329
2025-11-06 11:13,BITU,40.28,40.28,40.28,40.28,100
2025-11-06 11:14,BITU,40.27,40.32,40.22,40.22,2315
2025-11-06 11:15,BITU,40.2,40.25,40.2,40.22,1313
2025-11-06 11:16,BITU,40.21,40.28,40.16,40.16,1550
2025-11-06 11:17,BITU,40.16,40.17,40.13,40.17,625
2025-11-06 11:18,BITU,40.16,40.16,40.05,40.075,4003
2025-11-06 11:19,BITU,40.07,40.0901,40.01,40.01,2125
2025-11-06 11:20,BITU,40.02,40.09,40.005,40.09,7554
2025-11-06 11:21,BITU,40.04,40.1294,40.04,40.12,2763
2025-11-06 11:22,BITU,40.06,40.06,39.977,39.98,6641
2025-11-06 11:23,BITU,40.0,40.0099,39.99,39.9925,1750
2025-11-06 11:24,BITU,40.0,40.16,39.99,40.15,6791
2025-11-06 11:25,BITU,40.17,40.17,40.05,40.12,4530
2025-11-06 11:26,BITU,40.15,40.23,40.13,40.22,6296
2025-11-06 11:27,BITU,40.24,40.25,40.17,40.21,5626
2025-11-06 11:28,BITU,40.19,40.2,40.17,40.17,5713
2025-11-06 11:29,BITU,40.2,40.2301,40.18,40.18,99050
2025-11-06 11:30,BITU,40.12,40.12,40.0301,40.05,3497
2025-11-06 11:31,BITU,40.033,40.09,40.03,40.03,700
2025-11-06 11:32,BITU,40.03,40.03,39.96,39.98,4549
2025-11-06 11:33,BITU,39.98,39.98,39.93,39.96,7280
2025-11-06 11:34,BITU,39.9,39.9701,39.87,39.94,2848
2025-11-06 11:35,BITU,39.89,39.89,39.8,39.81,6093
2025-11-06 11:36,BITU,39.8,39.8425,39.8,39.8,1436
2025-11-06 11:37,BITU,39.7936,39.8301,39.76,39.76,2507
2025-11-06 11:38,BITU,39.74,39.84,39.73,39.775,4002
2025-11-06 11:39,BITU,39.74,39.75,39.52,39.52,11626
2025-11-06 11:40,BITU,39.54,39.57,39.38,39.38,33226
2025-11-06 11:41,BITU,39.395,39.41,39.31,39.32,6839
2025-11-06 11:42,BITU,39.3517,39.365,39.15,39.15,16277
2025-11-06 11:43,BITU,39.15,39.18,39.01,39.1,20645
2025-11-06 11:44,BITU,39.1,39.2734,39.07,39.23,7419
2025-11-06 11:45,BITU,39.18,39.2,39.15,39.2,6260
2025-11-06 11:46,BITU,39.23,39.39,39.23,39.34,8701
2025-11-06 11:47,BITU,39.34,39.34,39.21,39.3,20420
2025-11-06 11:48,BITU,39.32,39.32,39.22,39.22,2179
2025-11-06 11:49,BITU,39.195,39.195,39.1211,39.151,8989
2025-11-06 11:50,BITU,39.13,39.14,39.0,39.043,9054
2025-11-06 11:51,BITU,39.08,39.29,39.08,39.26,4530
2025-11-06 11:52,BITU,39.31,39.53,39.29,39.53,3100
2025-11-06 11:53,BITU,39.5398,39.59,39.45,39.5726,12937
2025-11-06 11:54,BITU,39.6499,39.6548,39.5499,39.63,5299
2025-11-06 11:55,BITU,39.58,39.58,39.3841,39.3841,4811
2025-11-06 11:56,BITU,39.37,39.37,39.23,39.25,4751
2025-11-06 11:57,BITU,39.27,39.41,39.27,39.4099,1160
2025-11-06 11:58,BITU,39.39,39.47,39.3,39.47,1763
2025-11-06 11:59,BITU,39.46,39.46,39.42,39.42,9400
2025-11-06 12:00,BITU,39.55,39.585,39.4701,39.52,17835
2025-11-06 12:01,BITU,39.43,39.53,39.43,39.49,2257
2025-11-06 12:02,BITU,39.44,39.54,39.44,39.54,1200
2025-11-06 12:03,BITU,39.56,39.56,39.44,39.5,3728
2025-11-06 12:04,BITU,39.52,39.6278,39.52,39.5755,9285
2025-11-06 12:05,BITU,39.54,39.6144,39.53,39.6144,1330
2025-11-06 12:06,BITU,39.57,39.6109,39.57,39.6109,4013
2025-11-06 12:07,BITU,39.62,39.62,39.43,39.43,3110
2025-11-06 12:08,BITU,39.4248,39.4248,39.33,39.33,638
2025-11-06 12:09,BITU,39.34,39.625,39.34,39.62,4999
2025-11-06 12:10,BITU,39.73,39.88,39.73,39.84,4211
2025-11-06 12:11,BITU,39.88,39.93,39.831,39.88,6514
2025-11-06 12:12,BITU,39.8402,39.8402,39.675,39.675,8915
2025-11-06 12:13,BITU,39.66,39.66,39.59,39.62,1232
2025-11-06 12:14,BITU,39.56,39.57,39.47,39.47,2670
2025-11-06 12:15,BITU,39.475,39.53,39.475,39.53,2047
2025-11-06 12:16,BITU,39.55,39.63,39.55,39.59,6457
2025-11-06 12:17,BITU,39.6,39.64,39.55,39.55,5691
2025-11-06 12:18,BITU,39.6,39.64,39.58,39.59,1520
2025-11-06 12:19,BITU,39.56,39.61,39.55,39.59,2893
2025-11-06 12:20,BITU,39.55,39.61,39.55,39.57,1491
2025-11-06 12:21,BITU,39.44,39.44,39.4,39.4,701
2025-11-06 12:22,BITU,39.47,39.55,39.47,39.55,768
2025-11-06 12:23,BITU,39.55,39.63,39.48,39.48,1748
2025-11-06 12:24,BITU,39.51,39.61,39.51,39.61,1629
2025-11-06 12:25,BITU,39.62,39.68,39.59,39.67,3147
2025-11-06 12:26,BITU,39.705,39.705,39.62,39.6697,550
2025-11-06 12:27,BITU,39.71,39.79,39.71,39.79,2720
2025-11-06 12:28,BITU,39.81,39.87,39.81,39.86,1420
2025-11-06 12:29,BITU,39.87,39.95,39.87,39.95,1757
2025-11-06 12:30,BITU,39.87,39.87,39.75,39.75,1500
2025-11-06 12:31,BITU,39.76,39.78,39.75,39.75,1898
2025-11-06 12:32,BITU,39.73,39.88,39.73,39.87,600
2025-11-06 12:33,BITU,39.86,39.96,39.86,39.95,1804
2025-11-06 12:34,BITU,39.99,40.0,39.8,39.8072,4523
2025-11-06 12:35,BITU,39.915,39.9201,39.91,39.9201,1800
2025-11-06 12:36,BITU,39.95,39.96,39.93,39.96,672
2025-11-06 12:37,BITU,39.95,40.01,39.92,39.93,2308
2025-11-06 12:38,BITU,39.9,39.9,39.86,39.87,1600
2025-11-06 12:39,BITU,39.84,39.84,39.7701,39.79,1185
2025-11-06 12:40,BITU,39.81,39.82,39.77,39.77,4930
2025-11-06 12:41,BITU,39.78,39.78,39.72,39.73,2322
2025-11-06 12:42,BITU,39.77,39.78,39.77,39.78,700
2025-11-06 12:44,BITU,39.875,39.888274,39.82,39.8699,2610
2025-11-06 12:45,BITU,39.86,39.87,39.86,39.87,1510
2025-11-06 12:46,BITU,39.87,39.91,39.87,39.8899,2837
2025-11-06 12:47,BITU,39.9,40.03,39.9,40.03,1300
2025-11-06 12:48,BITU,40.07,40.18,40.07,40.18,867
2025-11-06 12:49,BITU,40.1314,40.1314,40.0796,40.0796,1913
2025-11-06 12:50,BITU,40.2,40.28,40.19,40.26,8581
2025-11-06 12:51,BITU,40.27,40.33,40.265,40.265,8460
2025-11-06 12:52,BITU,40.24,40.24,40.23,40.23,210
2025-11-06 12:53,BITU,40.26,40.26,40.12,40.17,1410
2025-11-06 12:54,BITU,40.15,40.28,40.15,40.28,1568
2025-11-06 12:55,BITU,40.285,40.29,40.1479,40.19,1441
2025-11-06 12:56,BITU,40.21,40.2158,40.1101,40.1101,5438
2025-11-06 12:57,BITU,40.119,40.139074,40.09,40.1,4251
2025-11-06 12:58,BITU,40.17,40.17,40.17,40.17,200
2025-11-06 12:59,BITU,40.17,40.178,40.17,40.17,929
2025-11-06 13:00,BITU,40.11,40.11,40.079,40.079,1351
2025-11-06 13:01,BITU,40.13,40.13,40.13,40.13,810
2025-11-06 13:02,BITU,40.15,40.15,40.08,40.12,2058
2025-11-06 13:03,BITU,40.0,40.01,39.96,39.9663,1023
2025-11-06 13:04,BITU,39.9534,39.97,39.9,39.93,9245
2025-11-06 13:05,BITU,39.9284,39.9284,39.88,39.88,2176
2025-11-06 13:06,BITU,39.8648,39.89,39.805,39.84,19532
2025-11-06 13:07,BITU,39.88,39.9807,39.88,39.95,1225
2025-11-06 13:08,BITU,39.95,40.0,39.91,39.9358,3453
2025-11-06 13:09,BITU,39.8548,39.88,39.76,39.76,10824
2025-11-06 13:10,BITU,39.78,39.82,39.755,39.82,1619
2025-11-06 13:11,BITU,39.81,39.83,39.81,39.83,800
2025-11-06 13:12,BITU,39.79,39.86,39.78,39.839018,5008
2025-11-06 13:13,BITU,39.82,39.86,39.82,39.82,5943
2025-11-06 13:14,BITU,39.8,39.87,39.789,39.87,800
2025-11-06 13:15,BITU,39.83,39.853,39.83,39.853,610
2025-11-06 13:16,BITU,39.72,39.74,39.6499,39.67,4216
2025-11-06 13:17,BITU,39.62,39.62,39.57,39.59,3477
2025-11-06 13:18,BITU,39.62,39.62,39.51,39.551,1010
2025-11-06 13:19,BITU,39.5517,39.565,39.55,39.56,1102
2025-11-06 13:20,BITU,39.59,39.6299,39.59,39.6299,907
2025-11-06 13:21,BITU,39.65,39.66,39.61,39.61,1321
2025-11-06 13:22,BITU,39.66,39.735,39.66,39.73,4120
2025-11-06 13:23,BITU,39.7286,39.79,39.7286,39.77,1833
2025-11-06 13:24,BITU,39.81,39.818,39.78,39.818,610
2025-11-06 13:25,BITU,39.84,39.84,39.84,39.84,875
2025-11-06 13:26,BITU,39.885,39.95,39.885,39.95,1226
2025-11-06 13:27,BITU,39.97,40.0,39.84,39.84,6596
2025-11-06 13:28,BITU,39.86,39.89,39.86,39.89,320
2025-11-06 13:29,BITU,39.9,39.91,39.85,39.86,1720
2025-11-06 13:30,BITU,39.85,39.965,39.85,39.93,27376
2025-11-06 13:31,BITU,40.0,40.0,39.98,39.98,3408
2025-11-06 13:32,BITU,40.01,40.08,40.01,40.08,427
2025-11-06 13:33,BITU,40.04,40.07,40.04,40.07,1305
2025-11-06 13:34,BITU,39.98,40.02,39.98,39.99,8266
2025-11-06 13:35,BITU,40.03,40.12,40.03,40.12,1700
2025-11-06 13:36,BITU,40.17,40.19,40.14,40.18,3355
2025-11-06 13:37,BITU,40.16,40.1672,40.11,40.13,1660
2025-11-06 13:38,BITU,40.145,40.145,40.0501,40.0501,801
2025-11-06 13:39,BITU,40.1,40.16,40.085,40.14,5338
2025-11-06 13:40,BITU,40.18,40.2,40.14,40.14,3229
2025-11-06 13:41,BITU,40.15,40.15,40.06,40.06,1024
2025-11-06 13:42,BITU,40.09,40.16,40.07,40.16,1420
2025-11-06 13:43,BITU,40.16,40.16,40.119,40.119,30221
2025-11-06 13:44,BITU,40.11,40.153,40.09,40.09,3242
2025-11-06 13:45,BITU,40.11,40.17,40.07,40.1501,4928
2025-11-06 13:46,BITU,40.15,40.16,40.07,40.07,3318
2025-11-06 13:47,BITU,40.1,40.15,40.1,40.141,6425
2025-11-06 13:48,BITU,40.22,40.46,40.22,40.46,4842
2025-11-06 13:49,BITU,40.4611,40.6,40.45,40.6,3570
2025-11-06 13:50,BITU,40.58,40.5867,40.52,40.52,1938
2025-11-06 13:51,BITU,40.54,40.54,40.42,40.48,6017
2025-11-06 13:52,BITU,40.46,40.5,40.45,40.4615,2267
2025-11-06 13:53,BITU,40.4599,40.48,40.43,40.4377,2509
2025-11-06 13:54,BITU,40.405,40.45,40.38,40.44,2499
2025-11-06 13:55,BITU,40.39,40.42,40.26,40.26,3798
2025-11-06 13:56,BITU,40.23,40.2499,40.18,40.2,4982
2025-11-06 13:57,BITU,40.21,40.23,40.18,40.225,500
2025-11-06 13:58,BITU,40.18,40.2,40.15,40.15,2742
2025-11-06 13:59,BITU,40.16,40.17,40.14,40.15,3552
2025-11-06 14:00,BITU,40.09,40.09,40.07,40.09,2105
2025-11-06 14:01,BITU,40.06,40.1764,40.06,40.1764,3200
2025-11-06 14:02,BITU,40.17,40.21,40.11,40.11,3130
2025-11-06 14:03,BITU,40.1,40.14,40.06,40.08,9071
2025-11-06 14:04,BITU,40.01,40.1,40.0,40.1,2637
2025-11-06 14:05,BITU,40.12,40.28,40.1,40.26,12124
2025-11-06 14:06,BITU,40.24,40.29,40.21,40.23,3111
2025-11-06 14:07,BITU,40.27,40.27,40.2,40.245,1600
2025-11-06 14:08,BITU,40.2299,40.2299,40.13,40.19,6604
2025-11-06 14:09,BITU,40.17,40.22,40.16,40.18,1700
2025-11-06 14:10,BITU,40.25,40.26,40.15,40.15,1616
2025-11-06 14:11,BITU,40.16,40.2573,40.16,40.23,2959
2025-11-06 14:12,BITU,40.21,40.25,40.21,40.2367,2140
2025-11-06 14:13,BITU,40.23,40.2714,40.23,40.26,2449
2025-11-06 14:14,BITU,40.27,40.33,40.27,40.3267,3090
2025-11-06 14:15,BITU,40.35,40.37,40.32,40.35,1918
2025-11-06 14:16,BITU,40.33,40.3404,40.2,40.25,3553
2025-11-06 14:17,BITU,40.3,40.34,40.21,40.2296,3510
2025-11-06 14:18,BITU,40.205,40.23,40.17,40.17,1245
2025-11-06 14:19,BITU,40.17,40.24,40.17,40.24,1130
2025-11-06 14:20,BITU,40.22,40.22,40.16,40.16,1050
2025-11-06 14:22,BITU,40.21,40.23,40.13,40.16,5855
2025-11-06 14:23,BITU,40.19,40.2,40.15,40.15,820
2025-11-06 14:25,BITU,40.14,40.15,40.14,40.15,3100
2025-11-06 14:26,BITU,40.08,40.12,40.08,40.12,1200
2025-11-06 14:27,BITU,40.16,40.23,40.15,40.15,1756
2025-11-06 14:28,BITU,40.16,40.21,40.16,40.2001,1181
2025-11-06 14:29,BITU,40.23,40.2701,40.23,40.25,2792
2025-11-06 14:30,BITU,40.17,40.17,40.1,40.1,550
2025-11-06 14:31,BITU,40.08,40.08,40.07,40.0747,1175
2025-11-06 14:32,BITU,40.07,40.18,40.07,40.18,930
2025-11-06 14:33,BITU,40.19,40.19,40.1401,40.1401,480
2025-11-06 14:34,BITU,40.113,40.113,40.075,40.075,1192
2025-11-06 14:35,BITU,40.11,40.11,40.09,40.1,680
2025-11-06 14:36,BITU,40.09,40.2101,40.09,40.1887,3313
2025-11-06 14:37,BITU,40.1901,40.23,40.18,40.23,3594
2025-11-06 14:38,BITU,40.24,40.28,40.24,40.28,693
2025-11-06 14:39,BITU,40.19,40.192,40.01,40.01,2355
2025-11-06 14:40,BITU,40.01,40.01,39.84,39.9,11048
2025-11-06 14:41,BITU,39.85,39.85,39.76,39.77,2583
2025-11-06 14:42,BITU,39.7628,39.7628,39.7628,39.7628,429
2025-11-06 14:43,BITU,39.77,39.83,39.71,39.83,1860
2025-11-06 14:44,BITU,39.86,39.95,39.86,39.95,867
2025-11-06 14:45,BITU,39.92,39.93,39.91,39.92,3291
2025-11-06 14:46,BITU,39.91,39.91,39.91,39.91,306
2025-11-06 14:47,BITU,39.91,39.9333,39.91,39.92,1050
2025-11-06 14:48,BITU,39.91,39.915,39.74,39.74,2370
2025-11-06 14:49,BITU,39.74,39.77,39.7,39.76,2569
2025-11-06 14:50,BITU,39.75,39.84,39.75,39.8344,1845
2025-11-06 14:51,BITU,39.86,39.86,39.82,39.82,520
2025-11-06 14:52,BITU,39.78,39.78,39.75,39.76,700
2025-11-06 14:53,BITU,39.73,39.79,39.7,39.79,3979
2025-11-06 14:54,BITU,39.78,39.827,39.78,39.827,1853
2025-11-06 14:55,BITU,39.82,39.82,39.7918,39.81,542
2025-11-06 14:56,BITU,39.815,39.8199,39.76,39.8199,1094
2025-11-06 14:57,BITU,39.815,39.93,39.81,39.93,8292
2025-11-06 14:58,BITU,39.95,40.02,39.95,40.0,1570
2025-11-06 14:59,BITU,39.96,39.96,39.8599,39.8599,1032
2025-11-06 15:00,BITU,39.8999,39.9555,39.8999,39.9487,3385
2025-11-06 15:01,BITU,39.96,39.96,39.9001,39.9301,5461
2025-11-06 15:02,BITU,39.99,39.99,39.94,39.94,798
2025-11-06 15:03,BITU,39.9899,39.9899,39.94,39.94,1000
2025-11-06 15:04,BITU,39.95,40.01,39.945,40.01,1650
2025-11-06 15:05,BITU,40.05,40.05,39.99,39.99,1607
2025-11-06 15:06,BITU,39.97,39.97,39.94,39.95,1090
2025-11-06 15:07,BITU,39.9,39.93,39.9,39.93,230
2025-11-06 15:08,BITU,39.94,40.0,39.94,39.97,400
2025-11-06 15:09,BITU,39.9,39.9199,39.87,39.9,10270
2025-11-06 15:10,BITU,39.89,39.9304,39.89,39.9304,8854
2025-11-06 15:11,BITU,39.9556,39.9556,39.91,39.91,1249
2025-11-06 15:12,BITU,39.96,40.07,39.88,39.88,1348
2025-11-06 15:13,BITU,39.865,39.865,39.865,39.865,503
2025-11-06 15:14,BITU,39.8,39.801,39.76,39.801,2207
2025-11-06 15:15,BITU,39.85,39.85,39.8,39.8,400
2025-11-06 15:16,BITU,39.81,39.81,39.7,39.71,4084
2025-11-06 15:17,BITU,39.69,39.69,39.63,39.66,1450
2025-11-06 15:18,BITU,39.66,39.66,39.64,39.65,1005
2025-11-06 15:19,BITU,39.683,39.71,39.68,39.68,1352
2025-11-06 15:20,BITU,39.68,39.72,39.61,39.72,2415
2025-11-06 15:21,BITU,39.73,39.7513,39.7,39.7513,1626
2025-11-06 15:22,BITU,39.7517,39.7601,39.7517,39.7601,452
2025-11-06 15:23,BITU,39.76,39.84,39.76,39.8398,587
2025-11-06 15:24,BITU,39.86,39.86,39.82,39.85,1511
2025-11-06 15:25,BITU,39.86,39.86,39.818711,39.84,2254
2025-11-06 15:26,BITU,39.8528,39.915,39.82,39.8836,2191
2025-11-06 15:27,BITU,39.77,39.77,39.77,39.77,200
2025-11-06 15:28,BITU,39.77,39.77,39.77,39.77,100
2025-11-06 15:29,BITU,39.57,39.58,39.56,39.58,2240
2025-11-06 15:30,BITU,39.59,39.63,39.59,39.6155,2314
2025-11-06 15:31,BITU,39.5767,39.5767,39.5,39.52,5158
2025-11-06 15:32,BITU,39.48,39.53,39.44,39.51,7136
2025-11-06 15:33,BITU,39.5004,39.53,39.47,39.53,1610
2025-11-06 15:34,BITU,39.53,39.62,39.53,39.62,3028
2025-11-06 15:35,BITU,39.61,39.66,39.57,39.58,4966
2025-11-06 15:36,BITU,39.57,39.5999,39.51,39.54,6775
2025-11-06 15:37,BITU,39.5599,39.64,39.5555,39.5555,3436
2025-11-06 15:38,BITU,39.5644,39.63,39.56,39.62,7581
2025-11-06 15:39,BITU,39.61,39.6403,39.49,39.49,4548
2025-11-06 15:40,BITU,39.45,39.47,39.41,39.43,19987
2025-11-06 15:41,BITU,39.44,39.46,39.405,39.45,500
2025-11-06 15:42,BITU,39.45,39.46,39.36,39.36,6360
2025-11-06 15:43,BITU,39.35,39.35,39.292,39.32,4227
2025-11-06 15:44,BITU,39.31,39.32,39.26,39.32,4435
2025-11-06 15:45,BITU,39.33,39.43,39.32,39.39,12503
2025-11-06 15:46,BITU,39.39,39.4001,39.28,39.28,2158
2025-11-06 15:47,BITU,39.3,39.37,39.29,39.36,8507
2025-11-06 15:48,BITU,39.352,39.401,39.352,39.39,4725
2025-11-06 15:49,BITU,39.37,39.43,39.36,39.39,8534
2025-11-06 15:50,BITU,39.44,39.4612,39.37,39.4612,6247
2025-11-06 15:51,BITU,39.46,39.46,39.37,39.41,3950
2025-11-06 15:52,BITU,39.38,39.48,39.38,39.47,14895
2025-11-06 15:53,BITU,39.47,39.5,39.45,39.46,6114
2025-11-06 15:54,BITU,39.51,39.55,39.44,39.48,31517
2025-11-06 15:55,BITU,39.47,39.63,39.46,39.58,15049
2025-11-03 13:12,DFEN,73.19,73.25,73.19,73.25,700
2025-11-03 13:14,DFEN,73.0897,73.0897,73.0897,73.0897,299
2025-11-03 13:17,DFEN,72.985,72.985,72.985,72.985,465
2025-11-03 13:18,DFEN,73.2499,73.2499,73.1735,73.1735,265
2025-11-03 13:23,DFEN,73.16,73.16,73.16,73.16,600
2025-11-03 13:25,DFEN,73.1056,73.1056,73.1056,73.1056,508
2025-11-03 13:28,DFEN,73.02,73.0827,73.02,73.0827,1630
2025-11-03 13:33,DFEN,72.94,72.94,72.9395,72.9395,405
2025-11-03 13:45,DFEN,73.09,73.1,73.045,73.045,1350
2025-11-03 13:51,DFEN,73.04,73.04,73.04,73.04,1106
2025-11-03 13:56,DFEN,73.19,73.23,73.19,73.23,700
2025-11-03 14:00,DFEN,73.1881,73.205,73.1881,73.205,283
2025-11-03 14:02,DFEN,73.09,73.09,73.09,73.09,995
2025-11-03 14:04,DFEN,73.155,73.155,73.155,73.155,110
2025-11-03 14:09,DFEN,73.1,73.1,73.1,73.1,100
2025-11-03 14:13,DFEN,72.99,72.99,72.99,72.99,110
2025-11-03 14:19,DFEN,73.1223,73.1223,73.1223,73.1223,300
2025-11-03 14:23,DFEN,73.1,73.1,73.1,73.1,100
2025-11-03 14:38,DFEN,73.09,73.09,73.09,73.09,100
2025-11-03 14:40,DFEN,73.154,73.154,73.154,73.154,400
2025-11-03 14:48,DFEN,73.22,73.22,73.22,73.22,200
2025-11-03 14:50,DFEN,73.29,73.29,73.12,73.12,350
2025-11-03 14:52,DFEN,73.0468,73.0468,73.0468,73.0468,100
2025-11-03 14:53,DFEN,73.02,73.02,73.02,73.02,136
2025-11-03 15:02,DFEN,73.02,73.02,72.85,72.85,1035
2025-11-03 15:07,DFEN,72.93,72.93,72.93,72.93,156
2025-11-03 15:09,DFEN,72.8927,72.8927,72.8927,72.8927,177
2025-11-03 15:10,DFEN,72.88,72.88,72.878,72.878,410
2025-11-03 15:27,DFEN,73.12,73.1481,73.12,73.1481,750
2025-11-03 15:28,DFEN,73.12,73.12,73.12,73.12,100
2025-11-03 15:29,DFEN,73.07,73.07,73.07,73.07,100
2025-11-03 15:30,DFEN,72.99,72.99,72.99,72.99,300
2025-11-03 15:35,DFEN,72.94,72.94,72.94,72.94,151
2025-11-03 15:37,DFEN,73.031,73.031,73.031,73.031,580
2025-11-03 15:39,DFEN,73.0,73.0,73.0,73.0,3150
2025-11-03 15:43,DFEN,73.068,73.068,73.068,73.068,136
2025-11-03 15:45,DFEN,73.01,73.0625,73.01,73.0625,223
2025-11-03 15:47,DFEN,73.08,73.08,73.08,73.08,100
2025-11-03 15:48,DFEN,73.09,73.09,73.04,73.04,1224
2025-11-03 15:54,DFEN,73.21,73.21,73.12,73.12,860
2025-11-03 15:55,DFEN,73.17,73.17,73.09,73.09,756
2025-11-03 15:57,DFEN,73.09,73.09,73.09,73.09,292
2025-11-03 15:58,DFEN,73.09,73.09,73.01,73.01,704
2025-11-03 15:59,DFEN,72.97,73.0,72.91,73.0,1209
2025-11-03 16:00,DFEN,73.09,73.09,73.09,73.09,1245
2025-11-03 16:14,DFEN,71.9213,71.9213,71.9213,71.9213,500
2025-11-03 16:16,DFEN,71.9569,71.9569,71.9569,71.9569,300
2025-11-04 08:43,DFEN,70.8132,70.8132,70.8132,70.8132,114
2025-11-04 09:05,DFEN,70.8,70.8,70.8,70.8,134
2025-11-04 09:15,DFEN,70.5945,70.75,70.5945,70.75,236
2025-11-04 09:20,DFEN,70.69,70.69,70.69,70.69,194
2025-11-04 09:29,DFEN,70.57,70.57,70.57,70.57,100
2025-11-04 09:30,DFEN,70.5,70.5,69.6801,69.6809,12223
2025-11-04 09:31,DFEN,69.92,69.9254,68.6901,68.6901,4971
2025-11-04 09:32,DFEN,69.0,69.56,68.97,69.56,7297
2025-11-04 09:33,DFEN,69.5169,69.85,69.5169,69.85,620
2025-11-04 09:34,DFEN,69.59,69.59,69.2855,69.2855,3907
2025-11-04 09:35,DFEN,69.405,69.405,69.29,69.29,313
2025-11-04 09:36,DFEN,69.0481,69.54,69.0481,69.54,950
2025-11-04 09:37,DFEN,69.4271,69.4271,69.4012,69.4012,2100
2025-11-04 09:38,DFEN,69.417,69.42,69.3864,69.3864,3000
2025-11-04 09:39,DFEN,69.61,69.61,69.61,69.61,5950
2025-11-04 09:40,DFEN,69.88,70.0343,69.87,70.0343,786
2025-11-04 09:41,DFEN,70.01,70.0315,70.01,70.0315,850
2025-11-04 09:42,DFEN,70.28,70.3,70.26,70.26,881
2025-11-04 09:43,DFEN,70.3,70.5,70.3,70.5,650
2025-11-04 09:44,DFEN,70.53,70.63,70.49,70.49,1468
2025-11-04 09:45,DFEN,70.52,70.78,70.52,70.78,1920
2025-11-04 09:46,DFEN,70.78,70.99,70.78,70.99,3175
2025-11-04 09:47,DFEN,71.0,71.03,71.0,71.015,550
2025-11-04 09:49,DFEN,71.0927,71.0927,71.0927,71.0927,169
2025-11-04 09:51,DFEN,71.25,71.25,71.25,71.25,400
2025-11-04 09:52,DFEN,71.22,71.25,71.16,71.25,1000
2025-11-04 09:54,DFEN,71.09,71.09,71.09,71.09,500
2025-11-04 09:56,DFEN,71.06,71.06,71.01,71.01,500
2025-11-04 09:57,DFEN,71.0,71.0,70.945,70.945,346
2025-11-04 09:58,DFEN,70.9497,70.9497,70.75,70.76,400
2025-11-04 09:59,DFEN,71.09,71.12,71.09,71.12,988
2025-11-04 10:00,DFEN,71.25,71.331,71.2,71.331,1720
2025-11-04 10:02,DFEN,71.18,71.18,71.18,71.18,100
2025-11-04 10:03,DFEN,70.92,70.92,70.89,70.89,500
2025-11-04 10:04,DFEN,71.01,71.01,71.01,71.01,150
2025-11-04 10:06,DFEN,70.63,70.63,70.46,70.46,700
2025-11-04 10:07,DFEN,70.6025,70.615,70.6025,70.615,850
2025-11-04 10:08,DFEN,70.6336,70.6336,70.4076,70.4076,1100
2025-11-04 10:09,DFEN,70.5735,70.5735,70.5735,70.5735,600
2025-11-04 10:10,DFEN,70.653,70.82,70.653,70.82,1621
2025-11-04 10:11,DFEN,70.98,70.98,70.84,70.84,1300
2025-11-04 10:14,DFEN,70.99,70.99,70.92,70.92,200
2025-11-04 10:18,DFEN,71.18,71.18,71.118,71.118,200
2025-11-04 10:24,DFEN,71.2668,71.2668,71.2668,71.2668,525
2025-11-04 10:25,DFEN,71.15,71.15,71.15,71.15,1490
2025-11-04 10:26,DFEN,71.1,71.1,71.1,71.1,100
2025-11-04 10:31,DFEN,71.3,71.3,71.25,71.25,200
2025-11-04 10:32,DFEN,71.2701,71.28,71.2,71.28,2147
2025-11-04 10:33,DFEN,71.325,71.5,71.325,71.5,650
2025-11-04 10:35,DFEN,71.52,71.52,71.49,71.49,300
2025-11-04 10:37,DFEN,71.76,71.76,71.76,71.76,200
2025-11-04 10:38,DFEN,71.71,71.71,71.71,71.71,100
2025-11-04 10:39,DFEN,71.84,71.84,71.81,71.81,200
2025-11-04 10:40,DFEN,71.74,71.74,71.64,71.64,550
2025-11-04 10:41,DFEN,71.7499,71.7499,71.7499,71.7499,100
2025-11-04 10:43,DFEN,71.75,71.75,71.75,71.75,148
2025-11-04 10:45,DFEN,71.8015,71.8015,71.8015,71.8015,100
2025-11-04 10:47,DFEN,71.83,71.83,71.76,71.76,200
2025-11-04 10:48,DFEN,71.829,71.829,71.54,71.54,900
2025-11-04 10:49,DFEN,71.6176,71.6176,71.6176,71.6176,200
2025-11-04 10:51,DFEN,71.4195,71.4195,71.4195,71.4195,120
2025-11-04 10:53,DFEN,71.39,71.39,71.39,71.39,118
2025-11-04 10:54,DFEN,71.36,71.46,71.36,71.46,225
2025-11-04 10:55,DFEN,71.35,71.35,71.35,71.35,100
2025-11-04 10:59,DFEN,71.24,71.24,71.24,71.24,100
2025-11-04 11:02,DFEN,71.36,71.36,71.36,71.36,100
2025-11-04 11:04,DFEN,71.38,71.38,71.38,71.38,300
2025-11-04 11:07,DFEN,71.08,71.09,71.07,71.0873,899
2025-11-04 11:08,DFEN,70.96,70.96,70.96,70.96,100
2025-11-04 11:10,DFEN,70.9,70.9,70.9,70.9,100
2025-11-04 11:11,DFEN,70.99,70.99,70.976,70.976,200
2025-11-04 11:13,DFEN,71.0765,71.0765,71.0765,71.0765,120
2025-11-04 11:15,DFEN,71.12,71.12,71.12,71.12,100
2025-11-04 11:22,DFEN,71.36,71.37,71.36,71.37,250
2025-11-04 11:24,DFEN,71.08,71.08,71.08,71.08,100
2025-11-04 11:38,DFEN,71.195,71.25,71.195,71.25,583
2025-11-04 11:39,DFEN,71.3245,71.3245,71.3245,71.3245,200
2025-11-04 11:42,DFEN,71.2541,71.2541,71.18,71.18,600
2025-11-04 11:43,DFEN,71.12,71.12,71.12,71.12,100
2025-11-04 11:50,DFEN,70.874,70.874,70.874,70.874,200
2025-11-04 11:56,DFEN,71.03,71.03,71.03,71.03,100
2025-11-04 12:03,DFEN,71.07,71.07,71.07,71.07,350
2025-11-04 12:04,DFEN,71.07,71.07,71.07,71.07,200
2025-11-04 12:12,DFEN,70.798,70.798,70.798,70.798,300
2025-11-04 12:20,DFEN,70.64,70.64,70.64,70.64,500
2025-11-04 12:22,DFEN,70.6995,70.6995,70.6995,70.6995,130
2025-11-04 12:25,DFEN,70.86,70.86,70.86,70.86,626
2025-11-04 12:28,DFEN,70.68,70.68,70.68,70.68,100
2025-11-04 12:30,DFEN,70.51,70.51,70.5,70.5,200
2025-11-04 12:36,DFEN,70.43,70.43,70.33,70.33,400
2025-11-04 12:37,DFEN,70.31,70.31,70.19,70.19,1500
2025-11-04 12:39,DFEN,70.17,70.17,70.11,70.11,500
2025-11-04 12:40,DFEN,70.09,70.09,70.06,70.09,900
2025-11-04 12:41,DFEN,70.06,70.06,70.0,70.0,400
2025-11-04 12:42,DFEN,69.93,69.93,69.85,69.85,900
2025-11-04 12:45,DFEN,70.1,70.1,70.08,70.08,200
2025-11-04 12:46,DFEN,70.0485,70.0485,70.0485,70.0485,120
2025-11-04 12:48,DFEN,70.225,70.225,70.225,70.225,100
2025-11-04 12:49,DFEN,70.2,70.2564,70.2,70.2564,300
2025-11-04 12:50,DFEN,70.34,70.34,70.34,70.34,200
2025-11-04 12:51,DFEN,70.3157,70.3157,70.3157,70.3157,181
2025-11-04 12:52,DFEN,70.325,70.34,70.325,70.34,400
2025-11-04 12:53,DFEN,70.38,70.38,70.2101,70.22,580
2025-11-04 12:59,DFEN,70.035,70.035,70.035,70.035,119
2025-11-04 13:00,DFEN,69.945,69.9536,69.945,69.9536,1556
2025-11-04 13:01,DFEN,69.9787,69.9787,69.9787,69.9787,149
2025-11-04 13:03,DFEN,69.93,70.02,69.93,70.02,200
2025-11-04 13:07,DFEN,69.977,70.04,69.977,70.04,400
2025-11-04 13:08,DFEN,69.8183,69.8183,69.8183,69.8183,200
2025-11-04 13:09,DFEN,69.795,69.795,69.795,69.795,150
2025-11-04 13:10,DFEN,69.9142,69.9142,69.9142,69.9142,200
2025-11-04 13:11,DFEN,69.919,69.919,69.919,69.919,200
2025-11-04 13:12,DFEN,69.9163,69.9163,69.8962,69.8962,260
2025-11-04 13:13,DFEN,69.9,69.9,69.89,69.89,338
2025-11-04 13:14,DFEN,70.0,70.0,70.0,70.0,200
2025-11-04 13:15,DFEN,69.9566,70.09,69.9566,70.08,451
2025-11-04 13:20,DFEN,69.8132,69.8132,69.8132,69.8132,100
2025-11-04 13:23,DFEN,70.18,70.18,70.18,70.18,100
2025-11-04 13:26,DFEN,69.81,69.81,69.81,69.81,100
2025-11-04 13:27,DFEN,69.77,69.77,69.77,69.77,120
2025-11-04 13:28,DFEN,69.55,69.55,69.55,69.55,100
2025-11-04 13:29,DFEN,69.7,69.74,69.7,69.72,700
2025-11-04 13:31,DFEN,69.755,69.755,69.755,69.755,100
2025-11-04 13:33,DFEN,69.7674,69.7674,69.7674,69.7674,100
2025-11-04 13:34,DFEN,69.8335,69.8335,69.8335,69.8335,690
2025-11-04 13:35,DFEN,69.85,69.86,69.85,69.86,200
2025-11-04 13:37,DFEN,69.835,69.835,69.8016,69.8016,947
2025-11-04 13:39,DFEN,69.8,69.8,69.75,69.75,325
2025-11-04 13:41,DFEN,69.855,69.855,69.855,69.855,100
2025-11-04 13:42,DFEN,69.8265,69.8265,69.8265,69.8265,143
2025-11-04 13:47,DFEN,70.15,70.15,70.15,70.15,100
2025-11-04 13:48,DFEN,70.15,70.15,70.15,70.15,100
2025-11-04 13:49,DFEN,70.0675,70.0675,70.0675,70.0675,142
2025-11-04 13:50,DFEN,70.23,70.28,70.23,70.28,600
2025-11-04 13:52,DFEN,70.17,70.25,70.17,70.25,635
2025-11-04 13:54,DFEN,70.25,70.275,70.25,70.275,200
2025-11-04 13:55,DFEN,70.2235,70.2235,70.2235,70.2235,150
2025-11-04 13:57,DFEN,70.15,70.15,70.15,70.15,1000
2025-11-04 13:58,DFEN,70.1999,70.1999,70.1999,70.1999,300
2025-11-04 13:59,DFEN,70.1332,70.1332,70.04,70.04,4338
2025-11-04 14:00,DFEN,70.21,70.21,70.21,70.21,100
2025-11-04 14:03,DFEN,70.32,70.32,70.32,70.32,150
2025-11-04 14:05,DFEN,70.3763,70.3763,70.3763,70.3763,400
2025-11-04 14:06,DFEN,70.3735,70.3735,70.26,70.26,2001
2025-11-04 14:10,DFEN,70.25,70.25,70.25,70.25,1000
2025-11-04 14:15,DFEN,70.5,70.53,70.5,70.53,341
2025-11-04 14:18,DFEN,70.4374,70.4374,70.4374,70.4374,400
2025-11-04 14:20,DFEN,70.39,70.51,70.36,70.4,1500
2025-11-04 14:21,DFEN,70.34,70.34,70.34,70.34,207
2025-11-04 14:22,DFEN,70.3444,70.3444,70.3444,70.3444,164
2025-11-04 14:23,DFEN,70.45,70.45,70.4481,70.4481,408
2025-11-04 14:26,DFEN,70.36,70.36,70.33,70.33,200
2025-11-04 14:30,DFEN,70.43,70.43,70.43,70.43,100
2025-11-04 14:31,DFEN,70.31,70.31,70.26,70.26,500
2025-11-04 14:32,DFEN,70.3165,70.3165,70.3165,70.3165,100
2025-11-04 14:36,DFEN,70.15,70.15,70.15,70.15,100
2025-11-04 14:41,DFEN,70.0,70.0,70.0,70.0,350
2025-11-04 14:45,DFEN,69.9299,69.9299,69.9299,69.9299,130
2025-11-04 14:47,DFEN,69.77,69.77,69.75,69.75,300
2025-11-04 14:49,DFEN,69.68,69.68,69.68,69.68,150
2025-11-04 14:52,DFEN,69.9,69.9,69.9,69.9,100
2025-11-04 14:56,DFEN,69.92,69.92,69.92,69.92,100
2025-11-04 15:01,DFEN,69.81,69.81,69.81,69.81,100
2025-11-04 15:03,DFEN,69.8975,69.8975,69.8975,69.8975,287
2025-11-04 15:06,DFEN,70.03,70.03,70.03,70.03,100
2025-11-04 15:07,DFEN,70.13,70.13,70.13,70.13,100
2025-11-04 15:11,DFEN,70.01,70.01,70.01,70.01,100
2025-11-04 15:14,DFEN,70.0,70.0,70.0,70.0,1428
2025-11-04 15:16,DFEN,70.265,70.265,70.18,70.23,720
2025-11-04 15:18,DFEN,70.2725,70.2725,70.2725,70.2725,130
2025-11-04 15:19,DFEN,70.16,70.16,70.16,70.16,100
2025-11-04 15:20,DFEN,70.04,70.04,69.96,69.96,200
2025-11-04 15:24,DFEN,69.92,69.92,69.92,69.92,100
2025-11-04 15:25,DFEN,69.9482,70.0028,69.901,70.0028,2437
2025-11-04 15:26,DFEN,69.97,69.97,69.93,69.95,3423
2025-11-04 15:28,DFEN,70.12,70.12,70.07,70.07,1690
2025-11-04 15:31,DFEN,69.86,69.86,69.82,69.82,422
2025-11-04 15:32,DFEN,69.88,69.88,69.88,69.88,650
2025-11-04 15:33,DFEN,69.78,69.78,69.78,69.78,100
2025-11-04 15:34,DFEN,69.7937,69.7937,69.7937,69.7937,800
2025-11-04 15:36,DFEN,69.8601,69.8601,69.8601,69.8601,400
2025-11-04 15:39,DFEN,70.065,70.1072,70.065,70.1072,400
2025-11-04 15:40,DFEN,69.97,69.97,69.97,69.97,175
2025-11-04 15:41,DFEN,70.17,70.18,70.14,70.14,600
2025-11-04 15:43,DFEN,70.42,70.42,70.42,70.42,800
2025-11-04 15:44,DFEN,70.3775,70.385,70.3775,70.385,200
2025-11-04 15:45,DFEN,70.31,70.31,70.31,70.31,396
2025-11-04 15:46,DFEN,70.28,70.2841,70.24,70.2841,1013
2025-11-04 15:47,DFEN,70.3525,70.3525,70.3525,70.3525,239
2025-11-04 15:49,DFEN,70.18,70.18,70.18,70.18,200
2025-11-04 15:51,DFEN,69.91,69.91,69.84,69.84,475
2025-11-04 15:52,DFEN,69.92,69.99,69.92,69.96,700
2025-11-04 15:53,DFEN,70.06,70.06,70.06,70.06,100
2025-11-04 15:54,DFEN,70.22,70.22,70.22,70.22,123
2025-11-04 15:55,DFEN,69.86,69.9,69.85,69.85,485
2025-11-04 15:56,DFEN,69.85,69.98,69.79,69.98,1251
2025-11-04 15:57,DFEN,69.95,69.95,69.904,69.904,500
2025-11-04 15:58,DFEN,69.98,69.98,69.84,69.86,671
2025-11-04 15:59,DFEN,69.81,69.9,69.81,69.85,2069
2025-11-04 16:00,DFEN,69.8,69.8,69.8,69.8,2776
2025-11-04 16:01,DFEN,69.82,69.82,69.82,69.82,100
2025-11-04 16:03,DFEN,69.55,69.55,69.55,69.55,125
2025-11-04 16:08,DFEN,69.13,69.27,69.13,69.27,250
2025-11-04 16:13,DFEN,69.17,69.17,69.17,69.17,100
2025-11-04 16:21,DFEN,68.71,68.71,68.71,68.71,100
2025-11-04 16:27,DFEN,68.5,68.5,68.5,68.5,100
2025-11-04 17:25,DFEN,68.0,68.0,68.0,68.0,900
2025-11-04 17:46,DFEN,69.36,69.36,69.36,69.36,100
2025-11-04 18:09,DFEN,68.52,68.55,68.5,68.5,990
2025-11-04 18:38,DFEN,68.042,68.65,68.042,68.65,200
2025-11-04 18:52,DFEN,69.4,69.4,69.4,69.4,100
2025-11-04 19:37,DFEN,68.0,68.0,68.0,68.0,100
2025-11-05 07:00,DFEN,67.91,67.91,67.91,67.91,600
2025-11-05 07:33,DFEN,67.94,67.99,67.94,67.99,801
2025-11-05 08:03,DFEN,67.9786,67.9786,67.9786,67.9786,120
2025-11-05 08:13,DFEN,67.67,67.67,67.67,67.67,950
2025-11-05 08:37,DFEN,67.61,67.72,67.61,67.72,200
2025-11-05 08:42,DFEN,67.7,67.7,67.7,67.7,100
2025-11-05 08:56,DFEN,67.63,67.72,67.63,67.72,800
2025-11-05 08:57,DFEN,67.63,67.8,67.59,67.59,1100
2025-11-05 08:58,DFEN,67.7,67.75,67.6,67.75,900
2025-11-05 08:59,DFEN,67.63,67.7,67.63,67.7,200
2025-11-05 09:00,DFEN,67.61,67.75,67.6,67.6,1300
2025-11-05 09:01,DFEN,67.72,67.72,67.6,67.6,1800
2025-11-05 09:02,DFEN,67.65,67.65,67.46,67.46,900
2025-11-05 09:03,DFEN,67.6,67.65,67.46,67.65,1400
2025-11-05 09:04,DFEN,67.45,67.6,67.45,67.6,1000
2025-11-05 09:05,DFEN,67.4,67.6,67.4,67.6,200
2025-11-05 09:06,DFEN,67.4,67.4,67.4,67.4,100
2025-11-05 09:07,DFEN,67.5,67.5,67.5,67.5,100
2025-11-05 09:08,DFEN,67.38,67.5,67.38,67.46,750
2025-11-05 09:11,DFEN,67.42,67.5,67.42,67.42,420
2025-11-05 09:12,DFEN,67.28,67.49,67.28,67.49,505
2025-11-05 09:16,DFEN,67.5,67.51,67.5,67.51,200
2025-11-05 09:25,DFEN,67.5,67.5,67.5,67.5,200
2025-11-05 09:30,DFEN,67.27,67.27,66.8,66.935,18283
2025-11-05 09:31,DFEN,67.075,67.687,66.94,67.687,6254
2025-11-05 09:32,DFEN,67.71,67.775,67.44,67.44,1100
2025-11-05 09:33,DFEN,67.48,67.5973,67.213,67.213,1225
2025-11-05 09:34,DFEN,67.43,67.44,67.21,67.21,900
2025-11-05 09:35,DFEN,67.145,67.68,67.145,67.68,6339
2025-11-05 09:36,DFEN,67.79,67.79,67.5,67.5895,1700
2025-11-05 09:37,DFEN,67.72,67.92,67.72,67.92,3782
2025-11-05 09:38,DFEN,67.8899,68.08,67.8899,68.02,2190
2025-11-05 09:39,DFEN,68.1,68.12,67.8,68.04,2120
2025-11-05 09:40,DFEN,67.915,67.915,67.78,67.78,650
2025-11-05 09:41,DFEN,67.755,67.76,67.28,67.29,1300
2025-11-05 09:42,DFEN,67.205,67.55,67.2,67.2,1250
2025-11-05 09:43,DFEN,67.44,67.6,67.44,67.56,890
2025-11-05 09:44,DFEN,67.21,67.21,66.97,66.97,2800
2025-11-05 09:45,DFEN,66.965,66.965,66.7,66.7,8438
2025-11-05 09:46,DFEN,66.89,67.16,66.835,67.16,4491
2025-11-05 09:48,DFEN,67.41,67.48,67.39,67.4,920
2025-11-05 09:49,DFEN,67.46,67.66,67.45,67.66,5651
2025-11-05 09:50,DFEN,67.68,67.83,67.6201,67.83,2937
2025-11-05 09:51,DFEN,67.845,68.12,67.845,68.12,2852
2025-11-05 09:52,DFEN,68.01,68.01,68.01,68.01,100
2025-11-05 09:53,DFEN,68.12,68.12,67.99,67.99,500
2025-11-05 09:54,DFEN,68.2,68.2,68.2,68.2,100
2025-11-05 09:55,DFEN,68.2495,68.2646,68.24,68.2646,381
2025-11-05 09:56,DFEN,68.28,68.28,68.17,68.17,440
2025-11-05 09:58,DFEN,68.22,68.22,68.04,68.04,700
2025-11-05 09:59,DFEN,68.15,68.15,68.13,68.13,400
2025-11-05 10:00,DFEN,67.9998,67.9998,67.9998,67.9998,1000
2025-11-05 10:01,DFEN,67.955,67.955,67.955,67.955,100
2025-11-05 10:02,DFEN,68.0,68.0005,68.0,68.0005,728
2025-11-05 10:03,DFEN,67.8975,67.9,67.8,67.845,3694
2025-11-05 10:04,DFEN,67.8001,67.944,67.8001,67.944,724
2025-11-05 10:05,DFEN,67.83,68.3,67.82,68.26,1106
2025-11-05 10:06,DFEN,68.23,68.23,68.15,68.15,284
2025-11-05 10:07,DFEN,68.2,68.2,67.9901,67.9901,1132
2025-11-05 10:08,DFEN,68.33,68.41,68.33,68.41,525
2025-11-05 10:09,DFEN,68.33,68.4894,68.33,68.4894,1840
2025-11-05 10:10,DFEN,68.015,68.015,68.015,68.015,1000
2025-11-05 10:11,DFEN,67.9,67.9101,67.9,67.9101,1655
2025-11-05 10:13,DFEN,67.82,67.91,67.82,67.91,940
2025-11-05 10:14,DFEN,67.54,67.54,67.4955,67.4955,320
2025-11-05 10:15,DFEN,67.55,67.58,67.55,67.58,300
2025-11-05 10:16,DFEN,67.74,67.89,67.74,67.774,500
2025-11-05 10:17,DFEN,67.8169,67.9927,67.8169,67.9927,1765
2025-11-05 10:19,DFEN,67.88,67.88,67.88,67.88,100
2025-11-05 10:23,DFEN,67.99,68.15,67.99,68.15,200
2025-11-05 10:24,DFEN,68.0,68.11,68.0,68.11,1974
2025-11-05 10:25,DFEN,67.85,67.86,67.85,67.85,350
2025-11-05 10:26,DFEN,67.785,67.9,67.785,67.9,538
2025-11-05 10:31,DFEN,68.11,68.11,68.11,68.11,100
2025-11-05 10:32,DFEN,68.061,68.061,68.061,68.061,132
2025-11-05 10:35,DFEN,68.21,68.21,68.21,68.21,135
2025-11-05 10:37,DFEN,68.34,68.34,68.34,68.34,100
2025-11-05 10:38,DFEN,68.38,68.387,68.375,68.375,600
2025-11-05 10:39,DFEN,68.3977,68.3977,68.3977,68.3977,132
2025-11-05 10:40,DFEN,68.42,68.46,68.41,68.46,700
2025-11-05 10:41,DFEN,68.4663,68.48,68.4663,68.47,1070
2025-11-05 10:43,DFEN,68.58,68.58,68.58,68.58,100
2025-11-05 10:44,DFEN,68.44,68.44,68.44,68.44,290
2025-11-05 10:45,DFEN,68.3,68.3,68.1036,68.1036,510
2025-11-05 10:47,DFEN,68.3,68.3,68.3,68.3,200
2025-11-05 10:49,DFEN,68.35,68.3506,68.35,68.3506,580
2025-11-05 10:50,DFEN,68.39,68.4,68.38,68.39,1650
2025-11-05 10:52,DFEN,68.32,68.32,68.32,68.32,200
2025-11-05 10:54,DFEN,68.39,68.39,68.23,68.23,833
2025-11-05 10:55,DFEN,68.15,68.25,68.15,68.24,300
2025-11-05 10:57,DFEN,68.2,68.2,68.2,68.2,300
2025-11-05 10:58,DFEN,68.12,68.22,68.12,68.22,400
2025-11-05 11:00,DFEN,68.15,68.15,68.15,68.15,100
2025-11-05 11:01,DFEN,68.185,68.185,68.185,68.185,139
2025-11-05 11:02,DFEN,68.23,68.35,68.23,68.32,400
2025-11-05 11:03,DFEN,68.45,68.45,68.45,68.45,100
2025-11-05 11:04,DFEN,68.45,68.55,68.45,68.55,256
2025-11-05 11:05,DFEN,68.37,68.405,68.37,68.405,250
2025-11-05 11:06,DFEN,68.47,68.47,68.47,68.47,100
2025-11-05 11:08,DFEN,68.26,68.26,68.17,68.215,450
2025-11-05 11:10,DFEN,68.23,68.23,68.23,68.23,120
2025-11-05 11:11,DFEN,68.32,68.32,68.32,68.32,100
2025-11-05 11:12,DFEN,68.05,68.05,68.0,68.0,750
2025-11-05 11:13,DFEN,68.01,68.01,68.01,68.01,100
2025-11-05 11:15,DFEN,67.93,67.93,67.93,67.93,100
2025-11-05 11:16,DFEN,67.8373,67.8373,67.8373,67.8373,1067
2025-11-05 11:18,DFEN,67.8917,67.9263,67.8917,67.9263,2295
2025-11-05 11:20,DFEN,67.883,67.883,67.8313,67.8313,770
2025-11-05 11:21,DFEN,67.83,67.855,67.705,67.705,3450
2025-11-05 11:22,DFEN,67.71,67.71,67.6,67.6,435
2025-11-05 11:24,DFEN,67.895,67.895,67.895,67.895,100
2025-11-05 11:28,DFEN,68.25,68.27,68.25,68.27,300
2025-11-05 11:29,DFEN,68.1919,68.256,68.19,68.19,1020
2025-11-05 11:31,DFEN,68.28,68.29,68.28,68.29,600
2025-11-05 11:35,DFEN,68.3714,68.395,68.35,68.395,1316
2025-11-05 11:36,DFEN,68.4,68.41,68.4,68.41,700
2025-11-05 11:37,DFEN,68.46,68.47,68.43,68.47,581
2025-11-05 11:38,DFEN,68.6,68.67,68.6,68.67,600
2025-11-05 11:40,DFEN,68.6899,68.6899,68.6899,68.6899,281
2025-11-05 11:42,DFEN,68.54,68.54,68.54,68.54,100
2025-11-05 11:46,DFEN,68.4992,68.4992,68.4992,68.4992,150
2025-11-05 11:50,DFEN,68.49,68.49,68.49,68.49,100
2025-11-05 11:51,DFEN,68.405,68.405,68.32,68.32,800
2025-11-05 11:53,DFEN,68.5,68.5,68.5,68.5,350
2025-11-05 11:55,DFEN,68.36,68.36,68.36,68.36,100
2025-11-05 11:56,DFEN,68.23,68.305,68.23,68.305,250
2025-11-05 11:58,DFEN,68.25,68.25,68.25,68.25,100
2025-11-05 11:59,DFEN,68.22,68.2381,68.22,68.2381,2100
2025-11-05 12:00,DFEN,68.3,68.3,68.13,68.13,300
2025-11-05 12:01,DFEN,68.18,68.19,68.18,68.19,400
2025-11-05 12:02,DFEN,68.26,68.26,68.26,68.26,200
2025-11-05 12:03,DFEN,68.25,68.34,68.25,68.34,1100
2025-11-05 12:05,DFEN,68.37,68.37,68.37,68.37,120
2025-11-05 12:07,DFEN,68.467,68.467,68.3151,68.3151,4099
2025-11-05 12:08,DFEN,68.07,68.07,68.07,68.07,150
2025-11-05 12:12,DFEN,68.09,68.09,68.09,68.09,100
2025-11-05 12:13,DFEN,68.24,68.27,68.17,68.17,4326
2025-11-05 12:14,DFEN,68.184,68.184,68.0816,68.0816,451
2025-11-05 12:15,DFEN,68.08,68.17,68.02,68.17,400
2025-11-05 12:16,DFEN,68.17,68.25,68.17,68.25,3273
2025-11-05 12:19,DFEN,68.1999,68.26,68.1999,68.26,600
2025-11-05 12:21,DFEN,68.14,68.21,68.14,68.21,218
2025-11-05 12:22,DFEN,68.1501,68.1501,68.1501,68.1501,100
2025-11-05 12:31,DFEN,68.27,68.27,68.27,68.27,100
2025-11-05 12:35,DFEN,68.41,68.63,68.41,68.63,643
2025-11-05 12:36,DFEN,68.6199,68.6199,68.6199,68.6199,100
2025-11-05 12:37,DFEN,68.582,68.582,68.582,68.582,100
2025-11-05 12:38,DFEN,68.66,68.7,68.66,68.68,700
2025-11-05 12:39,DFEN,68.71,68.71,68.67,68.67,200
2025-11-05 12:40,DFEN,68.692,68.76,68.692,68.76,200
2025-11-05 12:41,DFEN,68.78,68.785,68.78,68.785,202
2025-11-05 12:44,DFEN,68.615,68.615,68.615,68.615,100
2025-11-05 12:45,DFEN,68.61,68.61,68.61,68.61,100
2025-11-05 12:47,DFEN,68.55,68.55,68.55,68.55,100
2025-11-05 12:49,DFEN,68.49,68.49,68.49,68.49,100
2025-11-05 12:53,DFEN,68.57,68.57,68.57,68.57,100
2025-11-05 12:59,DFEN,68.7,68.72,68.7,68.72,200
2025-11-05 13:01,DFEN,68.81,68.81,68.8,68.8,200
2025-11-05 13:04,DFEN,68.7921,68.8869,68.7921,68.8869,455
2025-11-05 13:07,DFEN,68.873,68.873,68.873,68.873,100
2025-11-05 13:10,DFEN,68.87,68.87,68.87,68.87,100
2025-11-05 13:11,DFEN,68.77,68.77,68.77,68.77,100
2025-11-05 13:14,DFEN,68.87,68.87,68.87,68.87,100
2025-11-05 13:21,DFEN,68.75,68.75,68.75,68.75,100
2025-11-05 13:23,DFEN,68.69,68.69,68.69,68.69,100
2025-11-05 13:25,DFEN,68.745,68.745,68.745,68.745,200
2025-11-05 13:29,DFEN,68.78,68.78,68.78,68.78,240
2025-11-05 13:30,DFEN,68.65,68.65,68.65,68.65,250
2025-11-05 13:31,DFEN,68.72,68.73,68.72,68.73,322
2025-11-05 13:32,DFEN,68.81,68.9,68.81,68.83,1330
2025-11-05 13:34,DFEN,68.85,68.85,68.85,68.85,400
2025-11-05 13:35,DFEN,68.89,68.89,68.89,68.89,100
2025-11-05 13:37,DFEN,68.86,68.86,68.86,68.86,100
2025-11-05 13:40,DFEN,68.73,68.73,68.71,68.71,400
2025-11-05 13:43,DFEN,68.59,68.59,68.59,68.59,175
2025-11-05 13:46,DFEN,68.42,68.42,68.42,68.42,145
2025-11-05 13:48,DFEN,68.3327,68.3327,68.3327,68.3327,145
2025-11-05 13:53,DFEN,68.464,68.464,68.464,68.464,100
2025-11-05 14:04,DFEN,68.381,68.381,68.381,68.381,130
2025-11-05 14:10,DFEN,68.3,68.3,68.3,68.3,100
2025-11-05 14:11,DFEN,68.33,68.33,68.33,68.33,100
2025-11-05 14:13,DFEN,68.3802,68.3802,68.3802,68.3802,300
2025-11-05 14:14,DFEN,68.52,68.52,68.52,68.52,100
2025-11-05 14:15,DFEN,68.53,68.53,68.53,68.53,100
2025-11-05 14:16,DFEN,68.53,68.53,68.53,68.53,100
2025-11-05 14:20,DFEN,68.5,68.5,68.5,68.5,100
2025-11-05 14:21,DFEN,68.54,68.54,68.54,68.54,100
2025-11-05 14:22,DFEN,68.5335,68.5335,68.5335,68.5335,100
2025-11-05 14:24,DFEN,68.5984,68.5984,68.5984,68.5984,270
2025-11-05 14:28,DFEN,68.5,68.5,68.5,68.5,130
2025-11-05 14:29,DFEN,68.3701,68.3701,68.3701,68.3701,122
2025-11-05 14:31,DFEN,68.5055,68.51,68.5055,68.51,245
2025-11-05 14:32,DFEN,68.44,68.44,68.44,68.44,100
2025-11-05 14:36,DFEN,68.36,68.36,68.33,68.33,300
2025-11-05 14:37,DFEN,68.28,68.28,68.28,68.28,100
2025-11-05 14:44,DFEN,68.17,68.17,68.17,68.17,150
2025-11-05 14:47,DFEN,68.13,68.13,68.12,68.12,6137
2025-11-05 14:48,DFEN,68.12,68.13,68.09,68.13,2351
2025-11-05 14:50,DFEN,68.055,68.055,68.055,68.055,300
2025-11-05 14:53,DFEN,68.01,68.0891,68.01,68.0891,400
2025-11-05 14:55,DFEN,68.1,68.1,67.94,67.9412,1552
2025-11-05 15:00,DFEN,68.0702,68.0702,68.0702,68.0702,315
2025-11-05 15:09,DFEN,68.4,68.4,68.4,68.4,100
2025-11-05 15:11,DFEN,68.42,68.42,68.4032,68.4032,1200
2025-11-05 15:17,DFEN,68.361,68.361,68.361,68.361,666
2025-11-05 15:18,DFEN,68.36,68.36,68.36,68.36,100
2025-11-05 15:20,DFEN,68.4,68.44,68.4,68.44,262
2025-11-05 15:21,DFEN,68.494,68.494,68.494,68.494,438
2025-11-05 15:25,DFEN,68.46,68.46,68.46,68.46,111
2025-11-05 15:26,DFEN,68.38,68.38,68.38,68.38,102
2025-11-05 15:29,DFEN,68.372,68.372,68.372,68.372,100
2025-11-05 15:31,DFEN,68.352036,68.352036,68.34,68.34,400
2025-11-05 15:32,DFEN,68.33,68.33,68.13,68.13,300
2025-11-05 15:33,DFEN,68.215,68.215,68.215,68.215,400
2025-11-05 15:34,DFEN,68.043,68.043,68.043,68.043,130
2025-11-05 15:35,DFEN,68.11,68.12,68.11,68.12,400
2025-11-05 15:36,DFEN,68.1,68.1,68.1,68.1,200
2025-11-05 15:39,DFEN,68.15,68.15,68.15,68.15,300
2025-11-05 15:44,DFEN,68.13,68.13,68.13,68.13,154
2025-11-05 15:48,DFEN,68.063,68.115,68.063,68.115,227
2025-11-05 15:49,DFEN,68.03,68.04,67.96,67.96,1000
2025-11-05 15:52,DFEN,68.02,68.02,67.95,67.95,1358
2025-11-05 15:53,DFEN,68.0228,68.07,68.0228,68.07,675
2025-11-05 15:55,DFEN,68.02,68.02,67.95,67.95,643
2025-11-05 15:56,DFEN,67.95,67.95,67.95,67.95,711
2025-11-05 15:57,DFEN,67.96,67.96,67.81,67.81,2098
2025-11-05 15:58,DFEN,67.82,67.82,67.75,67.75,1141
2025-11-05 15:59,DFEN,67.7142,67.76,67.63,67.63,1218
2025-11-05 16:00,DFEN,67.62,67.62,67.62,67.62,1704
2025-11-05 17:37,DFEN,68.5,68.5,68.5,68.5,129
2025-11-05 19:29,DFEN,68.2,68.2,68.2,68.2,579
2025-11-06 08:00,DFEN,67.63,67.63,67.63,67.63,1000
2025-11-06 09:08,DFEN,67.76,67.76,67.75,67.75,200
2025-11-06 09:09,DFEN,67.6763,67.6763,67.6763,67.6763,100
2025-11-06 09:16,DFEN,67.62,67.62,67.62,67.62,180
2025-11-06 09:30,DFEN,67.26,67.26,66.95,67.05,2225
2025-11-06 09:32,DFEN,67.14,67.14,66.6,66.765,2530
2025-11-06 09:33,DFEN,66.76,66.85,66.755,66.85,340
2025-11-06 09:34,DFEN,66.91,66.9547,66.91,66.9547,1100
2025-11-06 09:35,DFEN,67.11,67.3,67.11,67.21,1130
2025-11-06 09:36,DFEN,67.271,67.3,67.271,67.2999,600
2025-11-06 09:37,DFEN,67.165,67.355,67.165,67.355,800
2025-11-06 09:38,DFEN,67.53,67.65,67.53,67.6,1800
2025-11-06 09:39,DFEN,67.65,67.65,67.29,67.29,1300
2025-11-06 09:40,DFEN,67.29,67.39,67.29,67.354,700
2025-11-06 09:41,DFEN,67.29,67.39,66.97,66.97,5702
2025-11-06 09:42,DFEN,67.15,67.18,66.9645,66.9645,1430
2025-11-06 09:43,DFEN,66.975,67.15,66.925,67.14,1194
2025-11-06 09:44,DFEN,67.3,67.31,67.3,67.31,200
2025-11-06 09:45,DFEN,67.43,67.5085,67.43,67.5085,530
2025-11-06 09:46,DFEN,67.555,67.555,67.555,67.555,100
2025-11-06 09:47,DFEN,67.5145,67.72,67.5145,67.695,500
2025-11-06 09:48,DFEN,67.655,67.78,67.53,67.78,679
2025-11-06 09:49,DFEN,67.75,67.75,67.43,67.43,300
2025-11-06 09:50,DFEN,67.6,67.6,67.6,67.6,100
2025-11-06 09:51,DFEN,67.59,67.61,67.5,67.5,750
2025-11-06 09:52,DFEN,67.457,67.457,67.457,67.457,150
2025-11-06 09:53,DFEN,67.39,67.47,67.39,67.47,300
2025-11-06 09:54,DFEN,67.485,67.62,67.4,67.41,4867
2025-11-06 09:55,DFEN,67.48,67.48,67.395,67.395,300
2025-11-06 09:56,DFEN,67.09,67.09,67.07,67.07,2708
2025-11-06 09:57,DFEN,66.97,67.035,66.96,67.035,800
2025-11-06 09:58,DFEN,66.88,66.88,66.88,66.88,800
2025-11-06 09:59,DFEN,66.795,66.8,66.7505,66.7505,860
2025-11-06 10:00,DFEN,66.74,66.87,66.74,66.87,900
2025-11-06 10:01,DFEN,66.99,66.99,66.98,66.99,300
2025-11-06 10:03,DFEN,67.23,67.3,67.23,67.29,1950
2025-11-06 10:04,DFEN,67.13,67.13,67.0516,67.0516,220
2025-11-06 10:05,DFEN,67.1595,67.17,67.1595,67.17,1560
2025-11-06 10:10,DFEN,67.3,67.6085,67.3,67.6085,1500
2025-11-06 10:11,DFEN,67.78,67.79,67.78,67.79,200
2025-11-06 10:12,DFEN,67.47,67.47,67.44,67.44,300
2025-11-06 10:13,DFEN,67.425,67.425,67.222564,67.222564,400
2025-11-06 10:14,DFEN,67.24,67.24,67.0901,67.0901,820
2025-11-06 10:15,DFEN,67.0,67.0,66.87,66.89,3050
2025-11-06 10:16,DFEN,67.05,67.12,67.05,67.12,400
2025-11-06 10:17,DFEN,67.23,67.27,67.23,67.27,500
2025-11-06 10:18,DFEN,67.24,67.35,67.24,67.35,200
2025-11-06 10:19,DFEN,67.48,67.48,67.48,67.48,100
2025-11-06 10:20,DFEN,67.355,67.44,67.355,67.44,300
2025-11-06 10:22,DFEN,67.56,67.56,67.56,67.56,146
2025-11-06 10:23,DFEN,67.73,67.73,67.71,67.71,200
2025-11-06 10:25,DFEN,67.733,67.92,67.733,67.77,1464
2025-11-06 10:26,DFEN,67.665,67.665,67.665,67.665,500
2025-11-06 10:29,DFEN,67.61,67.61,67.61,67.61,300
2025-11-06 10:31,DFEN,67.39,67.54,67.39,67.54,300
2025-11-06 10:32,DFEN,67.5501,67.5501,67.5501,67.5501,242
2025-11-06 10:35,DFEN,67.5,67.5,67.3302,67.3302,1802
2025-11-06 10:36,DFEN,67.21,67.21,67.21,67.21,200
2025-11-06 10:37,DFEN,67.2281,67.2281,67.0,67.0,1942
2025-11-06 10:40,DFEN,66.765,66.88,66.765,66.88,1050
2025-11-06 10:41,DFEN,66.8645,66.91,66.8645,66.91,1711
2025-11-06 10:45,DFEN,66.805,66.805,66.77,66.77,600
2025-11-06 10:47,DFEN,66.6764,66.76,66.63,66.63,750
2025-11-06 10:48,DFEN,66.81,66.915,66.81,66.915,500
2025-11-06 10:50,DFEN,66.95,66.95,66.7844,66.7844,220
2025-11-06 10:51,DFEN,66.7372,66.7372,66.7372,66.7372,456
2025-11-06 10:52,DFEN,66.81,66.81,66.81,66.81,100
2025-11-06 10:53,DFEN,66.7,66.7,66.7,66.7,100
2025-11-06 10:54,DFEN,66.75,67.01,66.75,67.01,741
2025-11-06 10:56,DFEN,66.94,66.94,66.905,66.905,200
2025-11-06 10:59,DFEN,66.93,66.93,66.93,66.93,100
2025-11-06 11:02,DFEN,67.0401,67.0401,67.0401,67.0401,679
2025-11-06 11:07,DFEN,67.0704,67.08,67.0704,67.08,300
2025-11-06 11:08,DFEN,67.08,67.08,67.08,67.08,100
2025-11-06 11:10,DFEN,66.9783,66.9783,66.9783,66.9783,192
2025-11-06 11:12,DFEN,66.73,66.73,66.67,66.67,700
2025-11-06 11:16,DFEN,66.96,66.96,66.96,66.96,100
2025-11-06 11:18,DFEN,66.96,66.96,66.96,66.96,100
2025-11-06 11:19,DFEN,66.905,66.905,66.905,66.905,100
2025-11-06 11:20,DFEN,67.0,67.0,67.0,67.0,200
2025-11-06 11:22,DFEN,66.95,66.95,66.6214,66.63,720
2025-11-06 11:23,DFEN,66.695,66.695,66.695,66.695,118
2025-11-06 11:24,DFEN,66.585,66.585,66.46,66.57,1305
2025-11-06 11:25,DFEN,66.5645,66.5645,66.55,66.55,400
2025-11-06 11:26,DFEN,66.67,66.67,66.67,66.67,100
2025-11-06 11:27,DFEN,66.57,66.57,66.57,66.57,100
2025-11-06 11:30,DFEN,66.81,66.81,66.81,66.81,200
2025-11-06 11:32,DFEN,66.74,66.74,66.74,66.74,141
2025-11-06 11:36,DFEN,66.76,66.76,66.76,66.76,100
2025-11-06 11:41,DFEN,66.79,66.79,66.79,66.79,1360
2025-11-06 11:42,DFEN,66.81,66.81,66.81,66.81,300
2025-11-06 11:47,DFEN,66.55,66.55,66.54,66.54,200
2025-11-06 11:48,DFEN,66.47,66.555,66.47,66.555,2399
2025-11-06 11:50,DFEN,66.57,66.57,66.57,66.57,150
2025-11-06 11:53,DFEN,66.555,66.555,66.555,66.555,100
2025-11-06 11:55,DFEN,66.25,66.25,66.25,66.25,398
2025-11-06 11:56,DFEN,66.22,66.22,66.03,66.03,950
2025-11-06 11:57,DFEN,66.19,66.3067,66.17,66.3067,350
2025-11-06 11:58,DFEN,66.2195,66.28,66.2195,66.28,500
2025-11-06 11:59,DFEN,66.28,66.28,66.28,66.28,122
2025-11-06 12:00,DFEN,66.45,66.45,66.395,66.42,678
2025-11-06 12:01,DFEN,66.3373,66.3373,66.3373,66.3373,1500
2025-11-06 12:02,DFEN,66.37,66.37,66.34,66.34,453
2025-11-06 12:03,DFEN,66.3,66.3,66.3,66.3,100
2025-11-06 12:07,DFEN,66.2,66.2,66.2,66.2,100
2025-11-06 12:08,DFEN,66.12,66.12,66.1,66.1,1203
2025-11-06 12:15,DFEN,66.0001,66.01,66.0,66.0001,1108
2025-11-06 12:16,DFEN,66.0,66.0,66.0,66.0,100
2025-11-06 12:17,DFEN,65.97,65.97,65.97,65.97,148
2025-11-06 12:18,DFEN,66.04,66.103,66.04,66.103,250
2025-11-06 12:21,DFEN,65.87,65.8715,65.67,65.67,1873
2025-11-06 12:22,DFEN,65.62,65.66,65.62,65.66,355
2025-11-06 12:23,DFEN,65.73,65.73,65.7,65.7,300
2025-11-06 12:24,DFEN,65.5775,65.59,65.5775,65.59,460
2025-11-06 12:26,DFEN,65.5,65.5,65.48,65.48,361
2025-11-06 12:27,DFEN,65.5137,65.63,65.5137,65.5192,750
2025-11-06 12:29,DFEN,65.65,65.7,65.65,65.7,508
2025-11-06 12:31,DFEN,65.92,65.92,65.92,65.92,100
2025-11-06 12:32,DFEN,65.97,65.985,65.97,65.985,360
2025-11-06 12:34,DFEN,66.04,66.04,66.02,66.02,734
2025-11-06 12:35,DFEN,66.04,66.04,65.9601,65.9601,500
2025-11-06 12:38,DFEN,66.17,66.17,66.17,66.17,194
2025-11-06 12:39,DFEN,66.095,66.095,66.095,66.095,302
2025-11-06 12:44,DFEN,66.25,66.25,66.25,66.25,100
2025-11-06 12:48,DFEN,66.62,66.66,66.62,66.66,1768
2025-11-06 12:49,DFEN,66.68,66.6829,66.59,66.61,414
2025-11-06 12:50,DFEN,66.6836,66.6836,66.6836,66.6836,100
2025-11-06 12:51,DFEN,66.6969,66.6969,66.6969,66.6969,421
2025-11-06 12:52,DFEN,66.64,66.8,66.64,66.6501,1100
2025-11-06 12:54,DFEN,66.615,66.615,66.615,66.615,100
2025-11-06 12:57,DFEN,66.51,66.51,66.51,66.51,1000
2025-11-06 12:59,DFEN,66.43,66.43,66.43,66.43,300
2025-11-06 13:01,DFEN,66.34,66.43,66.32,66.43,750
2025-11-06 13:03,DFEN,66.34,66.34,66.31,66.31,300
2025-11-06 13:05,DFEN,66.12,66.12,66.12,66.12,100
2025-11-06 13:06,DFEN,66.025,66.0428,65.87,65.87,700
2025-11-06 13:07,DFEN,65.955,65.955,65.955,65.955,100
2025-11-06 13:09,DFEN,65.85,65.85,65.83,65.83,200
2025-11-06 13:10,DFEN,65.855,65.855,65.855,65.855,100
2025-11-06 13:17,DFEN,65.8717,65.8717,65.8717,65.8717,142
2025-11-06 13:37,DFEN,66.525,66.525,66.52,66.525,800
2025-11-06 13:38,DFEN,66.45,66.45,66.45,66.45,300
2025-11-06 13:40,DFEN,66.5,66.5,66.45,66.45,200
2025-11-06 13:46,DFEN,66.27,66.27,66.27,66.27,200
2025-11-06 13:48,DFEN,66.2425,66.2425,66.2,66.2,280
2025-11-06 13:50,DFEN,66.21,66.21,66.21,66.21,100
2025-11-06 13:51,DFEN,66.2276,66.2276,66.2276,66.2276,100
2025-11-06 13:53,DFEN,66.298,66.36,66.27,66.27,717
2025-11-06 13:55,DFEN,66.28,66.28,66.28,66.28,100
2025-11-06 13:57,DFEN,66.1301,66.1301,66.1301,66.1301,100
2025-11-06 13:59,DFEN,66.2317,66.2317,66.18,66.18,201
2025-11-06 14:00,DFEN,66.15,66.15,66.15,66.15,100
2025-11-06 14:01,DFEN,66.095,66.095,66.095,66.095,213
2025-11-06 14:03,DFEN,66.145,66.145,66.145,66.145,100
2025-11-06 14:04,DFEN,66.19,66.19,66.19,66.19,100
2025-11-06 14:07,DFEN,66.365,66.365,66.3,66.3,200
2025-11-06 14:08,DFEN,66.28,66.28,66.21,66.22,624
2025-11-06 14:09,DFEN,66.3,66.3,66.3,66.3,150
2025-11-06 14:10,DFEN,66.205,66.3128,66.205,66.245,887
2025-11-06 14:11,DFEN,66.235,66.235,66.235,66.235,200
2025-11-06 14:12,DFEN,66.18,66.18,66.17,66.17,200
2025-11-06 14:13,DFEN,66.16,66.16,66.16,66.16,122
2025-11-06 14:15,DFEN,66.22,66.22,66.22,66.22,100
2025-11-06 14:16,DFEN,66.2,66.2,66.145,66.145,200
2025-11-06 14:18,DFEN,66.12,66.12,66.1,66.1,5900
2025-11-06 14:19,DFEN,66.165,66.165,66.165,66.165,100
2025-11-06 14:20,DFEN,66.25,66.27,66.18,66.18,780
2025-11-06 14:21,DFEN,66.19,66.26,66.19,66.2,400
2025-11-06 14:22,DFEN,66.205,66.35,66.205,66.26,400
2025-11-06 14:23,DFEN,66.215,66.215,66.215,66.215,100
2025-11-06 14:24,DFEN,66.215,66.215,66.215,66.215,100
2025-11-06 14:25,DFEN,66.3,66.3,66.3,66.3,100
2025-11-06 14:26,DFEN,66.22,66.23,66.22,66.23,200
2025-11-06 14:27,DFEN,66.41,66.41,66.41,66.41,100
2025-11-06 14:28,DFEN,66.29,66.29,66.29,66.29,147
2025-11-06 14:30,DFEN,66.29,66.29,66.19,66.19,1150
2025-11-06 14:31,DFEN,66.215,66.215,66.215,66.215,100
2025-11-06 14:35,DFEN,66.34,66.34,66.31,66.32,1741
2025-11-06 14:36,DFEN,66.375,66.375,66.375,66.375,100
2025-11-06 14:38,DFEN,66.435,66.435,66.435,66.435,218
2025-11-06 14:40,DFEN,66.37,66.37,66.31,66.31,200
2025-11-06 14:43,DFEN,65.99,66.09,65.99,66.085,500
2025-11-06 14:45,DFEN,66.065,66.065,66.06,66.06,300
2025-11-06 14:46,DFEN,66.0,66.0,66.0,66.0,100
2025-11-06 14:47,DFEN,66.045,66.045,66.0,66.0,1096
2025-11-06 14:48,DFEN,65.9361,65.9361,65.9361,65.9361,1500
2025-11-06 14:49,DFEN,65.98,66.0,65.98,66.0,506
2025-11-06 14:50,DFEN,66.095,66.175,66.095,66.175,200
2025-11-06 14:53,DFEN,65.87,65.87,65.8519,65.8519,675
2025-11-06 14:54,DFEN,65.97,65.97,65.97,65.97,100
2025-11-06 14:56,DFEN,65.97,66.055,65.97,66.055,300
2025-11-06 14:57,DFEN,66.145,66.145,66.145,66.145,100
2025-11-06 14:58,DFEN,66.275,66.275,66.275,66.275,100
2025-11-06 15:00,DFEN,66.165,66.165,66.165,66.165,100
2025-11-06 15:01,DFEN,66.04,66.04,66.04,66.04,100
2025-11-06 15:02,DFEN,66.07,66.07,66.07,66.07,100
2025-11-06 15:03,DFEN,66.08,66.08,66.08,66.08,100
2025-11-06 15:04,DFEN,66.26,66.26,66.175,66.175,300
2025-11-06 15:07,DFEN,66.11,66.11,66.11,66.11,100
2025-11-06 15:09,DFEN,66.0487,66.105,66.0487,66.105,994
2025-11-06 15:10,DFEN,66.225,66.24,66.225,66.24,300
2025-11-06 15:11,DFEN,66.23,66.23,66.23,66.23,100
2025-11-06 15:12,DFEN,66.32,66.32,66.315,66.315,200
2025-11-06 15:15,DFEN,66.2,66.2,66.2,66.2,100
2025-11-06 15:18,DFEN,66.03,66.04,66.03,66.04,400
2025-11-06 15:21,DFEN,66.175,66.33,66.175,66.33,300
2025-11-06 15:23,DFEN,66.25,66.26,66.25,66.26,300
2025-11-06 15:26,DFEN,66.22,66.3,66.22,66.3,400
2025-11-06 15:27,DFEN,66.22,66.3,66.22,66.3,300
2025-11-06 15:28,DFEN,66.27,66.27,66.27,66.27,100
2025-11-06 15:29,DFEN,66.28,66.28,66.1201,66.1201,300
2025-11-06 15:30,DFEN,66.21,66.21,66.21,66.21,100
2025-11-06 15:32,DFEN,66.2699,66.2699,66.195,66.21,652
2025-11-06 15:33,DFEN,66.22,66.22,66.22,66.22,250
2025-11-06 15:34,DFEN,66.4183,66.4183,66.4183,66.4183,200
2025-11-06 15:36,DFEN,66.37,66.375,66.37,66.375,200
2025-11-06 15:38,DFEN,66.21,66.21,66.21,66.21,100
2025-11-06 15:39,DFEN,66.2,66.27,66.19,66.27,6916
2025-11-06 15:40,DFEN,66.285,66.3,66.285,66.3,300
2025-11-06 15:41,DFEN,66.31,66.31,66.27,66.27,2112
2025-11-06 15:42,DFEN,66.295,66.295,66.23,66.23,200
2025-11-06 15:43,DFEN,66.15,66.15,66.15,66.15,100
2025-11-06 15:44,DFEN,66.1385,66.1385,66.1385,66.1385,175
2025-11-06 15:45,DFEN,66.15,66.15,66.11,66.11,300
2025-11-06 15:46,DFEN,66.02,66.02,65.91,65.91,1445
2025-11-06 15:47,DFEN,65.81,65.855,65.8,65.8,440
2025-11-06 15:48,DFEN,65.855,65.855,65.75,65.795,1850
2025-11-06 15:49,DFEN,65.75,65.805,65.75,65.805,300
2025-11-06 15:50,DFEN,65.825,65.9,65.82,65.9,2208
2025-11-06 15:51,DFEN,65.85,65.85,65.82,65.825,992
2025-11-06 15:52,DFEN,65.87,65.98,65.8401,65.98,2388
2025-11-06 15:53,DFEN,65.92,65.92,65.91,65.91,400
2025-11-06 15:54,DFEN,65.945,66.03,65.945,66.03,900
2025-11-06 15:55,DFEN,66.02,66.04,65.875,65.875,800
2025-11-03 15:11,ERX,54.3657,54.3657,54.3657,54.3657,615
2025-11-03 15:12,ERX,54.385,54.385,54.37,54.37,1500
2025-11-03 15:15,ERX,54.435,54.435,54.435,54.435,300
2025-11-03 15:16,ERX,54.42,54.43,54.42,54.43,800
2025-11-03 15:21,ERX,54.5,54.5,54.48,54.48,758
2025-11-03 15:23,ERX,54.5,54.5,54.5,54.5,380
2025-11-03 15:25,ERX,54.51,54.51,54.51,54.51,100
2025-11-03 15:27,ERX,54.555,54.5799,54.555,54.5799,1600
2025-11-03 15:28,ERX,54.57,54.57,54.56,54.56,1400
2025-11-03 15:29,ERX,54.51,54.51,54.51,54.51,300
2025-11-03 15:30,ERX,54.52,54.52,54.5,54.5,400
2025-11-03 15:32,ERX,54.44,54.44,54.44,54.44,400
2025-11-03 15:33,ERX,54.41,54.41,54.36,54.36,1700
2025-11-03 15:34,ERX,54.35,54.35,54.34,54.34,600
2025-11-03 15:35,ERX,54.35,54.35,54.35,54.35,200
2025-11-03 15:40,ERX,54.4,54.4,54.4,54.4,100
2025-11-03 15:41,ERX,54.39,54.39,54.36,54.36,400
2025-11-03 15:46,ERX,54.33,54.33,54.33,54.33,433
2025-11-03 15:50,ERX,54.35,54.416,54.35,54.4,2240
2025-11-03 15:51,ERX,54.39,54.39,54.325,54.34,551
2025-11-03 15:52,ERX,54.41,54.44,54.41,54.44,300
2025-11-03 15:53,ERX,54.45,54.48,54.45,54.48,1068
2025-11-03 15:54,ERX,54.49,54.52,54.49,54.52,311
2025-11-03 15:55,ERX,54.5,54.51,54.43,54.44,5986
2025-11-03 15:56,ERX,54.44,54.44,54.43,54.44,500
2025-11-03 15:57,ERX,54.44,54.44,54.41,54.41,783
2025-11-03 15:58,ERX,54.39,54.42,54.39,54.42,6449
2025-11-03 15:59,ERX,54.44,54.445,54.37,54.38,8879
2025-11-03 16:00,ERX,54.38,54.38,54.38,54.38,2888
2025-11-04 07:04,ERX,53.5,53.5,53.5,53.5,100
2025-11-04 08:09,ERX,53.67,53.67,53.67,53.67,200
2025-11-04 08:35,ERX,53.065,53.065,53.065,53.065,100
2025-11-04 09:30,ERX,53.02,53.26,52.805,53.26,10713
2025-11-04 09:31,ERX,53.36,53.4,52.8,52.8,2105
2025-11-04 09:32,ERX,52.785,52.8,52.5,52.55,9746
2025-11-04 09:33,ERX,52.56,52.73,52.45,52.665,11246
2025-11-04 09:34,ERX,52.69,52.69,52.45,52.49,4091
2025-11-04 09:35,ERX,52.54,52.69,52.49,52.507,12107
2025-11-04 09:36,ERX,52.5,52.55,52.44,52.55,4500
2025-11-04 09:37,ERX,52.4,52.4,52.27,52.27,9145
2025-11-04 09:38,ERX,52.28,52.46,52.25,52.46,2660
2025-11-04 09:39,ERX,52.47,52.54,52.44,52.54,4040
2025-11-04 09:40,ERX,52.5,52.5,52.385,52.4899,2420
2025-11-04 09:41,ERX,52.54,52.6,52.54,52.5413,3165
2025-11-04 09:42,ERX,52.7,52.7,52.6,52.63,2720
2025-11-04 09:43,ERX,52.67,52.76,52.66,52.72,720
2025-11-04 09:44,ERX,52.73,52.73,52.64,52.645,840
2025-11-04 09:45,ERX,52.63,52.77,52.63,52.65,5061
2025-11-04 09:46,ERX,52.78,52.8,52.7,52.7,4932
2025-11-04 09:47,ERX,52.68,52.7,52.62,52.65,1460
2025-11-04 09:48,ERX,52.59,52.66,52.59,52.66,1600
2025-11-04 09:49,ERX,52.55,52.56,52.55,52.56,1500
2025-11-04 09:50,ERX,52.52,52.545,52.511,52.545,1000
2025-11-04 09:51,ERX,52.58,52.6,52.58,52.6,680
2025-11-04 09:52,ERX,52.47,52.47,52.47,52.47,100
2025-11-04 09:53,ERX,52.48,52.606,52.48,52.56,1200
2025-11-04 09:54,ERX,52.47,52.66,52.47,52.645,1599
2025-11-04 09:55,ERX,52.495,52.57,52.495,52.57,2412
2025-11-04 09:56,ERX,52.62,52.65,52.614,52.65,1510
2025-11-04 09:57,ERX,52.65,52.68,52.61,52.61,2980
2025-11-04 09:58,ERX,52.63,52.63,52.57,52.6,2840
2025-11-04 09:59,ERX,52.57,52.57,52.55,52.55,400
2025-11-04 10:00,ERX,52.5104,52.63,52.5104,52.62,2439
2025-11-04 10:01,ERX,52.64,52.64,52.49,52.49,860
2025-11-04 10:02,ERX,52.49,52.5,52.455,52.5,740
2025-11-04 10:03,ERX,52.546,52.56,52.5,52.56,1287
2025-11-04 10:04,ERX,52.57,52.57,52.57,52.57,100
2025-11-04 10:05,ERX,52.6,52.64,52.54,52.54,5397
2025-11-04 10:06,ERX,52.55,52.56,52.5489,52.55,1834
2025-11-04 10:07,ERX,52.54,52.569,52.54,52.569,475
2025-11-04 10:08,ERX,52.6,52.6,52.6,52.6,300
2025-11-04 10:09,ERX,52.575,52.59,52.57,52.57,1020
2025-11-04 10:10,ERX,52.55,52.57,52.514,52.514,1400
2025-11-04 10:11,ERX,52.605,52.605,52.605,52.605,200
2025-11-04 10:12,ERX,52.625,52.625,52.625,52.625,200
2025-11-04 10:13,ERX,52.63,52.63,52.615,52.615,646
2025-11-04 10:14,ERX,52.51,52.51,52.5,52.5,340
2025-11-04 10:15,ERX,52.57,52.6,52.57,52.6,320
2025-11-04 10:18,ERX,52.71,52.71,52.71,52.71,100
2025-11-04 10:20,ERX,52.72,52.72,52.72,52.72,200
2025-11-04 10:21,ERX,52.63,52.63,52.62,52.62,620
2025-11-04 10:23,ERX,52.65,52.65,52.62,52.62,500
2025-11-04 10:24,ERX,52.55,52.56,52.52,52.52,1080
2025-11-04 10:26,ERX,52.585,52.585,52.585,52.585,200
2025-11-04 10:27,ERX,52.575,52.58,52.575,52.58,750
2025-11-04 10:28,ERX,52.55,52.55,52.55,52.55,1000
2025-11-04 10:29,ERX,52.57,52.57,52.56,52.56,300
2025-11-04 10:30,ERX,52.655,52.67,52.64,52.67,700
2025-11-04 10:32,ERX,52.68,52.74,52.68,52.725,900
2025-11-04 10:33,ERX,52.75,52.75,52.75,52.75,100
2025-11-04 10:34,ERX,52.7584,52.7584,52.7584,52.7584,100
2025-11-04 10:35,ERX,52.82,52.86,52.82,52.86,1421
2025-11-04 10:36,ERX,52.9,52.93,52.89,52.89,4258
2025-11-04 10:37,ERX,52.94,53.03,52.94,53.03,5388
2025-11-04 10:38,ERX,52.99,53.02,52.97,53.02,1197
2025-11-04 10:39,ERX,53.02,53.02,53.02,53.02,300
2025-11-04 10:40,ERX,53.06,53.07,53.02,53.02,4054
2025-11-04 10:41,ERX,53.0701,53.18,53.0701,53.18,1200
2025-11-04 10:42,ERX,53.2,53.2,53.2,53.2,105
2025-11-04 10:44,ERX,53.15,53.15,53.15,53.15,240
2025-11-04 10:45,ERX,53.18,53.18,53.18,53.18,2734
2025-11-04 10:46,ERX,53.22,53.22,53.15,53.15,700
2025-11-04 10:47,ERX,53.11,53.11,53.11,53.11,200
2025-11-04 10:48,ERX,53.06,53.06,53.06,53.06,200
2025-11-04 10:49,ERX,53.07,53.07,53.07,53.07,200
2025-11-04 10:50,ERX,52.97,52.97,52.97,52.97,100
2025-11-04 10:51,ERX,52.97,53.01,52.97,53.01,540
2025-11-04 10:52,ERX,53.05,53.05,53.05,53.05,100
2025-11-04 10:53,ERX,53.025,53.025,53.025,53.025,100
2025-11-04 10:54,ERX,53.0,53.0,52.98,53.0,300
2025-11-04 10:55,ERX,53.07,53.07,53.07,53.07,137
2025-11-04 10:57,ERX,53.12,53.12,53.12,53.12,3932
2025-11-04 10:59,ERX,53.11,53.15,53.11,53.15,1339
2025-11-04 11:00,ERX,53.23,53.23,53.23,53.23,100
2025-11-04 11:02,ERX,53.25,53.25,53.23,53.23,682
2025-11-04 11:05,ERX,53.21,53.21,53.21,53.21,1388
2025-11-04 11:07,ERX,53.165,53.165,53.165,53.165,100
2025-11-04 11:08,ERX,53.17,53.175,53.17,53.175,1106
2025-11-04 11:10,ERX,53.16,53.16,53.16,53.16,300
2025-11-04 11:12,ERX,53.11,53.11,53.11,53.11,240
2025-11-04 11:14,ERX,53.025,53.09,53.025,53.085,1654
2025-11-04 11:15,ERX,53.07,53.07,53.07,53.07,100
2025-11-04 11:16,ERX,53.145,53.145,53.145,53.145,100
2025-11-04 11:17,ERX,53.21,53.22,53.2,53.2,500
2025-11-04 11:18,ERX,53.08,53.08,53.08,53.08,840
2025-11-04 11:21,ERX,53.12,53.14,53.12,53.12,2640
2025-11-04 11:22,ERX,53.15,53.15,53.11,53.11,780
2025-11-04 11:23,ERX,53.11,53.11,53.1,53.1,500
2025-11-04 11:24,ERX,53.12,53.18,53.12,53.18,353
2025-11-04 11:25,ERX,53.16,53.17,53.16,53.165,400
2025-11-04 11:26,ERX,53.16,53.16,53.16,53.16,300
2025-11-04 11:27,ERX,53.13,53.15,53.13,53.15,245
2025-11-04 11:28,ERX,53.1,53.1,53.1,53.1,300
2025-11-04 11:29,ERX,53.065,53.1,53.065,53.1,2446
2025-11-04 11:31,ERX,53.03,53.03,53.03,53.03,100
2025-11-04 11:32,ERX,53.12,53.19,53.12,53.19,440
2025-11-04 11:35,ERX,53.19,53.2,53.19,53.19,695
2025-11-04 11:36,ERX,53.18,53.18,53.17,53.18,740
2025-11-04 11:37,ERX,53.18,53.18,53.18,53.18,220
2025-11-04 11:38,ERX,53.16,53.16,53.155,53.155,340
2025-11-04 11:39,ERX,53.16,53.16,53.16,53.16,200
2025-11-04 11:42,ERX,53.12,53.13,53.12,53.13,420
2025-11-04 11:44,ERX,53.13,53.13,53.13,53.13,100
2025-11-04 11:45,ERX,53.15,53.15,53.12,53.12,1098
2025-11-04 11:48,ERX,53.1,53.13,53.1,53.1299,2044
2025-11-04 11:52,ERX,53.21,53.21,53.21,53.21,220
2025-11-04 11:53,ERX,53.2,53.2,53.2,53.2,540
2025-11-04 11:55,ERX,53.25,53.25,53.25,53.25,200
2025-11-04 11:56,ERX,53.27,53.27,53.21,53.21,868
2025-11-04 11:57,ERX,53.2,53.22,53.2,53.22,200
2025-11-04 12:01,ERX,53.29,53.34,53.29,53.34,320
2025-11-04 12:03,ERX,53.33,53.37,53.33,53.37,660
2025-11-04 12:05,ERX,53.24,53.24,53.24,53.24,185
2025-11-04 12:07,ERX,53.23,53.23,53.23,53.23,100
2025-11-04 12:08,ERX,53.26,53.26,53.26,53.26,100
2025-11-04 12:11,ERX,53.24,53.25,53.24,53.25,400
2025-11-04 12:16,ERX,53.25,53.25,53.25,53.25,861
2025-11-04 12:17,ERX,53.25,53.25,53.25,53.25,100
2025-11-04 12:18,ERX,53.24,53.26,53.24,53.26,200
2025-11-04 12:20,ERX,53.2,53.2,53.19,53.19,740
2025-11-04 12:25,ERX,53.32,53.35,53.32,53.35,628
2025-11-04 12:27,ERX,53.39,53.39,53.38,53.38,420
2025-11-04 12:28,ERX,53.37,53.37,53.36,53.36,400
2025-11-04 12:29,ERX,53.29,53.29,53.22,53.22,300
2025-11-04 12:34,ERX,53.12,53.12,53.12,53.12,100
2025-11-04 12:35,ERX,53.11,53.11,53.11,53.11,111
2025-11-04 12:38,ERX,53.02,53.02,53.02,53.02,200
2025-11-04 12:42,ERX,52.985,53.04,52.985,53.04,700
2025-11-04 12:51,ERX,53.12,53.12,53.08,53.08,950
2025-11-04 12:53,ERX,53.06,53.06,53.0,53.0,620
2025-11-04 12:54,ERX,52.99,52.99,52.99,52.99,200
2025-11-04 12:56,ERX,52.96,52.96,52.96,52.96,100
2025-11-04 13:03,ERX,52.9492,52.9492,52.9492,52.9492,150
2025-11-04 13:10,ERX,53.01,53.01,53.01,53.01,200
2025-11-04 13:14,ERX,53.04,53.05,53.04,53.05,600
2025-11-04 13:16,ERX,53.02,53.02,53.02,53.02,600
2025-11-04 13:17,ERX,53.03,53.03,53.03,53.03,200
2025-11-04 13:19,ERX,53.03,53.03,53.03,53.03,100
2025-11-04 13:20,ERX,53.04,53.04,53.04,53.04,100
2025-11-04 13:24,ERX,53.08,53.08,53.08,53.08,200
2025-11-04 13:26,ERX,53.06,53.07,53.05,53.07,651
2025-11-04 13:28,ERX,53.115,53.115,53.115,53.115,100
2025-11-04 13:30,ERX,53.13,53.13,53.13,53.13,300
2025-11-04 13:35,ERX,53.0,53.0,53.0,53.0,2229
2025-11-04 13:36,ERX,52.97,52.97,52.97,52.97,200
2025-11-04 13:42,ERX,53.11,53.11,53.11,53.11,200
2025-11-04 13:43,ERX,53.1,53.1,53.1,53.1,100
2025-11-04 13:47,ERX,53.11,53.11,53.11,53.11,200
2025-11-04 13:53,ERX,53.16,53.17,53.16,53.17,1060
2025-11-04 13:54,ERX,53.24,53.24,53.2383,53.2383,900
2025-11-04 13:55,ERX,53.2,53.2,53.2,53.2,300
2025-11-04 13:56,ERX,53.27,53.27,53.27,53.27,500
2025-11-04 13:57,ERX,53.27,53.27,53.27,53.27,220
2025-11-04 13:58,ERX,53.29,53.29,53.29,53.29,420
2025-11-04 14:05,ERX,53.41,53.4288,53.37,53.38,1701
2025-11-04 14:06,ERX,53.38,53.38,53.38,53.38,100
2025-11-04 14:07,ERX,53.34,53.34,53.34,53.34,400
2025-11-04 14:09,ERX,53.3,53.3,53.28,53.28,400
2025-11-04 14:10,ERX,53.24,53.24,53.24,53.24,100
2025-11-04 14:12,ERX,53.33,53.33,53.33,53.33,368
2025-11-04 14:15,ERX,53.36,53.36,53.36,53.36,1711
2025-11-04 14:19,ERX,53.33,53.33,53.33,53.33,100
2025-11-04 14:21,ERX,53.29,53.29,53.29,53.29,100
2025-11-04 14:24,ERX,53.27,53.27,53.27,53.27,100
2025-11-04 14:25,ERX,53.28,53.28,53.28,53.28,178
2025-11-04 14:26,ERX,53.2101,53.2101,53.21,53.21,1492
2025-11-04 14:28,ERX,53.26,53.26,53.26,53.26,100
2025-11-04 14:33,ERX,53.21,53.21,53.195,53.195,400
2025-11-04 14:34,ERX,53.19,53.19,53.19,53.19,160
2025-11-04 14:35,ERX,53.2,53.22,53.2,53.22,1568
2025-11-04 14:36,ERX,53.22,53.22,53.22,53.22,400
2025-11-04 14:37,ERX,53.22,53.232,53.22,53.232,300
2025-11-04 14:38,ERX,53.18,53.18,53.18,53.18,100
2025-11-04 14:39,ERX,53.27,53.27,53.27,53.27,900
2025-11-04 14:40,ERX,53.32,53.32,53.32,53.32,1000
2025-11-04 14:45,ERX,53.23,53.23,53.23,53.23,1427
2025-11-04 14:47,ERX,53.3,53.3,53.3,53.3,100
2025-11-04 14:54,ERX,53.28,53.3,53.28,53.3,569
2025-11-04 14:55,ERX,53.3,53.33,53.3,53.33,281
2025-11-04 14:58,ERX,53.2401,53.2401,53.2401,53.2401,619
2025-11-04 14:59,ERX,53.23,53.23,53.23,53.23,200
2025-11-04 15:01,ERX,53.2996,53.2996,53.2656,53.2656,853
2025-11-04 15:04,ERX,53.28,53.28,53.28,53.28,106
2025-11-04 15:05,ERX,53.26,53.29,53.26,53.29,2129
2025-11-04 15:09,ERX,53.3185,53.3185,53.3185,53.3185,100
2025-11-04 15:10,ERX,53.305,53.305,53.305,53.305,100
2025-11-04 15:12,ERX,53.4,53.4,53.4,53.4,600
2025-11-04 15:13,ERX,53.425,53.425,53.425,53.425,100
2025-11-04 15:14,ERX,53.46,53.46,53.43,53.43,300
2025-11-04 15:17,ERX,53.48,53.5,53.48,53.49,2027
2025-11-04 15:18,ERX,53.49,53.49,53.49,53.49,100
2025-11-04 15:19,ERX,53.505,53.505,53.505,53.505,576
2025-11-04 15:20,ERX,53.42,53.42,53.42,53.42,100
2025-11-04 15:21,ERX,53.425,53.425,53.425,53.425,100
2025-11-04 15:24,ERX,53.38,53.38,53.38,53.38,100
2025-11-04 15:25,ERX,53.37,53.37,53.37,53.37,418
2025-11-04 15:29,ERX,53.4033,53.4033,53.4,53.4,1968
2025-11-04 15:31,ERX,53.31,53.345,53.31,53.345,1066
2025-11-04 15:33,ERX,53.39,53.39,53.39,53.39,100
2025-11-04 15:35,ERX,53.355,53.37,53.355,53.36,827
2025-11-04 15:39,ERX,53.355,53.355,53.355,53.355,100
2025-11-04 15:40,ERX,53.39,53.39,53.37,53.37,200
2025-11-04 15:41,ERX,53.38,53.38,53.36,53.36,200
2025-11-04 15:42,ERX,53.33,53.33,53.32,53.32,200
2025-11-04 15:43,ERX,53.39,53.39,53.38,53.38,200
2025-11-04 15:45,ERX,53.3786,53.3786,53.335,53.335,600
2025-11-04 15:46,ERX,53.31,53.33,53.31,53.33,200
2025-11-04 15:47,ERX,53.36,53.36,53.34,53.34,400
2025-11-04 15:50,ERX,53.21,53.28,53.18,53.24,4540
2025-11-04 15:51,ERX,53.24,53.2479,53.175,53.1912,2186
2025-11-04 15:52,ERX,53.12,53.1996,53.12,53.17,4390
2025-11-04 15:53,ERX,53.19,53.26,53.16,53.2587,20738
2025-11-04 15:54,ERX,53.26,53.2879,53.24,53.24,3254
2025-11-04 15:55,ERX,53.23,53.23,53.1178,53.1178,2412
2025-11-04 15:56,ERX,53.14,53.14,53.14,53.14,400
2025-11-04 15:58,ERX,53.15,53.15,53.13,53.14,1439
2025-11-04 15:59,ERX,53.19,53.22,53.16,53.2,6750
2025-11-04 16:00,ERX,53.31,53.31,53.31,53.31,322
2025-11-04 16:01,ERX,53.31,53.31,53.31,53.31,115
2025-11-05 09:30,ERX,53.26,53.26,53.26,53.26,577
2025-11-05 09:31,ERX,53.34,53.6,53.34,53.6,593
2025-11-05 09:33,ERX,53.47,53.61,53.47,53.565,1132
2025-11-05 09:34,ERX,53.64,53.65,53.53,53.58,3602
2025-11-05 09:35,ERX,53.49,53.6,53.43,53.6,5132
2025-11-05 09:36,ERX,53.65,53.8583,53.65,53.8583,3112
2025-11-05 09:37,ERX,53.8,53.8,53.66,53.66,1820
2025-11-05 09:38,ERX,53.6,53.6,53.57,53.57,300
2025-11-05 09:39,ERX,53.56,53.67,53.56,53.66,863
2025-11-05 09:40,ERX,53.64,53.64,53.64,53.64,240
2025-11-05 09:41,ERX,53.7325,53.7325,53.7325,53.7325,500
2025-11-05 09:43,ERX,53.63,53.71,53.63,53.71,380
2025-11-05 09:46,ERX,53.65,53.65,53.65,53.65,200
2025-11-05 09:47,ERX,53.8,53.8,53.8,53.8,300
2025-11-05 09:48,ERX,53.83,53.89,53.83,53.89,880
2025-11-05 09:49,ERX,53.93,53.93,53.84,53.84,780
2025-11-05 09:50,ERX,53.88,53.88,53.88,53.88,360
2025-11-05 09:51,ERX,53.84,53.84,53.84,53.84,200
2025-11-05 09:52,ERX,53.75,53.75,53.75,53.75,595
2025-11-05 09:53,ERX,53.851,53.851,53.851,53.851,100
2025-11-05 09:54,ERX,54.0,54.06,54.0,54.01,512
2025-11-05 09:55,ERX,54.02,54.02,53.945,53.945,840
2025-11-05 09:56,ERX,53.94,53.97,53.94,53.97,500
2025-11-05 09:57,ERX,54.0043,54.0043,53.96,53.96,1682
2025-11-05 09:58,ERX,53.9799,53.9799,53.905,53.905,1418
2025-11-05 09:59,ERX,53.86,53.86,53.86,53.86,240
2025-11-05 10:00,ERX,53.79,53.79,53.75,53.75,900
2025-11-05 10:01,ERX,53.863,53.9,53.863,53.89,540
2025-11-05 10:02,ERX,53.97,53.97,53.97,53.97,100
2025-11-05 10:03,ERX,54.0,54.0,54.0,54.0,100
2025-11-05 10:04,ERX,54.08,54.15,54.08,54.15,600
2025-11-05 10:05,ERX,54.2,54.24,54.17,54.24,420
2025-11-05 10:06,ERX,54.21,54.21,54.18,54.18,200
2025-11-05 10:07,ERX,54.15,54.18,54.15,54.18,540
2025-11-05 10:08,ERX,54.297,54.305,54.297,54.3,911
2025-11-05 10:09,ERX,54.3,54.3,54.16,54.16,563
2025-11-05 10:10,ERX,54.11,54.11,54.11,54.11,200
2025-11-05 10:11,ERX,54.03,54.05,53.91,53.91,1180
2025-11-05 10:12,ERX,53.89,53.92,53.88,53.88,970
2025-11-05 10:13,ERX,53.8,53.84,53.8,53.82,900
2025-11-05 10:14,ERX,53.84,53.905,53.84,53.905,465
2025-11-05 10:17,ERX,53.9,53.94,53.9,53.92,9741
2025-11-05 10:18,ERX,53.92,53.92,53.9177,53.9177,353
2025-11-05 10:19,ERX,53.99,54.02,53.99,54.02,600
2025-11-05 10:20,ERX,53.98,53.98,53.98,53.98,1140
2025-11-05 10:21,ERX,53.925,53.925,53.9225,53.925,800
2025-11-05 10:22,ERX,53.96,53.96,53.96,53.96,420
2025-11-05 10:23,ERX,53.98,53.98,53.98,53.98,400
2025-11-05 10:24,ERX,53.96,54.04,53.96,54.04,305
2025-11-05 10:27,ERX,54.03,54.03,54.03,54.03,320
2025-11-05 10:29,ERX,54.09,54.09,54.09,54.09,100
2025-11-05 10:30,ERX,54.08,54.11,54.0,54.03,2680
2025-11-05 10:31,ERX,54.14,54.15,54.13,54.13,870
2025-11-05 10:34,ERX,54.2,54.2,54.2,54.2,120
2025-11-05 10:35,ERX,54.2,54.2,54.18,54.18,360
2025-11-05 10:36,ERX,54.2,54.2,54.14,54.14,583
2025-11-05 10:37,ERX,54.07,54.14,54.07,54.14,713
2025-11-05 10:38,ERX,54.09,54.09,54.09,54.09,300
2025-11-05 10:39,ERX,54.1308,54.1308,54.1308,54.1308,140
2025-11-05 10:41,ERX,54.21,54.21,54.21,54.21,200
2025-11-05 10:42,ERX,54.19,54.19,54.19,54.19,200
2025-11-05 10:43,ERX,54.195,54.195,54.195,54.195,800
2025-11-05 10:45,ERX,54.18,54.18,54.18,54.18,200
2025-11-05 10:49,ERX,54.1899,54.1899,54.1899,54.1899,155
2025-11-05 10:50,ERX,54.155,54.155,54.155,54.155,300
2025-11-05 10:51,ERX,54.14,54.14,54.14,54.14,200
2025-11-05 10:52,ERX,54.11,54.11,54.11,54.11,200
2025-11-05 10:56,ERX,54.05,54.05,54.05,54.05,200
2025-11-05 10:58,ERX,54.175,54.175,54.175,54.175,119
2025-11-05 10:59,ERX,54.225,54.33,54.225,54.3056,550
2025-11-05 11:00,ERX,54.29,54.29,54.29,54.29,139
2025-11-05 11:01,ERX,54.24,54.24,54.2004,54.2004,500
2025-11-05 11:02,ERX,54.22,54.22,54.15,54.17,940
2025-11-05 11:04,ERX,54.19,54.2,54.19,54.2,300
2025-11-05 11:11,ERX,54.2,54.2,54.2,54.2,100
2025-11-05 11:13,ERX,54.2199,54.2199,54.195,54.195,500
2025-11-05 11:17,ERX,54.285,54.285,54.26,54.26,720
2025-11-05 11:18,ERX,54.26,54.26,54.26,54.26,200
2025-11-05 11:20,ERX,54.29,54.29,54.29,54.29,120
2025-11-05 11:21,ERX,54.28,54.28,54.27,54.28,920
2025-11-05 11:22,ERX,54.28,54.28,54.27,54.27,300
2025-11-05 11:23,ERX,54.3,54.3,54.3,54.3,100
2025-11-05 11:24,ERX,54.29,54.29,54.29,54.29,500
2025-11-05 11:25,ERX,54.3,54.35,54.3,54.35,259
2025-11-05 11:26,ERX,54.34,54.34,54.34,54.34,240
2025-11-05 11:27,ERX,54.32,54.32,54.32,54.32,240
2025-11-05 11:29,ERX,54.35,54.35,54.35,54.35,100
2025-11-05 11:30,ERX,54.33,54.33,54.31,54.31,200
2025-11-05 11:33,ERX,54.32,54.32,54.31,54.31,425
2025-11-05 11:37,ERX,54.27,54.27,54.27,54.27,120
2025-11-05 11:38,ERX,54.29,54.29,54.29,54.29,120
2025-11-05 11:40,ERX,54.3425,54.3425,54.3425,54.3425,100
2025-11-05 11:41,ERX,54.342,54.342,54.342,54.342,200
2025-11-05 11:42,ERX,54.38,54.38,54.38,54.38,561
2025-11-05 11:43,ERX,54.4,54.4,54.4,54.4,105
2025-11-05 11:44,ERX,54.33,54.33,54.18,54.29,18472
2025-11-05 11:45,ERX,54.24,54.3,54.24,54.3,712
2025-11-05 11:46,ERX,54.37,54.37,54.31,54.31,2160
2025-11-05 11:47,ERX,54.41,54.46,54.41,54.46,1859
2025-11-05 11:48,ERX,54.45,54.5,54.45,54.5,819
2025-11-05 11:49,ERX,54.49,54.49,54.49,54.49,400
2025-11-05 11:50,ERX,54.47,54.475,54.4106,54.475,1238
2025-11-05 11:51,ERX,54.53,54.53,54.53,54.53,100
2025-11-05 11:52,ERX,54.525,54.53,54.52,54.52,800
2025-11-05 11:53,ERX,54.495,54.495,54.47,54.4775,650
2025-11-05 11:54,ERX,54.5,54.5,54.5,54.5,1000
2025-11-05 11:55,ERX,54.46,54.46,54.45,54.45,220
2025-11-05 11:58,ERX,54.36,54.36,54.36,54.36,200
2025-11-05 12:00,ERX,54.35,54.35,54.35,54.35,120
2025-11-05 12:03,ERX,54.46,54.5,54.45,54.45,3020
2025-11-05 12:04,ERX,54.39,54.39,54.39,54.39,240
2025-11-05 12:08,ERX,54.3387,54.3387,54.3387,54.3387,100
2025-11-05 12:10,ERX,54.38,54.38,54.38,54.38,108
2025-11-05 12:11,ERX,54.37,54.37,54.37,54.37,100
2025-11-05 12:14,ERX,54.45,54.45,54.45,54.45,100
2025-11-05 12:18,ERX,54.5,54.5,54.5,54.5,1936
2025-11-05 12:20,ERX,54.51,54.51,54.5,54.5,300
2025-11-05 12:21,ERX,54.5,54.5,54.5,54.5,100
2025-11-05 12:22,ERX,54.5286,54.5286,54.48,54.48,400
2025-11-05 12:23,ERX,54.48,54.48,54.48,54.48,340
2025-11-05 12:26,ERX,54.48,54.48,54.48,54.48,100
2025-11-05 12:28,ERX,54.52,54.52,54.52,54.52,100
2025-11-05 12:30,ERX,54.49,54.49,54.49,54.49,200
2025-11-05 12:31,ERX,54.47,54.47,54.47,54.47,100
2025-11-05 12:32,ERX,54.42,54.44,54.42,54.44,200
2025-11-05 12:35,ERX,54.45,54.45,54.45,54.45,100
2025-11-05 12:37,ERX,54.46,54.46,54.46,54.46,800
2025-11-05 12:38,ERX,54.5,54.5,54.5,54.5,1998
2025-11-05 12:40,ERX,54.48,54.48,54.47,54.48,300
2025-11-05 12:46,ERX,54.33,54.33,54.33,54.33,300
2025-11-05 12:54,ERX,54.402,54.402,54.4,54.4,423
2025-11-05 13:02,ERX,54.38,54.38,54.38,54.38,100
2025-11-05 13:03,ERX,54.39,54.4,54.39,54.4,200
2025-11-05 13:04,ERX,54.37,54.37,54.37,54.37,100
2025-11-05 13:05,ERX,54.4086,54.4086,54.4086,54.4086,100
2025-11-05 13:09,ERX,54.37,54.37,54.37,54.37,100
2025-11-05 13:15,ERX,54.48,54.48,54.48,54.48,100
2025-11-05 13:19,ERX,54.49,54.49,54.49,54.49,800
2025-11-05 13:22,ERX,54.42,54.42,54.42,54.42,100
2025-11-05 13:23,ERX,54.46,54.46,54.46,54.46,1040
2025-11-05 13:25,ERX,54.6,54.6,54.6,54.6,100
2025-11-05 13:26,ERX,54.62,54.62,54.62,54.62,100
2025-11-05 13:27,ERX,54.6,54.6,54.6,54.6,200
2025-11-05 13:32,ERX,54.65,54.65,54.65,54.65,700
2025-11-05 13:33,ERX,54.63,54.63,54.63,54.63,200
2025-11-05 13:34,ERX,54.58,54.58,54.58,54.58,200
2025-11-05 13:35,ERX,54.56,54.56,54.56,54.56,450
2025-11-05 13:38,ERX,54.56,54.56,54.56,54.56,592
2025-11-05 13:39,ERX,54.6,54.6,54.6,54.6,1018
2025-11-05 13:40,ERX,54.63,54.63,54.61,54.61,200
2025-11-05 13:42,ERX,54.58,54.58,54.58,54.58,200
2025-11-05 13:45,ERX,54.55,54.55,54.55,54.55,100
2025-11-05 13:47,ERX,54.5487,54.5487,54.54,54.54,373
2025-11-05 13:50,ERX,54.5564,54.5564,54.5564,54.5564,385
2025-11-05 13:51,ERX,54.58,54.58,54.5701,54.5701,485
2025-11-05 13:52,ERX,54.54,54.54,54.54,54.54,100
2025-11-05 13:53,ERX,54.52,54.52,54.5001,54.5001,600
2025-11-05 13:57,ERX,54.51,54.51,54.51,54.51,100
2025-11-05 14:00,ERX,54.5,54.5,54.5,54.5,100
2025-11-05 14:02,ERX,54.46,54.46,54.46,54.46,100
2025-11-05 14:03,ERX,54.41,54.41,54.41,54.41,100
2025-11-05 14:05,ERX,54.37,54.37,54.37,54.37,120
2025-11-05 14:07,ERX,54.34,54.34,54.32,54.34,4060
2025-11-05 14:08,ERX,54.28,54.28,54.25,54.25,1200
2025-11-05 14:10,ERX,54.23,54.27,54.21,54.21,690
2025-11-05 14:11,ERX,54.26,54.26,54.26,54.26,100
2025-11-05 14:12,ERX,54.3,54.3,54.3,54.3,100
2025-11-05 14:13,ERX,54.2801,54.2801,54.2801,54.2801,299
2025-11-05 14:23,ERX,54.26,54.26,54.26,54.26,100
2025-11-05 14:24,ERX,54.23,54.23,54.23,54.23,100
2025-11-05 14:26,ERX,54.142,54.142,54.142,54.142,600
2025-11-05 14:29,ERX,54.1835,54.1835,54.075,54.09,1985
2025-11-05 14:30,ERX,54.07,54.08,53.969,54.055,3705
2025-11-05 14:31,ERX,54.03,54.03,54.03,54.03,100
2025-11-05 14:33,ERX,54.02,54.02,54.0,54.0,200
2025-11-05 14:35,ERX,53.97,53.97,53.93,53.93,200
2025-11-05 14:36,ERX,53.91,53.94,53.83,53.89,7800
2025-11-05 14:37,ERX,53.87,53.87,53.85,53.85,600
2025-11-05 14:38,ERX,53.87,53.87,53.82,53.82,2850
2025-11-05 14:39,ERX,53.84,53.84,53.81,53.82,947
2025-11-05 14:40,ERX,53.81,53.84,53.81,53.84,200
2025-11-05 14:44,ERX,53.8565,53.8565,53.8565,53.8565,417
2025-11-05 14:45,ERX,53.85,53.9,53.84,53.9,1925
2025-11-05 14:46,ERX,53.88,53.88,53.88,53.88,100
2025-11-05 14:47,ERX,53.86,53.86,53.85,53.85,200
2025-11-05 14:48,ERX,53.81,53.81,53.77,53.78,500
2025-11-05 14:51,ERX,53.83,53.85,53.83,53.85,200
2025-11-05 14:54,ERX,53.89,53.89,53.89,53.89,600
2025-11-05 14:55,ERX,53.87,53.87,53.87,53.87,100
2025-11-05 14:56,ERX,53.89,53.89,53.87,53.87,200
2025-11-05 14:59,ERX,53.82,53.82,53.82,53.82,100
2025-11-05 15:00,ERX,53.849,53.86,53.849,53.86,2376
2025-11-05 15:01,ERX,53.87,53.9,53.8695,53.89,1600
2025-11-05 15:02,ERX,53.91,53.91,53.91,53.91,100
2025-11-05 15:05,ERX,53.92,53.92,53.92,53.92,500
2025-11-05 15:06,ERX,53.92,53.93,53.92,53.92,500
2025-11-05 15:07,ERX,53.9284,53.96,53.9284,53.96,4400
2025-11-05 15:08,ERX,53.96,53.99,53.96,53.98,1300
2025-11-05 15:09,ERX,53.98,54.0,53.98,54.0,550
2025-11-05 15:10,ERX,54.0,54.036,54.0,54.036,2977
2025-11-05 15:11,ERX,54.025,54.025,54.0,54.0,500
2025-11-05 15:13,ERX,54.0,54.015,54.0,54.015,1300
2025-11-05 15:14,ERX,53.96,53.96,53.96,53.96,100
2025-11-05 15:15,ERX,54.0,54.0,54.0,54.0,500
2025-11-05 15:16,ERX,53.97,53.97,53.97,53.97,100
2025-11-05 15:18,ERX,53.94,53.95,53.94,53.94,2600
2025-11-05 15:20,ERX,54.0,54.0,54.0,54.0,200
2025-11-05 15:21,ERX,54.01,54.01,54.01,54.01,100
2025-11-05 15:22,ERX,54.01,54.01,54.01,54.01,100
2025-11-05 15:23,ERX,54.0,54.0,54.0,54.0,100
2025-11-05 15:25,ERX,54.01,54.01,54.01,54.01,100
2025-11-05 15:26,ERX,53.95,53.95,53.93,53.93,200
2025-11-05 15:32,ERX,53.96,53.96,53.96,53.96,200
2025-11-05 15:33,ERX,53.9439,53.9439,53.9439,53.9439,100
2025-11-05 15:36,ERX,53.97,53.97,53.97,53.97,1000
2025-11-05 15:37,ERX,53.95,53.96,53.95,53.95,900
2025-11-05 15:38,ERX,53.99,54.0,53.99,54.0,200
2025-11-05 15:41,ERX,54.01,54.01,54.01,54.01,100
2025-11-05 15:43,ERX,54.0,54.0,54.0,54.0,100
2025-11-05 15:44,ERX,54.02,54.02,54.01,54.01,400
2025-11-05 15:45,ERX,54.02,54.02,53.94,53.94,700
2025-11-05 15:46,ERX,53.9,53.9,53.9,53.9,100
2025-11-05 15:47,ERX,53.9,53.9,53.9,53.9,350
2025-11-05 15:48,ERX,53.87,53.87,53.82,53.82,300
2025-11-05 15:49,ERX,53.7627,53.7627,53.7627,53.7627,200
2025-11-05 15:51,ERX,53.7616,53.79,53.76,53.77,2796
2025-11-05 15:52,ERX,53.75,53.77,53.75,53.7696,700
2025-11-05 15:53,ERX,53.78,53.8292,53.7601,53.81,806
2025-11-05 15:54,ERX,53.8,53.8,53.71,53.71,1500
2025-11-05 15:55,ERX,53.68,53.68,53.6,53.61,2609
2025-11-05 15:56,ERX,53.6,53.63,53.59,53.63,705
2025-11-05 15:57,ERX,53.61,53.61,53.57,53.57,669
2025-11-05 15:58,ERX,53.52,53.53,53.51,53.51,3394
2025-11-05 15:59,ERX,53.51,53.52,53.49,53.5,3834
2025-11-05 16:00,ERX,53.52,53.52,53.52,53.52,1334
2025-11-06 08:00,ERX,53.81,53.81,53.81,53.81,100
2025-11-06 09:30,ERX,53.77,54.03,53.77,54.03,1319
2025-11-06 09:31,ERX,54.2,54.2,54.16,54.16,300
2025-11-06 09:32,ERX,54.319,54.319,54.23,54.23,800
2025-11-06 09:33,ERX,54.17,54.46,54.16,54.39,2585
2025-11-06 09:34,ERX,54.35,54.44,54.32,54.44,3168
2025-11-06 09:35,ERX,54.44,54.47,54.23,54.27,7087
2025-11-06 09:36,ERX,54.3391,54.415,54.3391,54.39,2637
2025-11-06 09:37,ERX,54.52,54.63,54.485,54.58,6188
2025-11-06 09:38,ERX,54.68,54.68,54.63,54.64,1700
2025-11-06 09:39,ERX,54.735,54.74,54.69,54.74,1600
2025-11-06 09:40,ERX,54.775,54.92,54.775,54.86,1350
2025-11-06 09:41,ERX,54.77,54.89,54.75,54.89,740
2025-11-06 09:42,ERX,54.9,54.96,54.855,54.855,3921
2025-11-06 09:43,ERX,54.895,54.98,54.89,54.96,3480
2025-11-06 09:44,ERX,54.99,55.05,54.99,55.05,3468
2025-11-06 09:45,ERX,55.0475,55.0999,55.0,55.02,5283
2025-11-06 09:46,ERX,55.1,55.13,55.1,55.11,698
2025-11-06 09:47,ERX,55.12,55.12,55.08,55.08,800
2025-11-06 09:48,ERX,55.19,55.22,55.1,55.1,1312
2025-11-06 09:49,ERX,55.09,55.09,55.02,55.03,800
2025-11-06 09:50,ERX,55.06,55.06,54.99,55.05,1320
2025-11-06 09:51,ERX,55.11,55.11,55.07,55.1,840
2025-11-06 09:52,ERX,55.14,55.14,55.1,55.13,840
2025-11-06 09:53,ERX,55.1,55.13,55.1,55.12,1740
2025-11-06 09:54,ERX,55.11,55.16,54.97,54.99,1703
2025-11-06 09:55,ERX,55.02,55.13,55.0,55.13,1380
2025-11-06 09:56,ERX,55.18,55.195,55.18,55.195,320
2025-11-06 09:57,ERX,55.22,55.38,55.22,55.38,2050
2025-11-06 09:58,ERX,55.4,55.4,55.36,55.39,1221
2025-11-06 09:59,ERX,55.335,55.335,55.335,55.335,400
2025-11-06 10:00,ERX,55.3,55.3075,54.99,55.04,5760
2025-11-06 10:01,ERX,55.04,55.075,54.97,55.035,2647
2025-11-06 10:02,ERX,55.035,55.035,54.9,54.9,2100
2025-11-06 10:03,ERX,54.935,54.9501,54.85,54.85,3178
2025-11-06 10:04,ERX,54.87,54.87,54.8,54.8,205
2025-11-06 10:05,ERX,54.74,54.74,54.636,54.636,800
2025-11-06 10:06,ERX,54.64,54.85,54.64,54.85,990
2025-11-06 10:07,ERX,54.84,54.92,54.84,54.89,1240
2025-11-06 10:08,ERX,54.87,54.88,54.865,54.865,1300
2025-11-06 10:09,ERX,54.87,54.87,54.76,54.76,500
2025-11-06 10:10,ERX,54.8338,54.8338,54.8338,54.8338,100
2025-11-06 10:11,ERX,54.915,54.964,54.915,54.964,200
2025-11-06 10:12,ERX,54.94,54.94,54.875,54.875,700
2025-11-06 10:13,ERX,54.86,54.86,54.7901,54.84,700
2025-11-06 10:16,ERX,54.99,55.04,54.99,55.01,900
2025-11-06 10:17,ERX,55.0,55.0,55.0,55.0,900
2025-11-06 10:18,ERX,55.1,55.1,55.1,55.1,240
2025-11-06 10:19,ERX,55.19,55.205,55.19,55.205,445
2025-11-06 10:20,ERX,55.28,55.45,55.28,55.45,551
2025-11-06 10:21,ERX,55.45,55.45,55.44,55.44,300
2025-11-06 10:22,ERX,55.47,55.53,55.47,55.53,2805
2025-11-06 10:23,ERX,55.54,55.54,55.49,55.5145,1968
2025-11-06 10:24,ERX,55.52,55.52,55.5,55.5,400
2025-11-06 10:25,ERX,55.5,55.5,55.48,55.4955,2100
2025-11-06 10:26,ERX,55.46,55.52,55.46,55.52,220
2025-11-06 10:27,ERX,55.52,55.52,55.46,55.46,800
2025-11-06 10:28,ERX,55.41,55.41,55.41,55.41,399
2025-11-06 10:29,ERX,55.35,55.35,55.29,55.29,400
2025-11-06 10:30,ERX,55.21,55.21,55.11,55.11,414
2025-11-06 10:32,ERX,55.12,55.13,55.12,55.13,360
2025-11-06 10:37,ERX,55.11,55.11,55.11,55.11,300
2025-11-06 10:38,ERX,55.08,55.08,55.08,55.08,100
2025-11-06 10:39,ERX,55.06,55.06,55.06,55.06,120
2025-11-06 10:42,ERX,54.8,54.8,54.8,54.8,105
2025-11-06 10:43,ERX,54.8,54.82,54.8,54.82,560
2025-11-06 10:44,ERX,54.7,54.75,54.7,54.75,200
2025-11-06 10:46,ERX,54.81,54.81,54.77,54.77,620
2025-11-06 10:47,ERX,54.72,54.72,54.72,54.72,100
2025-11-06 10:48,ERX,54.74,54.76,54.74,54.76,400
2025-11-06 10:49,ERX,54.76,54.76,54.76,54.76,450
2025-11-06 10:50,ERX,54.76,54.77,54.73,54.73,1000
2025-11-06 10:51,ERX,54.87,54.87,54.87,54.87,100
2025-11-06 10:54,ERX,54.84,54.855,54.835,54.855,640
2025-11-06 10:55,ERX,54.91,54.915,54.91,54.915,340
2025-11-06 10:56,ERX,54.93,54.93,54.93,54.93,100
2025-11-06 10:58,ERX,54.99,54.99,54.99,54.99,100
2025-11-06 10:59,ERX,54.94,54.94,54.94,54.94,100
2025-11-06 11:00,ERX,54.88,54.88,54.875,54.875,542
2025-11-06 11:01,ERX,54.959,54.959,54.959,54.959,200
2025-11-06 11:02,ERX,55.03,55.05,55.03,55.05,220
2025-11-06 11:03,ERX,54.98,54.9821,54.98,54.98,406
2025-11-06 11:04,ERX,54.93,54.93,54.93,54.93,300
2025-11-06 11:05,ERX,54.94,54.94,54.94,54.94,459
2025-11-06 11:06,ERX,54.98,55.01,54.98,54.99,700
2025-11-06 11:09,ERX,55.0,55.0,55.0,55.0,2887
2025-11-06 11:10,ERX,55.08,55.08,55.0,55.0,3192
2025-11-06 11:18,ERX,54.9,54.905,54.9,54.905,300
2025-11-06 11:20,ERX,55.0,55.02,55.0,55.02,600
2025-11-06 11:21,ERX,55.01,55.01,55.01,55.01,100
2025-11-06 11:22,ERX,54.99,54.99,54.99,54.99,100
2025-11-06 11:23,ERX,54.98,54.98,54.97,54.97,200
2025-11-06 11:25,ERX,55.0,55.0,55.0,55.0,200
2025-11-06 11:26,ERX,54.99,55.01,54.99,55.01,340
2025-11-06 11:30,ERX,55.0679,55.0679,55.0679,55.0679,363
2025-11-06 11:31,ERX,55.05,55.05,55.05,55.05,340
2025-11-06 11:32,ERX,55.035,55.035,55.035,55.035,100
2025-11-06 11:33,ERX,55.01,55.01,55.01,55.01,100
2025-11-06 11:35,ERX,54.99,54.99,54.95,54.95,920
2025-11-06 11:36,ERX,55.0,55.0,55.0,55.0,100
2025-11-06 11:38,ERX,55.13,55.17,55.13,55.16,300
2025-11-06 11:39,ERX,55.16,55.16,55.09,55.0969,1584
2025-11-06 11:40,ERX,55.08,55.08,55.02,55.03,420
2025-11-06 11:41,ERX,55.11,55.11,55.0598,55.0598,1324
2025-11-06 11:42,ERX,55.04,55.08,55.04,55.08,500
2025-11-06 11:43,ERX,54.981,54.981,54.98,54.98,220
2025-11-06 11:44,ERX,54.89,54.89,54.89,54.89,200
2025-11-06 11:45,ERX,54.91,54.91,54.91,54.91,100
2025-11-06 11:46,ERX,54.89,54.91,54.89,54.91,220
2025-11-06 11:48,ERX,54.85,54.855,54.81,54.81,450
2025-11-06 11:49,ERX,54.725,54.735,54.725,54.735,1200
2025-11-06 11:50,ERX,54.742,54.76,54.7273,54.7273,400
2025-11-06 11:51,ERX,54.76,54.8,54.76,54.8,340
2025-11-06 11:52,ERX,54.67,54.72,54.67,54.72,450
2025-11-06 11:54,ERX,54.76,54.76,54.76,54.76,330
2025-11-06 11:56,ERX,54.685,54.685,54.685,54.685,110
2025-11-06 11:57,ERX,54.67,54.67,54.6443,54.6443,700
2025-11-06 11:59,ERX,54.66,54.66,54.6219,54.6219,700
2025-11-06 12:00,ERX,54.62,54.62,54.62,54.62,100
2025-11-06 12:03,ERX,54.5919,54.62,54.5919,54.62,463
2025-11-06 12:04,ERX,54.66,54.66,54.66,54.66,100
2025-11-06 12:06,ERX,54.605,54.605,54.605,54.605,100
2025-11-06 12:07,ERX,54.61,54.61,54.58,54.58,229
2025-11-06 12:09,ERX,54.53,54.68,54.5162,54.68,1000
2025-11-06 12:10,ERX,54.68,54.68,54.68,54.68,100
2025-11-06 12:11,ERX,54.74,54.74,54.73,54.73,200
2025-11-06 12:17,ERX,54.57,54.57,54.57,54.57,100
2025-11-06 12:24,ERX,54.45,54.45,54.45,54.45,120
2025-11-06 12:25,ERX,54.4,54.4,54.3301,54.3301,605
2025-11-06 12:28,ERX,54.29,54.29,54.29,54.29,100
2025-11-06 12:30,ERX,54.34,54.34,54.34,54.34,100
2025-11-06 12:31,ERX,54.41,54.43,54.41,54.43,300
2025-11-06 12:32,ERX,54.49,54.49,54.49,54.49,100
2025-11-06 12:33,ERX,54.47,54.48,54.47,54.48,300
2025-11-06 12:34,ERX,54.43,54.43,54.43,54.43,200
2025-11-06 12:35,ERX,54.42,54.45,54.42,54.45,400
2025-11-06 12:36,ERX,54.43,54.45,54.43,54.45,200
2025-11-06 12:37,ERX,54.46,54.46,54.46,54.46,100
2025-11-06 12:38,ERX,54.46,54.47,54.46,54.47,300
2025-11-06 12:39,ERX,54.46,54.46,54.46,54.46,100
2025-11-06 12:40,ERX,54.47,54.47,54.44,54.44,530
2025-11-06 12:41,ERX,54.45,54.45,54.45,54.45,100
2025-11-06 12:42,ERX,54.47,54.47,54.47,54.47,100
2025-11-06 12:43,ERX,54.47,54.5,54.47,54.5,300
2025-11-06 12:44,ERX,54.49,54.49,54.49,54.49,200
2025-11-06 12:45,ERX,54.51,54.55,54.51,54.55,200
2025-11-06 12:46,ERX,54.6,54.62,54.6,54.62,200
2025-11-06 12:47,ERX,54.64,54.69,54.64,54.69,200
2025-11-06 12:48,ERX,54.7,54.7,54.7,54.7,100
2025-11-06 12:49,ERX,54.71,54.71,54.7,54.7,200
2025-11-06 12:50,ERX,54.69,54.69,54.69,54.69,200
2025-11-06 12:51,ERX,54.69,54.69,54.69,54.69,100
2025-11-06 12:52,ERX,54.69,54.71,54.69,54.71,300
2025-11-06 12:53,ERX,54.67,54.67,54.65,54.65,1136
2025-11-06 12:55,ERX,54.62,54.63,54.62,54.63,200
2025-11-06 12:56,ERX,54.63,54.64,54.6,54.61,400
2025-11-06 12:57,ERX,54.63,54.63,54.63,54.63,100
2025-11-06 12:58,ERX,54.61,54.61,54.61,54.61,100
2025-11-06 12:59,ERX,54.6,54.6,54.6,54.6,100
2025-11-06 13:00,ERX,54.59,54.62,54.59,54.62,200
2025-11-06 13:01,ERX,54.67,54.67,54.67,54.67,100
2025-11-06 13:02,ERX,54.69,54.69,54.69,54.69,100
2025-11-06 13:03,ERX,54.66,54.674,54.66,54.674,714
2025-11-06 13:04,ERX,54.69,54.69,54.69,54.69,440
2025-11-06 13:06,ERX,54.5579,54.56,54.5579,54.56,200
2025-11-06 13:09,ERX,54.54,54.58,54.54,54.58,300
2025-11-06 13:10,ERX,54.6,54.6,54.6,54.6,100
2025-11-06 13:11,ERX,54.59,54.59,54.59,54.59,100
2025-11-06 13:12,ERX,54.6,54.63,54.6,54.63,200
2025-11-06 13:13,ERX,54.61,54.63,54.61,54.61,2067
2025-11-06 13:14,ERX,54.6,54.62,54.58,54.61,880
2025-11-06 13:15,ERX,54.62,54.62,54.62,54.62,100
2025-11-06 13:17,ERX,54.64,54.64,54.64,54.64,100
2025-11-06 13:19,ERX,54.62,54.62,54.62,54.62,100
2025-11-06 13:20,ERX,54.64,54.67,54.64,54.67,300
2025-11-06 13:21,ERX,54.69,54.695,54.67,54.68,510
2025-11-06 13:22,ERX,54.68,54.68,54.68,54.68,100
2025-11-06 13:23,ERX,54.74,54.74,54.74,54.74,100
2025-11-06 13:24,ERX,54.75,54.78,54.75,54.78,200
2025-11-06 13:25,ERX,54.8,54.81,54.8,54.81,205
2025-11-06 13:26,ERX,54.83,54.84,54.83,54.84,200
2025-11-06 13:27,ERX,54.89,54.89,54.87,54.87,200
2025-11-06 13:28,ERX,54.86,54.87,54.86,54.87,1000
2025-11-06 13:29,ERX,54.88,54.88,54.88,54.88,100
2025-11-06 13:30,ERX,54.9,54.93,54.9,54.93,200
2025-11-06 13:31,ERX,54.97,54.97,54.97,54.97,100
2025-11-06 13:32,ERX,54.95,54.96,54.95,54.96,300
2025-11-06 13:33,ERX,54.97,54.973,54.97,54.973,200
2025-11-06 13:34,ERX,54.97,55.02,54.97,55.02,200
2025-11-06 13:35,ERX,55.03,55.03,54.9969,55.02,400
2025-11-06 13:36,ERX,55.05,55.05,55.05,55.05,100
2025-11-06 13:37,ERX,55.07,55.07,55.061,55.07,606
2025-11-06 13:38,ERX,55.05,55.05,55.05,55.05,220
2025-11-06 13:39,ERX,55.04,55.065,55.04,55.065,635
2025-11-06 13:40,ERX,55.05,55.05,55.05,55.05,220
2025-11-06 13:41,ERX,55.08,55.08,55.08,55.08,100
2025-11-06 13:42,ERX,55.05,55.08,55.05,55.08,420
2025-11-06 13:43,ERX,55.06,55.06,55.04,55.05,300
2025-11-06 13:44,ERX,55.06,55.06,55.05,55.05,200
2025-11-06 13:46,ERX,55.0,55.0,54.96,54.97,420
2025-11-06 13:47,ERX,54.95,54.95,54.93,54.93,350
2025-11-06 13:48,ERX,54.95,54.98,54.95,54.98,400
2025-11-06 13:49,ERX,54.97,54.97,54.96,54.96,640
2025-11-06 13:50,ERX,54.95,54.95,54.95,54.95,200
2025-11-06 13:51,ERX,54.9212,54.9212,54.9212,54.9212,1282
2025-11-06 13:52,ERX,54.91,54.91,54.82,54.88,930
2025-11-06 13:53,ERX,54.88,54.88,54.8,54.8,956
2025-11-06 13:54,ERX,54.81,54.84,54.81,54.84,300
2025-11-06 13:55,ERX,54.86,54.87,54.86,54.87,300
2025-11-06 13:56,ERX,54.86,54.86,54.86,54.86,100
2025-11-06 13:57,ERX,54.85,54.85,54.85,54.85,200
2025-11-06 13:58,ERX,54.83,54.83,54.82,54.82,200
2025-11-06 13:59,ERX,54.81,54.81,54.81,54.81,100
2025-11-06 14:00,ERX,54.76,54.76,54.76,54.76,200
2025-11-06 14:01,ERX,54.73,54.78,54.73,54.78,400
2025-11-06 14:02,ERX,54.77,54.77,54.77,54.77,100
2025-11-06 14:03,ERX,54.79,54.79,54.76,54.76,200
2025-11-06 14:04,ERX,54.78,54.78,54.78,54.78,100
2025-11-06 14:05,ERX,54.82,54.82,54.8,54.8,220
2025-11-06 14:07,ERX,54.84,54.84,54.8,54.8,400
2025-11-06 14:08,ERX,54.74,54.74,54.74,54.74,100
2025-11-06 14:09,ERX,54.745,54.76,54.745,54.758,420
2025-11-06 14:10,ERX,54.75,54.77,54.75,54.77,200
2025-11-06 14:11,ERX,54.8,54.82,54.8,54.82,200
2025-11-06 14:12,ERX,54.78,54.78,54.77,54.78,500
2025-11-06 14:13,ERX,54.78,54.78,54.78,54.78,200
2025-11-06 14:14,ERX,54.75,54.76,54.75,54.76,200
2025-11-06 14:15,ERX,54.79,54.79,54.79,54.79,100
2025-11-06 14:16,ERX,54.75,54.78,54.75,54.78,500
2025-11-06 14:18,ERX,54.77,54.795,54.77,54.795,400
2025-11-06 14:19,ERX,54.79,54.79,54.79,54.79,100
2025-11-06 14:21,ERX,54.82,54.82,54.82,54.82,100
2025-11-06 14:22,ERX,54.84,54.84,54.835,54.835,200
2025-11-06 14:23,ERX,54.84,54.84,54.84,54.84,300
2025-11-06 14:24,ERX,54.81,54.81,54.81,54.81,1159
2025-11-06 14:25,ERX,54.82,54.82,54.79,54.81,800
2025-11-06 14:26,ERX,54.82,54.82,54.82,54.82,100
2025-11-06 14:27,ERX,54.86,54.87,54.86,54.87,700
2025-11-06 14:28,ERX,54.85,54.85,54.85,54.85,100
2025-11-06 14:29,ERX,54.82,54.82,54.81,54.81,200
2025-11-06 14:30,ERX,54.84,54.84,54.84,54.84,100
2025-11-06 14:31,ERX,54.74,54.76,54.74,54.74,700
2025-11-06 14:32,ERX,54.76,54.76,54.76,54.76,100
2025-11-06 14:33,ERX,54.78,54.78,54.78,54.78,100
2025-11-06 14:34,ERX,54.73,54.73,54.72,54.72,400
2025-11-06 14:35,ERX,54.74,54.74,54.74,54.74,200
2025-11-06 14:36,ERX,54.71,54.72,54.7,54.72,400
2025-11-06 14:38,ERX,54.72,54.74,54.72,54.74,200
2025-11-06 14:39,ERX,54.7,54.7,54.67,54.67,1000
2025-11-06 14:40,ERX,54.65,54.65,54.61,54.61,300
2025-11-06 14:41,ERX,54.57,54.57,54.57,54.57,200
2025-11-06 14:42,ERX,54.53,54.56,54.53,54.56,500
2025-11-06 14:43,ERX,54.56,54.63,54.56,54.63,300
2025-11-06 14:44,ERX,54.68,54.68,54.68,54.68,100
2025-11-06 14:45,ERX,54.73,54.74,54.73,54.74,300
2025-11-06 14:47,ERX,54.69,54.69,54.67,54.67,200
2025-11-06 14:48,ERX,54.645,54.645,54.645,54.645,100
2025-11-06 14:49,ERX,54.67,54.67,54.67,54.67,300
2025-11-06 14:50,ERX,54.69,54.69,54.69,54.69,200
2025-11-06 14:51,ERX,54.67,54.67,54.67,54.67,100
2025-11-06 14:52,ERX,54.675,54.675,54.66,54.66,200
2025-11-06 14:54,ERX,54.63,54.63,54.63,54.63,234
2025-11-06 14:55,ERX,54.65,54.66,54.635,54.645,1720
2025-11-06 14:56,ERX,54.67,54.67,54.665,54.665,200
2025-11-06 14:57,ERX,54.68,54.685,54.68,54.685,300
2025-11-06 14:59,ERX,54.67,54.67,54.625,54.65,420
2025-11-06 15:00,ERX,54.655,54.6596,54.6321,54.6596,875
2025-11-06 15:01,ERX,54.66,54.66,54.66,54.66,200
2025-11-06 15:02,ERX,54.65,54.65,54.64,54.64,300
2025-11-06 15:03,ERX,54.66,54.68,54.66,54.68,332
2025-11-06 15:04,ERX,54.69,54.69,54.69,54.69,100
2025-11-06 15:05,ERX,54.71,54.71,54.71,54.71,200
2025-11-06 15:06,ERX,54.73,54.73,54.7,54.7,300
2025-11-06 15:07,ERX,54.67,54.67,54.67,54.67,136
2025-11-06 15:08,ERX,54.69,54.69,54.69,54.69,300
2025-11-06 15:09,ERX,54.67,54.67,54.65,54.67,443
2025-11-06 15:11,ERX,54.67,54.69,54.67,54.69,400
2025-11-06 15:12,ERX,54.71,54.71,54.71,54.71,200
2025-11-06 15:13,ERX,54.73,54.765,54.73,54.765,400
2025-11-06 15:14,ERX,54.765,54.765,54.75,54.75,300
2025-11-06 15:15,ERX,54.76,54.76,54.76,54.76,240
2025-11-06 15:16,ERX,54.78,54.78,54.78,54.78,100
2025-11-06 15:18,ERX,54.78,54.8,54.78,54.8,400
2025-11-06 15:19,ERX,54.82,54.86,54.82,54.86,847
2025-11-06 15:20,ERX,54.84,54.84,54.83,54.835,1600
2025-11-06 15:21,ERX,54.85,54.87,54.85,54.86,1500
2025-11-06 15:22,ERX,54.88,54.88,54.87,54.88,1200
2025-11-06 15:23,ERX,54.87,54.91,54.87,54.91,200
2025-11-06 15:24,ERX,54.92,54.92,54.92,54.92,100
2025-11-06 15:25,ERX,54.9,54.91,54.9,54.91,300
2025-11-06 15:26,ERX,54.91,54.91,54.9,54.9,284
2025-11-06 15:27,ERX,54.87,54.87,54.86,54.86,200
2025-11-06 15:28,ERX,54.88,54.88,54.86,54.86,400
2025-11-06 15:29,ERX,54.83,54.83,54.83,54.83,100
2025-11-06 15:30,ERX,54.785,54.8,54.75,54.78,500
2025-11-06 15:32,ERX,54.8,54.8,54.77,54.775,2332
2025-11-06 15:33,ERX,54.81,54.81,54.81,54.81,100
2025-11-06 15:34,ERX,54.8,54.87,54.8,54.87,300
2025-11-06 15:35,ERX,54.89,54.9,54.89,54.9,200
2025-11-06 15:36,ERX,54.93,54.93,54.92,54.92,800
2025-11-06 15:37,ERX,54.95,54.95,54.93,54.93,500
2025-11-06 15:38,ERX,54.93,54.94,54.93,54.94,570
2025-11-06 15:39,ERX,54.94,54.94,54.92,54.94,600
2025-11-06 15:40,ERX,54.95,55.0,54.94,55.0,570
2025-11-06 15:41,ERX,55.0,55.0,55.0,55.0,100
2025-11-06 15:42,ERX,54.97,54.97,54.97,54.97,200
2025-11-06 15:43,ERX,54.96,54.96,54.95,54.95,497
2025-11-06 15:44,ERX,54.95,54.95,54.95,54.95,200
2025-11-06 15:45,ERX,54.94,54.96,54.915,54.915,2268
2025-11-06 15:47,ERX,54.828,54.87,54.828,54.87,1500
2025-11-06 15:48,ERX,54.8,54.82,54.8,54.8,1288
2025-11-06 15:49,ERX,54.79,54.79,54.74,54.75,4248
2025-11-06 15:50,ERX,54.75,54.755,54.695,54.755,4050
2025-11-06 15:51,ERX,54.77,54.81,54.75,54.7969,3919
2025-11-06 15:52,ERX,54.8199,54.89,54.7901,54.857,24779
2025-11-06 15:53,ERX,54.85,54.8511,54.77,54.85,13057
2025-11-06 15:54,ERX,54.89,54.89,54.87,54.87,341
2025-11-06 15:55,ERX,54.87,54.87,54.655,54.655,1702
2025-11-05 15:27,ETHU,82.0,82.005,81.864,81.91,13419
2025-11-05 15:28,ETHU,81.909,81.98,81.86,81.98,5190
2025-11-05 15:29,ETHU,81.9687,81.9687,81.82,81.86,4936
2025-11-05 15:30,ETHU,81.815,81.815,81.6,81.631671,42433
2025-11-05 15:31,ETHU,81.7,81.9,81.6513,81.88,13378
2025-11-05 15:32,ETHU,81.88,81.9191,81.8,81.8,7347
2025-11-05 15:33,ETHU,81.8,81.965,81.75,81.965,4315
2025-11-05 15:34,ETHU,82.0,82.14,81.89,81.95,6963
2025-11-05 15:35,ETHU,82.04,82.1299,81.9,81.95,6706
2025-11-05 15:36,ETHU,82.01,82.1,81.95,82.01,103369
2025-11-05 15:37,ETHU,81.8158,81.985,81.62,81.8426,13843
2025-11-05 15:38,ETHU,81.82,81.85,81.64,81.7988,3408
2025-11-05 15:39,ETHU,81.81,81.945,81.81,81.94,4952
2025-11-05 15:40,ETHU,81.917,82.06,81.8675,82.05,18758
2025-11-05 15:41,ETHU,82.19,82.3,82.13,82.1601,8846
2025-11-05 15:42,ETHU,82.2001,82.3,82.14,82.275,3622
2025-11-05 15:43,ETHU,82.199,82.199,81.99,81.99,16624
2025-11-05 15:44,ETHU,81.955,82.22,81.955,82.1,5312
2025-11-05 15:45,ETHU,82.06,82.16,82.06,82.07,7549
2025-11-05 15:46,ETHU,81.97,82.02,81.86,81.94,6434
2025-11-05 15:47,ETHU,81.93,81.93,81.67,81.7007,7882
2025-11-05 15:48,ETHU,81.7225,81.8,81.64,81.8,12343
2025-11-05 15:49,ETHU,81.81,81.92,81.79,81.893,2898
2025-11-05 15:50,ETHU,81.87,81.97,81.86,81.94,4793
2025-11-05 15:51,ETHU,81.93,81.97,81.7,81.7112,9532
2025-11-05 15:52,ETHU,81.74,81.74,81.46,81.5,9970
2025-11-05 15:53,ETHU,81.5,81.56,81.49,81.56,8812
2025-11-05 15:54,ETHU,81.57,81.81,81.57,81.78,13732
2025-11-05 15:55,ETHU,81.78,81.78,81.42,81.58,9648
2025-11-05 15:56,ETHU,81.58,81.62,81.53,81.62,3156
2025-11-05 15:57,ETHU,81.5201,81.5201,81.1612,81.48,14093
2025-11-05 15:58,ETHU,81.52,81.55,81.1,81.265,27586
2025-11-05 15:59,ETHU,81.22,81.71,81.07,81.6105,22685
2025-11-05 16:00,ETHU,81.595,81.595,81.14,81.14,5587
2025-11-05 16:01,ETHU,81.1715,81.2,81.12,81.2,1004
2025-11-05 16:02,ETHU,81.305,81.305,81.21,81.249,3413
2025-11-05 16:03,ETHU,81.27,81.37,81.21,81.21,2003
2025-11-05 16:04,ETHU,81.3,81.31,81.3,81.31,350
2025-11-05 16:05,ETHU,81.3103,81.35,81.05,81.05,5334
2025-11-05 16:06,ETHU,81.0,81.1182,80.92,80.92,5485
2025-11-05 16:07,ETHU,80.91,80.98,80.9,80.9468,2106
2025-11-05 16:08,ETHU,80.91,81.0,80.9,80.9,3294
2025-11-05 16:09,ETHU,80.85,80.85,80.74,80.79,1985
2025-11-05 16:10,ETHU,80.72,80.84,80.72,80.8,7072
2025-11-05 16:11,ETHU,80.79,80.81,80.7,80.8,2393
2025-11-05 16:12,ETHU,80.82,80.82,80.57,80.57,1765
2025-11-05 16:13,ETHU,80.58,80.7897,80.58,80.7897,2452
2025-11-05 16:14,ETHU,80.6501,80.79,80.6501,80.75,1490
2025-11-05 16:15,ETHU,80.711,80.83,80.711,80.83,11431
2025-11-05 16:16,ETHU,80.85,80.9177,80.84,80.9177,2431
2025-11-05 16:17,ETHU,80.781,80.9994,80.78,80.78,5001
2025-11-05 16:18,ETHU,81.0,81.0,81.0,81.0,154
2025-11-05 16:19,ETHU,80.891,80.9,80.891,80.9,249
2025-11-05 16:20,ETHU,80.901,81.18,80.9008,81.18,654
2025-11-05 16:21,ETHU,81.18,81.1994,81.11005,81.13,1558
2025-11-05 16:22,ETHU,81.08,81.27,81.08,81.27,406
2025-11-05 16:23,ETHU,81.1,81.11,81.1,81.11,650
2025-11-05 16:25,ETHU,81.2,81.2,81.1,81.19,692
2025-11-05 16:26,ETHU,81.18,81.18,81.0,81.04,4172
2025-11-05 16:27,ETHU,80.81,80.81,80.81,80.81,129
2025-11-05 16:28,ETHU,80.8,80.8,80.8,80.8,156
2025-11-05 16:29,ETHU,80.96,80.96,80.82,80.82,300
2025-11-05 16:30,ETHU,80.9,80.9,80.9,80.9,500
2025-11-05 16:32,ETHU,80.8,80.9,80.8,80.9,725
2025-11-05 16:33,ETHU,80.7992,80.7992,80.71,80.75,2506
2025-11-05 16:34,ETHU,80.8,80.8,80.8,80.8,400
2025-11-05 16:35,ETHU,80.81,81.0,80.79,81.0,1050
2025-11-05 16:37,ETHU,80.77,80.77,80.5638,80.61,1312
2025-11-05 16:38,ETHU,80.63,80.65,80.63,80.65,220
2025-11-05 16:39,ETHU,80.69005,80.69005,80.69005,80.69005,135
2025-11-05 16:40,ETHU,80.72,80.72,80.72,80.72,587
2025-11-05 16:41,ETHU,80.7,80.79,80.69,80.7501,976
2025-11-05 16:42,ETHU,80.79,80.93,80.79,80.8801,930
2025-11-05 16:44,ETHU,80.98,80.98,80.93,80.93,759
2025-11-05 16:45,ETHU,80.8744,80.8744,80.87,80.87,891
2025-11-05 16:46,ETHU,80.9,81.0,80.9,81.0,285
2025-11-05 16:47,ETHU,80.93,80.93,80.93,80.93,238
2025-11-05 16:48,ETHU,81.05,81.05,81.05,81.05,131
2025-11-05 16:50,ETHU,81.22,81.33,81.22,81.2651,1250
2025-11-05 16:51,ETHU,81.25,81.28,81.17,81.28,2387
2025-11-05 16:52,ETHU,81.32,81.33,81.18,81.259,1257
2025-11-05 16:53,ETHU,81.13,81.2,81.1,81.1,1088
2025-11-05 16:54,ETHU,81.09,81.19,81.09,81.0975,300
2025-11-05 16:55,ETHU,81.2,81.23,81.15,81.22,1387
2025-11-05 16:56,ETHU,81.35,81.4,81.35,81.4,898
2025-11-05 16:58,ETHU,81.31,81.31,81.28,81.28,600
2025-11-05 16:59,ETHU,81.1,81.11,81.0,81.0,2096
2025-11-05 17:01,ETHU,81.0015,81.01,81.0,81.01,1918
2025-11-05 17:02,ETHU,81.0,81.1,81.0,81.0,2046
2025-11-05 17:03,ETHU,80.85,80.85,80.8016,80.8016,810
2025-11-05 17:04,ETHU,80.8,80.8,80.7,80.7,1721
2025-11-05 17:05,ETHU,80.62,80.62,80.34,80.34,5790
2025-11-05 17:06,ETHU,80.14,80.16,80.1116,80.1116,1190
2025-11-05 17:07,ETHU,80.14,80.18,80.13,80.18,776
2025-11-05 17:08,ETHU,80.18,80.18,80.15,80.15,1117
2025-11-05 17:09,ETHU,80.13,80.2,80.13,80.2,471
2025-11-05 17:10,ETHU,80.16,80.18,80.1215,80.18,1300
2025-11-05 17:12,ETHU,80.1554,80.1554,80.1554,80.1554,550
2025-11-05 17:13,ETHU,80.15,80.15,80.15,80.15,100
2025-11-05 17:14,ETHU,80.1209,80.17,79.76,79.7617,8298
2025-11-05 17:15,ETHU,79.76,79.84,79.5669,79.84,4355
2025-11-05 17:16,ETHU,79.71,79.9,79.71,79.9,298
2025-11-05 17:18,ETHU,80.2208,80.2208,80.2208,80.2208,250
2025-11-05 17:19,ETHU,80.0,80.0,79.96,79.99,623
2025-11-05 17:20,ETHU,79.81,79.81,79.81,79.81,362
2025-11-05 17:21,ETHU,79.97,79.97,79.97,79.97,100
2025-11-05 17:22,ETHU,79.75,79.75,79.72,79.72,307
2025-11-05 17:23,ETHU,79.73,79.77,79.73,79.77,359
2025-11-05 17:24,ETHU,79.88,79.88,79.88,79.88,450
2025-11-05 17:25,ETHU,79.92,80.0,79.91,80.0,1216
2025-11-05 17:26,ETHU,80.04,80.04,79.9,80.0,790
2025-11-05 17:27,ETHU,79.9,79.9987,79.89,79.9987,516
2025-11-05 17:28,ETHU,80.0,80.0,80.0,80.0,220
2025-11-05 17:29,ETHU,80.0,80.0,79.84,79.84,1500
2025-11-05 17:30,ETHU,79.85,79.93,79.85,79.9,1350
2025-11-05 17:32,ETHU,79.83,80.0,79.83,80.0,2627
2025-11-05 17:33,ETHU,80.17,80.17,80.17,80.17,191
2025-11-05 17:34,ETHU,80.04,80.12,80.04,80.12,424
2025-11-05 17:35,ETHU,80.33,80.33,80.33,80.33,150
2025-11-05 17:36,ETHU,80.08,80.08,80.08,80.08,139
2025-11-05 17:37,ETHU,80.38,80.38,80.38,80.38,100
2025-11-05 17:38,ETHU,80.33,80.33,80.33,80.33,865
2025-11-05 17:41,ETHU,80.25,80.25,80.13,80.13,903
2025-11-05 17:42,ETHU,80.32,80.32,80.32,80.32,980
2025-11-05 17:43,ETHU,80.48,80.64,80.48,80.48,2056
2025-11-05 17:44,ETHU,80.56,80.56,80.46,80.46,744
2025-11-05 17:46,ETHU,80.41,80.45,80.41,80.45,300
2025-11-05 17:47,ETHU,80.41,80.4663,80.3,80.4663,433
2025-11-05 17:48,ETHU,80.3,80.4,80.3,80.33,570
2025-11-05 17:50,ETHU,80.4481,80.45,80.43,80.45,507
2025-11-05 17:51,ETHU,80.7,80.7,80.69,80.7,1594
2025-11-05 17:52,ETHU,80.7,80.7,80.54,80.69,1337
2025-11-05 17:53,ETHU,80.69,80.69,80.68,80.68,2450
2025-11-05 17:54,ETHU,80.4987,80.4987,80.46,80.46,520
2025-11-05 17:55,ETHU,80.32,80.33,80.32,80.33,440
2025-11-05 17:56,ETHU,80.29,80.29,80.29,80.29,200
2025-11-05 17:57,ETHU,80.29,80.29,80.29,80.29,200
2025-11-05 17:58,ETHU,80.2,80.2,80.2,80.2,467
2025-11-05 18:02,ETHU,80.37,80.37,80.37,80.37,150
2025-11-05 18:03,ETHU,80.2,80.2,80.0188,80.0188,5820
2025-11-05 18:04,ETHU,80.09,80.09,79.97,79.97,2562
2025-11-05 18:05,ETHU,80.11,80.11,79.88,79.88,962
2025-11-05 18:06,ETHU,80.0,80.0,80.0,80.0,190
2025-11-05 18:07,ETHU,79.99,80.0,79.99,80.0,300
2025-11-05 18:08,ETHU,80.05,80.05,80.05,80.05,300
2025-11-05 18:10,ETHU,80.1666,80.25,80.1666,80.25,316
2025-11-05 18:11,ETHU,80.3,80.69,80.26,80.39,856
2025-11-05 18:12,ETHU,80.38,80.39,80.38,80.39,1598
2025-11-05 18:15,ETHU,80.54,80.54,80.54,80.54,125
2025-11-05 18:16,ETHU,80.5081,80.6754,80.5081,80.67,899
2025-11-05 18:17,ETHU,80.69,80.69,80.69,80.69,270
2025-11-05 18:18,ETHU,80.5981,80.5981,80.58,80.58,692
2025-11-05 18:19,ETHU,80.5,80.55,80.5,80.55,600
2025-11-05 18:20,ETHU,80.52,80.54,80.52,80.54,500
2025-11-05 18:21,ETHU,80.61,80.61,80.61,80.61,568
2025-11-05 18:22,ETHU,80.7,80.88,80.7,80.75,600
2025-11-05 18:23,ETHU,80.79,80.82,80.71,80.71,977
2025-11-05 18:24,ETHU,80.6987,80.6987,80.6987,80.6987,500
2025-11-05 18:25,ETHU,80.66,80.66,80.66,80.66,100
2025-11-05 18:26,ETHU,80.58,80.62,80.58,80.62,500
2025-11-05 18:27,ETHU,80.62,80.69,80.62,80.69,386
2025-11-05 18:28,ETHU,80.9668,80.9668,80.9668,80.9668,300
2025-11-05 18:30,ETHU,80.8,80.8,80.8,80.8,563
2025-11-05 18:31,ETHU,80.6713,80.6713,80.6713,80.6713,106
2025-11-05 18:32,ETHU,80.65,80.66,80.61,80.66,1439
2025-11-05 18:34,ETHU,80.75,80.75,80.75,80.75,155
2025-11-05 18:35,ETHU,80.7,80.7,80.6,80.6,233
2025-11-05 18:36,ETHU,80.59,80.59,80.59,80.59,180
2025-11-05 18:39,ETHU,80.57,80.59,80.5,80.59,600
2025-11-05 18:41,ETHU,80.5,80.5,80.5,80.5,200
2025-11-05 18:43,ETHU,80.79,80.79,80.64,80.79,563
2025-11-05 18:45,ETHU,80.84,80.84,80.84,80.84,472
2025-11-05 18:46,ETHU,80.9,80.9,80.9,80.9,100
2025-11-05 18:47,ETHU,80.84,80.84,80.84,80.84,200
2025-11-05 18:48,ETHU,80.8,80.8,80.8,80.8,300
2025-11-05 18:50,ETHU,80.6,80.6,80.58,80.58,898
2025-11-05 18:51,ETHU,80.4,80.4,80.4,80.4,100
2025-11-05 18:52,ETHU,80.51,80.51,80.51,80.51,289
2025-11-05 18:54,ETHU,80.4798,80.48,80.43,80.43,604
2025-11-05 18:55,ETHU,80.4,80.4,80.36,80.36,4998
2025-11-05 18:56,ETHU,80.36,80.4716,80.36,80.4716,1103
2025-11-05 18:58,ETHU,80.35,80.35,80.33,80.33,200
2025-11-05 18:59,ETHU,80.2901,80.44,80.1774,80.44,9632
2025-11-05 19:00,ETHU,80.2246,80.2246,80.2246,80.2246,155
2025-11-05 19:01,ETHU,80.2201,80.2201,80.22,80.22,390
2025-11-05 19:02,ETHU,80.05,80.05,79.6,79.6,2189
2025-11-05 19:03,ETHU,79.6,79.6,79.6,79.6,280
2025-11-05 19:04,ETHU,79.6,79.6,79.4014,79.6,2910
2025-11-05 19:05,ETHU,79.47,79.63,79.4,79.4,1091
2025-11-05 19:06,ETHU,79.34,79.59,79.34,79.59,451
2025-11-05 19:07,ETHU,79.56,79.56,79.56,79.56,200
2025-11-05 19:08,ETHU,79.35,79.35,79.26,79.26,800
2025-11-05 19:09,ETHU,79.71,79.72,79.71,79.72,200
2025-11-05 19:10,ETHU,79.5469,79.5469,79.5469,79.5469,220
2025-11-05 19:12,ETHU,79.87,79.87,79.87,79.87,200
2025-11-05 19:13,ETHU,79.85,79.85,79.78,79.78,352
2025-11-05 19:14,ETHU,79.66,79.66,79.51,79.51,305
2025-11-05 19:18,ETHU,79.4708,79.4708,79.4708,79.4708,495
2025-11-05 19:21,ETHU,79.48,79.48,79.47,79.47,306
2025-11-05 19:22,ETHU,79.29,79.29,79.29,79.29,105
2025-11-05 19:23,ETHU,79.25,79.26,79.21,79.23,7064
2025-11-05 19:24,ETHU,79.13,79.13,79.01,79.03,1863
2025-11-05 19:25,ETHU,79.0,79.05,78.96,79.01,781
2025-11-05 19:26,ETHU,79.11,79.11,79.11,79.11,500
2025-11-05 19:27,ETHU,79.1,79.1,79.1,79.1,248
2025-11-05 19:28,ETHU,78.9858,79.22,78.9858,79.22,771
2025-11-05 19:31,ETHU,79.2,79.2,79.1,79.1,231
2025-11-05 19:32,ETHU,79.031,79.1797,79.0,79.0,5133
2025-11-05 19:33,ETHU,79.0,79.1425,78.93,79.14,1729
2025-11-05 19:34,ETHU,78.874,78.99,78.8,78.99,2193
2025-11-05 19:35,ETHU,78.91,79.1012,78.91,79.1,1130
2025-11-05 19:36,ETHU,79.17,79.17,79.15,79.1501,393
2025-11-05 19:39,ETHU,79.02,79.02,78.95,78.95,600
2025-11-05 19:41,ETHU,79.0,79.0,79.0,79.0,324
2025-11-05 19:42,ETHU,79.0,79.0,79.0,79.0,349
2025-11-05 19:43,ETHU,79.0,79.0,78.86,78.86,537
2025-11-05 19:44,ETHU,78.8,79.0443,78.8,79.0443,2972
2025-11-05 19:46,ETHU,79.0,79.05,78.97,79.05,767
2025-11-05 19:47,ETHU,78.85,78.85,78.85,78.85,267
2025-11-05 19:48,ETHU,79.0,79.05,79.0,79.05,604
2025-11-05 19:49,ETHU,79.05,79.15,79.05,79.15,328
2025-11-05 19:51,ETHU,79.24,79.24,79.24,79.24,121
2025-11-05 19:54,ETHU,79.4,79.95,79.2,79.95,1100
2025-11-05 19:55,ETHU,79.92,79.92,79.92,79.92,550
2025-11-05 19:56,ETHU,79.5,79.5,79.5,79.5,345
2025-11-05 19:57,ETHU,79.3,79.33,79.1901,79.1901,1000
2025-11-05 19:58,ETHU,79.4,79.55,79.3,79.3,678
2025-11-05 19:59,ETHU,79.5,79.6,79.5,79.6,867
2025-11-06 07:00,ETHU,79.2,79.2,79.16,79.16,873
2025-11-06 07:02,ETHU,79.08,79.08,79.03,79.03,2373
2025-11-06 07:04,ETHU,78.8,78.8,78.8,78.8,209
2025-11-06 07:05,ETHU,78.77,78.88,78.77,78.88,1645
2025-11-06 07:06,ETHU,78.87,78.87,78.87,78.87,259
2025-11-06 07:09,ETHU,79.17,79.17,79.17,79.17,100
2025-11-06 07:10,ETHU,79.08,79.09,79.08,79.09,532
2025-11-06 07:11,ETHU,79.1,79.1,79.1,79.1,112
2025-11-06 07:12,ETHU,78.87,78.87,78.87,78.87,283
2025-11-06 07:14,ETHU,78.8,78.8,78.8,78.8,177
2025-11-06 07:15,ETHU,78.74,78.74,78.6,78.6,593
2025-11-06 07:16,ETHU,78.55,78.59,78.55,78.59,8124
2025-11-06 07:19,ETHU,78.52,78.65,78.51,78.65,998
2025-11-06 07:20,ETHU,78.55,78.55,78.55,78.55,240
2025-11-06 07:21,ETHU,78.51,78.51,78.46,78.5,7758
2025-11-06 07:22,ETHU,78.49,78.49,78.49,78.49,1416
2025-11-06 07:24,ETHU,78.39,78.39,78.39,78.39,125
2025-11-06 07:25,ETHU,78.31,78.31,78.28,78.28,1341
2025-11-06 07:26,ETHU,78.16,78.16,78.1,78.1,388
2025-11-06 07:29,ETHU,78.09,78.09,77.99,78.0,3487
2025-11-06 07:30,ETHU,78.0,78.18,77.99,78.18,1819
2025-11-06 07:31,ETHU,78.09,78.09,78.09,78.09,100
2025-11-06 07:32,ETHU,78.19,78.19,78.19,78.19,377
2025-11-06 07:33,ETHU,78.14,78.14,78.14,78.14,350
2025-11-06 07:35,ETHU,78.28,78.29,78.2,78.2,3118
2025-11-06 07:36,ETHU,78.11,78.11,78.11,78.11,486
2025-11-06 07:38,ETHU,78.1,78.1,78.1,78.1,112
2025-11-06 07:39,ETHU,78.14,78.14,78.14,78.14,419
2025-11-06 07:40,ETHU,78.03,78.03,77.84,77.84,3682
2025-11-06 07:41,ETHU,77.71,77.71,77.56,77.6,8137
2025-11-06 07:42,ETHU,77.57,77.58,77.25,77.25,7176
2025-11-06 07:43,ETHU,77.4,77.42,77.3,77.31,1287
2025-11-06 07:44,ETHU,77.05,77.05,76.8,76.8,4487
2025-11-06 07:45,ETHU,76.76,76.97,76.76,76.97,1516
2025-11-06 07:46,ETHU,76.98,76.98,76.75,76.75,524
2025-11-06 07:47,ETHU,76.61,76.67,76.61,76.61,945
2025-11-06 07:48,ETHU,76.65,76.83,76.65,76.83,6147
2025-11-06 07:49,ETHU,76.78,76.83,76.73,76.83,4929
2025-11-06 07:50,ETHU,76.99,77.09,76.99,77.09,524
2025-11-06 07:51,ETHU,77.15,77.22,77.15,77.22,488
2025-11-06 07:52,ETHU,77.22,77.22,77.05,77.05,4796
2025-11-06 07:53,ETHU,77.01,77.01,76.93,76.94,1267
2025-11-06 07:54,ETHU,76.88,76.88,76.77,76.82,2588
2025-11-06 07:55,ETHU,76.85,77.21,76.82,77.0,2320
2025-11-06 07:56,ETHU,77.0,77.0,77.0,77.0,1443
2025-11-06 07:58,ETHU,76.95,77.0,76.95,77.0,1136
2025-11-06 07:59,ETHU,77.01,77.01,76.8,76.8,1466
2025-11-06 08:00,ETHU,79.16,81.67,76.5463,77.0,277014
2025-11-06 08:01,ETHU,77.77,81.33,76.9312,76.94,4936
2025-11-06 08:02,ETHU,76.8901,79.23,76.8901,77.06,4658
2025-11-06 08:03,ETHU,76.94,77.0199,76.89,76.89,1564
2025-11-06 08:04,ETHU,76.83,76.99,76.83,76.92,3522
2025-11-06 08:05,ETHU,76.89,76.99,76.85,76.97,2291
2025-11-06 08:06,ETHU,77.14,77.14,77.14,77.14,112
2025-11-06 08:07,ETHU,76.9969,77.17,76.9969,77.17,890
2025-11-06 08:08,ETHU,77.25,77.25,77.18,77.2188,2300
2025-11-06 08:09,ETHU,77.27,77.2999,77.25,77.2958,2268
2025-11-06 08:10,ETHU,77.3,77.6717,77.3,77.6717,2297
2025-11-06 08:11,ETHU,77.6,77.6,77.45,77.45,1136
2025-11-06 08:12,ETHU,77.43,77.5,77.43,77.48,1913
2025-11-06 08:13,ETHU,77.619,77.7,77.619,77.6798,1918
2025-11-06 08:14,ETHU,77.64,77.7,77.64,77.64,891
2025-11-06 08:15,ETHU,77.66,77.97,77.66,77.7386,5787
2025-11-06 08:16,ETHU,77.72,78.15,77.55,78.15,2177
2025-11-06 08:17,ETHU,78.32,78.5314,78.32,78.4,8089
2025-11-06 08:18,ETHU,78.35,78.45,78.2,78.2,3038
2025-11-06 08:19,ETHU,78.11,78.36,78.11,78.36,740
2025-11-06 08:20,ETHU,78.36,78.36,78.1893,78.1893,724
2025-11-06 08:21,ETHU,78.1896,78.2,78.1896,78.19,708
2025-11-06 08:22,ETHU,78.18,78.49,78.1,78.486,3281
2025-11-06 08:23,ETHU,78.47,78.49,78.38,78.39,5210
2025-11-06 08:24,ETHU,78.49,79.09,78.49,79.09,4759
2025-11-06 08:25,ETHU,79.0,79.02,78.85,78.91,10736
2025-11-06 08:26,ETHU,78.9,79.1,78.9,79.0803,5207
2025-11-06 08:27,ETHU,79.05,79.05,78.89,78.92,1970
2025-11-06 08:28,ETHU,78.8,78.8,78.78,78.78,288
2025-11-06 08:29,ETHU,78.86,78.87,78.75,78.77,2156
2025-11-06 08:30,ETHU,78.76,79.02,78.76,78.9,11270
2025-11-06 08:31,ETHU,78.75,78.9,78.6,78.6,2132
2025-11-06 08:32,ETHU,78.56,78.56,78.5,78.5,598
2025-11-06 08:33,ETHU,78.56,78.56,78.5,78.5,1348
2025-11-06 08:34,ETHU,78.57,78.57,78.5575,78.5575,1903
2025-11-06 08:35,ETHU,78.5473,78.69,78.5235,78.69,2255
2025-11-06 08:36,ETHU,78.7711,78.7711,78.7711,78.7711,111
2025-11-06 08:37,ETHU,78.5,78.5,78.3999,78.41,847
2025-11-06 08:38,ETHU,78.49,78.6517,78.47,78.5314,3152
2025-11-06 08:39,ETHU,78.6,78.6,78.6,78.6,968
2025-11-06 08:40,ETHU,78.7232,78.7232,78.6,78.6,474
2025-11-06 08:41,ETHU,78.61,78.7389,78.5094,78.65,14516
2025-11-06 08:42,ETHU,78.73,78.7495,78.6015,78.7495,4800
2025-11-06 08:43,ETHU,78.75,78.9788,78.75,78.9788,6264
2025-11-06 08:44,ETHU,78.97,78.97,78.97,78.97,200
2025-11-06 08:45,ETHU,78.96,79.37,78.96,79.36,6466
2025-11-06 08:46,ETHU,79.21,79.22,79.15,79.19,17814
2025-11-06 08:47,ETHU,79.155,79.18,79.155,79.18,4988
2025-11-06 08:48,ETHU,79.01,79.01,78.81,78.95,1500
2025-11-06 08:49,ETHU,78.9,78.9,78.9,78.9,100
2025-11-06 08:50,ETHU,79.0,79.0,79.0,79.0,181
2025-11-06 08:51,ETHU,79.05,79.3,79.01,79.3,2474
2025-11-06 08:52,ETHU,79.2,79.2612,79.2,79.2612,2034
2025-11-06 08:53,ETHU,79.27,79.27,79.1,79.1,600
2025-11-06 08:54,ETHU,78.99,79.0,78.88,78.88,416
2025-11-06 08:55,ETHU,78.89,78.89,78.89,78.89,570
2025-11-06 08:56,ETHU,78.88,78.9,78.88,78.9,705
2025-11-06 08:57,ETHU,78.8006,78.91,78.8006,78.9,1166
2025-11-06 08:58,ETHU,78.9611,78.9611,78.75,78.75,700
2025-11-06 09:00,ETHU,78.82,78.82,78.79,78.79,1089
2025-11-06 09:02,ETHU,79.0,79.07,79.0,79.06,330
2025-11-06 09:03,ETHU,79.2,79.2,79.1,79.1,1250
2025-11-06 09:04,ETHU,79.0,79.0,78.91,78.91,449
2025-11-06 09:05,ETHU,78.76,78.76,78.15,78.3,2909
2025-11-06 09:06,ETHU,78.24,78.2526,77.75,77.9,2855
2025-11-06 09:07,ETHU,77.84,77.87,77.75,77.8,9118
2025-11-06 09:08,ETHU,77.73,77.74,77.42,77.42,5316
2025-11-06 09:09,ETHU,77.47,77.59,77.47,77.49,4935
2025-11-06 09:10,ETHU,77.41,77.41,77.03,77.28,8213
2025-11-06 09:11,ETHU,77.3,77.5,77.3,77.47,5183
2025-11-06 09:12,ETHU,77.55,77.56,77.5147,77.5147,1150
2025-11-06 09:13,ETHU,77.5,77.59,77.4452,77.59,1133
2025-11-06 09:15,ETHU,77.53,77.61,77.49,77.6097,3956
2025-11-06 09:16,ETHU,77.5,77.61,77.5,77.57,1467
2025-11-06 09:17,ETHU,77.65,77.85,77.65,77.85,1000
2025-11-06 09:18,ETHU,77.6435,77.85,77.6435,77.85,4918
2025-11-06 09:19,ETHU,77.92,77.92,77.8,77.92,510
2025-11-06 09:20,ETHU,77.84,77.84,77.84,77.84,1032
2025-11-06 09:21,ETHU,77.59,77.6285,77.45,77.57,4387
2025-11-06 09:22,ETHU,77.47,77.47,77.2057,77.2057,3003
2025-11-06 09:23,ETHU,77.21,77.21,77.07,77.17,14225
2025-11-06 09:24,ETHU,77.2152,77.36,77.08,77.08,2653
2025-11-06 09:25,ETHU,77.16,77.16,77.0721,77.0721,8560
2025-11-06 09:26,ETHU,77.11,77.14,77.0,77.06,8901
2025-11-06 09:27,ETHU,77.06,77.26,77.06,77.26,5277
2025-11-06 09:28,ETHU,77.08,77.08,77.03,77.03,500
2025-11-06 09:29,ETHU,77.0,77.222,77.0,77.2,4523
2025-11-06 09:30,ETHU,77.22,77.24,76.82,77.13,38454
2025-11-06 09:31,ETHU,77.12,77.12,76.4,76.49,14708
2025-11-06 09:32,ETHU,76.5647,76.9694,76.47,76.825,18075
2025-11-06 09:33,ETHU,76.841,76.867,76.08,76.16,22744
2025-11-06 09:34,ETHU,76.08,76.4391,76.08,76.2999,18477
2025-11-06 09:35,ETHU,76.19,76.26,75.42,75.75,150876
2025-11-06 09:36,ETHU,75.7382,76.18,75.5516,76.02,18250
2025-11-06 09:37,ETHU,76.0,76.56,76.0,76.43,22442
2025-11-06 09:38,ETHU,76.35,76.58,76.34,76.48,14316
2025-11-06 09:39,ETHU,76.43,76.43,76.0701,76.1205,10064
2025-11-06 09:40,ETHU,76.04,76.4155,75.94,76.1792,9274
2025-11-06 09:41,ETHU,76.13,76.14,75.58,76.0,28533
2025-11-06 09:42,ETHU,76.0938,76.5,76.0,76.25,10382
2025-11-06 09:43,ETHU,76.4199,76.455,76.1255,76.215,4391
2025-11-06 09:44,ETHU,76.2599,76.2599,75.89,76.092,1434
2025-11-06 09:45,ETHU,76.14,76.87,76.14,76.775,20671
2025-11-06 09:46,ETHU,76.72,76.83,76.58,76.72,35007
2025-11-06 09:47,ETHU,76.6517,77.0199,76.6218,76.823,18873
2025-11-06 09:48,ETHU,76.66,76.9,76.5535,76.755,8492
2025-11-06 09:49,ETHU,76.78,76.9299,76.3415,76.37,11984
2025-11-06 09:50,ETHU,76.44,76.5798,76.0413,76.2581,18078
2025-11-06 09:51,ETHU,76.2,76.33,75.74,75.9,15270
2025-11-06 09:52,ETHU,76.0,76.0029,75.6,75.83,21414
2025-11-06 09:53,ETHU,75.85,76.09,75.83,75.89,8846
2025-11-06 09:54,ETHU,75.95,75.95,75.61,75.61,11893
2025-11-06 09:55,ETHU,75.61,75.98,75.44,75.9299,84619
2025-11-06 09:56,ETHU,75.725,75.8574,75.61,75.7,10308
2025-11-06 09:57,ETHU,75.6,75.65,75.2,75.65,22481
2025-11-06 09:58,ETHU,75.6,75.62,75.41,75.56,7119
2025-11-06 09:59,ETHU,75.49,75.604,75.3,75.604,9987
2025-11-06 10:00,ETHU,75.6,75.7769,75.36,75.61,16095
2025-11-06 10:01,ETHU,75.57,75.89,75.47,75.61,15955
2025-11-06 10:02,ETHU,75.5,75.9,75.2825,75.5905,14296
2025-11-06 10:03,ETHU,75.84,76.23,75.52,76.05,19773
2025-11-06 10:04,ETHU,76.12,76.16,75.67,75.79,64752
2025-11-06 10:05,ETHU,75.83,76.3,75.83,76.15,28469
2025-11-06 10:06,ETHU,76.06,76.465,76.06,76.32,13329
2025-11-06 10:07,ETHU,76.29,76.29,75.93,76.0694,8982
2025-11-06 10:08,ETHU,75.93,76.14,75.79,76.14,15981
2025-11-06 10:09,ETHU,76.02,76.29,76.02,76.23,9428
2025-11-06 10:10,ETHU,76.14,76.61,76.115,76.53,18746
2025-11-06 10:11,ETHU,76.5675,76.58,76.2373,76.24,17480
2025-11-06 10:12,ETHU,76.26,76.26,76.0,76.0,16104
2025-11-06 10:13,ETHU,76.05,76.35,76.03,76.13,17955
2025-11-06 10:14,ETHU,76.15,76.27,76.0,76.0668,7964
2025-11-06 10:15,ETHU,76.0,76.24,75.98,76.16,19252
2025-11-06 10:16,ETHU,76.16,76.3,76.11,76.148,12176
2025-11-06 10:17,ETHU,76.12,76.54,76.12,76.24,10825
2025-11-06 10:18,ETHU,76.4,76.56,76.35,76.51,16788
2025-11-06 10:19,ETHU,76.55,76.68,76.39,76.47,7368
2025-11-06 10:20,ETHU,76.73,77.45,76.73,77.21,28606
2025-11-06 10:21,ETHU,77.22,77.3682,76.95,77.02,24191
2025-11-06 10:22,ETHU,77.067,77.45,77.067,77.34,12558
2025-11-06 10:23,ETHU,77.3,77.38,77.02,77.14,11588
2025-11-06 10:24,ETHU,77.24,77.3,76.8101,76.88,21312
2025-11-06 10:25,ETHU,76.97,77.109,76.96,76.96,15174
2025-11-06 10:26,ETHU,77.1,77.1,76.7,76.74,12987
2025-11-06 10:27,ETHU,76.7,76.7,76.4416,76.49,10333
2025-11-06 10:28,ETHU,76.57,76.73,76.53,76.6651,5011
2025-11-06 10:29,ETHU,76.73,76.73,76.4,76.44,11494
2025-11-06 10:30,ETHU,76.47,76.48,76.27,76.27,9356
2025-11-06 10:31,ETHU,76.31,76.34,76.1501,76.3,14277
2025-11-06 10:32,ETHU,76.2021,76.4,76.05,76.12,10228
2025-11-06 10:33,ETHU,76.11,76.36,75.78,75.79,18667
2025-11-06 10:34,ETHU,75.8599,76.0,75.51,76.0,11569
2025-11-06 10:35,ETHU,75.8891,75.95,75.6,75.6,3612
2025-11-06 10:36,ETHU,75.68,75.68,75.305,75.33,37292
2025-11-06 10:37,ETHU,75.31,75.33,75.0,75.13,70137
2025-11-06 10:38,ETHU,75.1,75.32,75.03,75.28,9124
2025-11-06 10:39,ETHU,75.08,75.1,74.97,74.97,21274
2025-11-06 10:40,ETHU,74.9,75.04,74.58,74.75,55268
2025-11-06 10:41,ETHU,74.685,74.826,74.48,74.72,21838
2025-11-06 10:42,ETHU,74.75,74.91,74.69,74.83,43025
2025-11-06 10:43,ETHU,74.87,75.2899,74.87,75.0199,19057
2025-11-06 10:44,ETHU,74.9135,75.01,74.13,74.2,65920
2025-11-06 10:45,ETHU,74.26,74.735,74.25,74.735,7096
2025-11-06 10:46,ETHU,74.63,74.75,74.36,74.65,10394
2025-11-06 10:47,ETHU,74.5,74.68,74.3284,74.4,9758
2025-11-06 10:48,ETHU,74.35,74.5,74.0536,74.43,6554
2025-11-06 10:49,ETHU,74.3369,74.3369,73.75,74.19,30944
2025-11-06 10:50,ETHU,74.12,74.27,73.75,73.86196,11544
2025-11-06 10:51,ETHU,74.0,74.05,73.73,73.81,16087
2025-11-06 10:52,ETHU,73.7985,74.025,73.313,73.9929,60922
2025-11-06 10:53,ETHU,73.9488,74.11,73.72,73.9312,124783
2025-11-06 10:54,ETHU,74.03,74.5,73.9499,74.42,17249
2025-11-06 10:55,ETHU,74.31,74.44,74.075,74.2,5677
2025-11-06 10:56,ETHU,74.2299,74.26,73.8001,74.2,19660
2025-11-06 10:57,ETHU,74.24,74.39,74.14,74.2701,11622
2025-11-06 10:58,ETHU,74.37,74.392,74.0,74.11,7841
2025-11-06 10:59,ETHU,74.25,74.38,74.22,74.3,7005
2025-11-06 11:00,ETHU,74.37,74.6396,74.24,74.6396,6499
2025-11-06 11:01,ETHU,74.63,74.81,74.41,74.4298,9906
2025-11-06 11:02,ETHU,74.43,74.69,74.3601,74.63,24192
2025-11-06 11:03,ETHU,74.6,75.01,74.58,74.6301,23234
2025-11-06 11:04,ETHU,74.6316,74.84,74.62,74.8225,5165
2025-11-06 11:05,ETHU,74.95,75.21,74.83,75.125,17327
2025-11-06 11:06,ETHU,75.18,75.34,74.925,74.925,15149
2025-11-06 11:07,ETHU,74.97,75.07,74.5,74.63,11285
2025-11-06 11:08,ETHU,74.68,74.82,74.6,74.82,1929
2025-11-06 11:09,ETHU,74.85,74.85,74.43,74.5495,5219
2025-11-06 11:10,ETHU,74.51,74.5792,74.25,74.34,8654
2025-11-06 11:11,ETHU,74.29,74.42,74.27,74.31,8564
2025-11-06 11:12,ETHU,74.32,74.32,74.05,74.16,6338
2025-11-06 11:13,ETHU,74.2,74.2215,74.1,74.1799,5670
2025-11-06 11:14,ETHU,74.17,74.32,74.0,74.02,6475
2025-11-06 11:15,ETHU,74.0,74.21,74.0,74.13,3336
2025-11-06 11:16,ETHU,74.2097,74.3,73.7,73.9,9832
2025-11-06 11:17,ETHU,73.88,74.07,73.8507,74.0,6331
2025-11-06 11:18,ETHU,74.06,74.095,73.7782,73.8187,4473
2025-11-06 11:19,ETHU,73.9,73.9,73.57,73.6,9544
2025-11-06 11:20,ETHU,73.5645,73.9568,73.5645,73.9568,5540
2025-11-06 11:21,ETHU,74.03,74.18,73.8567,74.1774,2682
2025-11-06 11:22,ETHU,74.17,74.17,73.8169,73.85,5483
2025-11-06 11:23,ETHU,73.845,73.9499,73.7001,73.71,3342
2025-11-06 11:24,ETHU,73.85,73.9675,73.7,73.905,11961
2025-11-06 11:25,ETHU,73.97,73.9716,73.7016,73.9716,5843
2025-11-06 11:26,ETHU,73.99,74.11,73.8118,74.1,9023
2025-11-06 11:27,ETHU,74.05,74.14,73.96,74.1,4721
2025-11-06 11:28,ETHU,74.0073,74.2,74.0073,74.085,1971
2025-11-06 11:29,ETHU,74.16,74.5269,74.16,74.42,5911
2025-11-06 11:30,ETHU,74.41,74.41,74.0,74.0474,4590
2025-11-06 11:31,ETHU,74.07,74.13,73.8901,74.0095,12559
2025-11-06 11:32,ETHU,73.949,74.01,73.82,74.01,5061
2025-11-06 11:33,ETHU,74.05,74.08,73.965,73.9801,836
2025-11-06 11:34,ETHU,73.965,74.1,73.95,74.02,8324
2025-11-06 11:35,ETHU,74.0,74.0,73.5,73.5701,17357
2025-11-06 11:36,ETHU,73.52,73.67,73.5,73.56,6115
2025-11-06 11:37,ETHU,73.78,73.78,73.59,73.59,7235
2025-11-06 11:38,ETHU,73.56,73.7224,73.5001,73.67,3315
2025-11-06 11:39,ETHU,73.5101,73.5101,72.93,73.06,22062
2025-11-06 11:40,ETHU,73.0196,73.17,72.9,72.94,18445
2025-11-06 11:41,ETHU,72.92,73.0,72.62,72.6284,47544
2025-11-06 11:42,ETHU,72.693,72.8,72.22,72.26,64852
2025-11-06 11:43,ETHU,72.1986,72.39,71.865,72.075,38664
2025-11-06 11:44,ETHU,72.1231,72.49,72.02,72.435,29338
2025-11-06 11:45,ETHU,72.43,72.465,72.1776,72.43,15153
2025-11-06 11:46,ETHU,72.45,72.92,72.43,72.92,19656
2025-11-06 11:47,ETHU,72.825,72.86,72.455,72.57,7240
2025-11-06 11:48,ETHU,72.56,72.56,71.95,71.95,9634
2025-11-06 11:49,ETHU,72.0,72.07,71.83,72.07,13987
2025-11-06 11:50,ETHU,71.9855,72.0,71.725,71.88,20630
2025-11-06 11:51,ETHU,71.8983,72.68,71.8983,72.68,62168
2025-11-06 11:52,ETHU,72.655,73.19,72.65,73.19,14614
2025-11-06 11:53,ETHU,73.31,73.5983,73.04,73.43,30234
2025-11-06 11:54,ETHU,73.49,73.6,73.2801,73.5,17927
2025-11-06 11:55,ETHU,73.49,73.49,72.94,73.0671,9703
2025-11-06 11:56,ETHU,73.01,73.04,72.71,72.71,6006
2025-11-06 11:57,ETHU,72.85,73.18,72.85,73.0901,12884
2025-11-06 11:58,ETHU,73.15,73.31,73.0,73.2488,6042
2025-11-06 11:59,ETHU,73.25,73.3121,73.092743,73.1,4707
2025-11-06 12:00,ETHU,73.24,73.61,73.24,73.45,7854
2025-11-06 12:01,ETHU,73.5,73.54,73.265,73.5,4396
2025-11-06 12:02,ETHU,73.35,73.351,73.24,73.351,2786
2025-11-06 12:03,ETHU,73.605,73.61,73.295,73.35,9483
2025-11-06 12:04,ETHU,73.46,73.76,73.46,73.5301,5297
2025-11-06 12:05,ETHU,73.53,73.608913,73.4,73.59,4000
2025-11-06 12:06,ETHU,73.5249,73.74,73.5249,73.74,3571
2025-11-06 12:07,ETHU,73.69,73.69,73.185,73.185,2933
2025-11-06 12:08,ETHU,73.1232,73.2,73.0001,73.2,4692
2025-11-06 12:09,ETHU,73.24,74.0899,73.24,73.98,16476
2025-11-06 12:10,ETHU,73.94,74.445,73.94,74.285,21607
2025-11-06 12:11,ETHU,74.24,74.3413,74.17,74.235,7980
2025-11-06 12:12,ETHU,74.17,74.2699,73.81,73.8645,6422
2025-11-06 12:13,ETHU,73.77,73.87,73.646,73.7075,9481
2025-11-06 12:14,ETHU,73.7255,73.7255,73.34,73.37,4847
2025-11-06 12:15,ETHU,73.35,73.53,73.29,73.485,15966
2025-11-06 12:16,ETHU,73.48,73.53,73.4,73.425,12000
2025-11-06 12:17,ETHU,73.425,73.56,73.39,73.5,5296
2025-11-06 12:18,ETHU,73.56,73.905,73.54,73.677269,16203
2025-11-06 12:19,ETHU,73.55,73.62,73.5387,73.5846,1382
2025-11-06 12:20,ETHU,73.5,73.54,73.24,73.24,6841
2025-11-06 12:21,ETHU,73.25,73.25,72.8,73.04,37604
2025-11-06 12:22,ETHU,73.04,73.43,73.02,73.43,10375
2025-11-06 12:23,ETHU,73.37,73.62,73.31,73.31,5499
2025-11-06 12:24,ETHU,73.44,73.8889,73.44,73.795,11711
2025-11-06 12:25,ETHU,73.8,74.0,73.7216,73.99,5206
2025-11-06 12:26,ETHU,73.97,74.31,73.935,74.0308,15270
2025-11-06 12:27,ETHU,73.99,74.25,73.99,74.245,6265
2025-11-06 12:28,ETHU,74.25,74.4071,74.19,74.38,5806
2025-11-06 12:29,ETHU,74.38,74.7741,74.38,74.6,16856
2025-11-06 12:30,ETHU,74.52,74.57,74.16,74.25,5112
2025-11-06 12:31,ETHU,74.3,74.33,74.17,74.27,13979
2025-11-06 12:32,ETHU,74.79,74.94,74.6294,74.83,3123
2025-11-06 12:33,ETHU,74.725,75.08,74.725,74.92,15442
2025-11-06 12:34,ETHU,74.92,75.01,74.42,74.46,5534
2025-11-06 12:35,ETHU,74.38,74.8,74.38,74.78,10915
2025-11-06 12:36,ETHU,74.82,75.025,74.7701,74.9571,11666
2025-11-06 12:37,ETHU,74.96,75.06,74.68,74.83,12395
2025-11-06 12:38,ETHU,74.83,74.89,74.714,74.775,14454
2025-11-06 12:39,ETHU,74.695,74.7886,74.5,74.5,11475
2025-11-06 12:40,ETHU,74.5,74.6,74.28,74.55,20497
2025-11-06 12:41,ETHU,74.61,74.65,74.48,74.51,8692
2025-11-06 12:42,ETHU,74.5637,74.7,74.53,74.7,2504
2025-11-06 12:43,ETHU,74.79,74.9289,74.745,74.89,5934
2025-11-06 12:44,ETHU,74.85,74.87,74.7,74.74,8733
2025-11-06 12:45,ETHU,74.81,75.07,74.81,74.915,19540
2025-11-06 12:46,ETHU,74.86,75.0541,74.86,75.0541,5238
2025-11-06 12:47,ETHU,75.25,75.51,75.25,75.5,21123
2025-11-06 12:48,ETHU,75.55,75.82,75.55,75.82,7951
2025-11-06 12:49,ETHU,75.8273,75.8996,75.5895,75.76,14386
2025-11-06 12:50,ETHU,75.8,76.11,75.7792,76.04,10864
2025-11-06 12:51,ETHU,76.08,76.18,75.8495,75.8495,26643
2025-11-06 12:52,ETHU,75.8,75.82,75.62,75.815,2058
2025-11-06 12:53,ETHU,75.81,75.82,75.55,75.5889,12735
2025-11-06 12:54,ETHU,75.62,75.98,75.62,75.8397,7386
2025-11-06 12:55,ETHU,75.86,76.0,75.5701,75.83,10166
2025-11-06 12:56,ETHU,75.83,75.94,75.6,75.79,8972
2025-11-06 12:57,ETHU,75.72,75.84,75.6601,75.6982,1783
2025-11-06 12:58,ETHU,75.75,75.85,75.6601,75.725,2144
2025-11-06 12:59,ETHU,75.78,75.78,75.67,75.67,1100
2025-11-06 13:00,ETHU,75.6,75.7033,75.52,75.55,10827
2025-11-06 13:01,ETHU,75.6,75.92,75.59,75.88,4570
2025-11-06 13:02,ETHU,75.93,75.95,75.6201,75.71,2647
2025-11-06 13:03,ETHU,75.7,75.7,75.3402,75.36,12410
2025-11-06 13:04,ETHU,75.36,75.39,75.09,75.11,7809
2025-11-06 13:05,ETHU,75.07,75.1138,74.88,75.08,9285
2025-11-06 13:06,ETHU,74.97,74.9794,74.65,74.8164,15278
2025-11-06 13:07,ETHU,74.83,75.0414,74.83,75.0414,4658
2025-11-06 13:08,ETHU,74.93,75.12,74.89,74.9,7727
2025-11-06 13:09,ETHU,74.93,74.94,74.66,74.7205,13142
2025-11-06 13:10,ETHU,74.6963,74.82,74.6312,74.705,7254
2025-11-06 13:11,ETHU,74.83,74.83,74.675,74.7174,3892
2025-11-06 13:12,ETHU,74.64,74.82,74.64,74.8,2040
2025-11-06 13:13,ETHU,74.88,75.09,74.88,74.98,5637
2025-11-06 13:14,ETHU,74.91,75.02,74.85,75.02,2661
2025-11-06 13:15,ETHU,74.9,75.0,74.87,74.87,3708
2025-11-06 13:16,ETHU,74.88,74.9,74.48,74.6,16421
2025-11-06 13:17,ETHU,74.5,74.5,74.2,74.34,9407
2025-11-06 13:18,ETHU,74.295,74.38,74.01,74.1555,3037
2025-11-06 13:19,ETHU,74.12,74.47,74.11,74.45,6823
2025-11-06 13:20,ETHU,74.47,74.595,74.47,74.595,400
2025-11-06 13:21,ETHU,74.66,74.74,74.35,74.5,15987
2025-11-06 13:22,ETHU,74.5825,74.7502,74.5801,74.5801,1286
2025-11-06 13:23,ETHU,74.58,74.75,74.58,74.75,808
2025-11-06 13:24,ETHU,74.707,74.905,74.707,74.82,3746
2025-11-06 13:25,ETHU,74.94,75.03,74.9099,74.9814,1894
2025-11-06 13:26,ETHU,74.87,75.14,74.87,75.085,5602
2025-11-06 13:27,ETHU,75.03,75.0597,74.7901,74.9145,2004
2025-11-06 13:28,ETHU,74.91,74.99,74.91,74.99,2809
2025-11-06 13:29,ETHU,75.0,75.0,74.75,74.75,1890
2025-11-06 13:30,ETHU,74.75,74.99,74.75,74.896,1190
2025-11-06 13:31,ETHU,74.97,75.0,74.95,74.95,950
2025-11-06 13:32,ETHU,75.0,75.24,75.0,75.075,3372
2025-11-06 13:33,ETHU,75.1511,75.29,74.98,74.98,4991
2025-11-06 13:34,ETHU,75.1244,75.1981,75.0693,75.14,3710
2025-11-06 13:35,ETHU,75.185,75.59,75.185,75.59,5488
2025-11-06 13:36,ETHU,75.5799,75.69,75.54,75.69,11347
2025-11-06 13:37,ETHU,75.6671,75.67,75.49,75.52,6371
2025-11-06 13:38,ETHU,75.64,75.705,75.521,75.58,1703
2025-11-06 13:39,ETHU,75.7293,75.914,75.7293,75.8545,2041
2025-11-06 13:40,ETHU,76.0,76.05,75.9751,76.0,3059
2025-11-06 13:41,ETHU,75.968,75.968,75.8389,75.8482,4205
2025-11-06 13:42,ETHU,75.9,76.2,75.9,76.2,3149
2025-11-06 13:43,ETHU,76.27,76.285,75.95,75.95,4964
2025-11-06 13:44,ETHU,75.97,76.1845,75.97,76.0,4965
2025-11-06 13:45,ETHU,76.07,76.19,76.0672,76.11,1902
2025-11-06 13:46,ETHU,76.02,76.08,75.82,75.82,3974
2025-11-06 13:47,ETHU,75.7562,76.033,75.7562,76.03,3500
2025-11-06 13:48,ETHU,76.09,76.7,76.09,76.61,13642
2025-11-06 13:49,ETHU,76.6,76.785,76.55,76.7144,9299
2025-11-06 13:50,ETHU,76.71,76.71,76.36,76.469,8484
2025-11-06 13:51,ETHU,76.4,76.4,76.15,76.37,4140
2025-11-06 13:52,ETHU,76.37,76.41,76.2585,76.41,1205
2025-11-06 13:53,ETHU,76.3602,76.3602,75.9001,75.92,14157
2025-11-06 13:54,ETHU,75.9,76.075,75.8219,76.075,4637
2025-11-06 13:55,ETHU,76.02,76.2,75.71,75.72,18783
2025-11-06 13:56,ETHU,75.72,75.8,75.58,75.64,6613
2025-11-06 13:57,ETHU,75.68,75.6898,75.66,75.6898,695
2025-11-06 13:58,ETHU,75.79,75.8,75.6825,75.6825,2274
2025-11-06 13:59,ETHU,75.685,75.73,75.68,75.68,998
2025-11-06 14:00,ETHU,75.66,75.66,75.51,75.64,3665
2025-11-06 14:01,ETHU,75.59,75.9174,75.38,75.9099,3524
2025-11-06 14:02,ETHU,75.88,75.88,75.6082,75.6082,2125
2025-11-06 14:03,ETHU,75.72,75.97,75.72,75.84,4293
2025-11-06 14:04,ETHU,75.86,76.0156,75.7301,76.0156,5638
2025-11-06 14:05,ETHU,75.99,76.3,75.99,76.19,2235
2025-11-06 14:06,ETHU,76.15,76.29,76.01,76.16,11869
2025-11-06 14:07,ETHU,76.115,76.2,76.0445,76.09,8420
2025-11-06 14:08,ETHU,76.03,76.08,75.7801,76.05,5555
2025-11-06 14:09,ETHU,76.05,76.06,75.815,75.885,7060
2025-11-06 14:10,ETHU,75.98,76.04,75.912,75.955,9969
2025-11-06 14:11,ETHU,76.03,76.27,75.945,76.27,58530
2025-11-06 14:12,ETHU,76.15,76.18,76.0975,76.11,40039
2025-11-06 14:13,ETHU,76.0611,76.26,76.0611,76.18,14289
2025-11-06 14:14,ETHU,76.1,76.36,76.1,76.3299,31939
2025-11-06 14:15,ETHU,76.295,76.38,76.29,76.37,3167
2025-11-06 14:16,ETHU,76.4175,76.4175,76.15,76.19,3932
2025-11-06 14:17,ETHU,76.255,76.35,76.01,76.0356,15169
2025-11-06 14:18,ETHU,76.0,76.18,75.86,75.9759,35257
2025-11-06 14:19,ETHU,75.95,76.2,75.89,76.18,19852
2025-11-06 14:20,ETHU,76.1278,76.18,76.02,76.03,30148
2025-11-06 14:21,ETHU,76.04,76.0511,75.86,76.03,3231
2025-11-06 14:22,ETHU,76.108,76.16,75.88,75.97,2128
2025-11-06 14:23,ETHU,75.9701,76.06,75.94,75.94,15349
2025-11-06 14:24,ETHU,76.07,76.09,75.88,75.88,12490
2025-11-06 14:25,ETHU,75.91,76.07,75.8801,75.8801,6101
2025-11-06 14:26,ETHU,75.98,76.13,75.85,76.08,32903
2025-11-06 14:27,ETHU,76.13,76.195,76.05,76.05,1713
2025-11-06 14:28,ETHU,76.065,76.24,76.065,76.24,580
2025-11-06 14:29,ETHU,76.29,76.3499,76.145,76.2002,9335
2025-11-06 14:30,ETHU,76.155,76.1831,75.92,75.94,5716
2025-11-06 14:31,ETHU,75.94,76.15,75.94,76.04,5870
2025-11-06 14:32,ETHU,76.1068,76.265,76.1068,76.265,6330
2025-11-06 14:33,ETHU,76.3,76.35,76.12,76.12,1358
2025-11-06 14:34,ETHU,76.12,76.1345,76.01,76.02,4290
2025-11-06 14:35,ETHU,75.99,76.13,75.98,76.03,2623
2025-11-06 14:36,ETHU,76.0097,76.3359,76.0,76.27,7899
2025-11-06 14:37,ETHU,76.23,76.35,76.21,76.325,5193
2025-11-06 14:38,ETHU,76.37,76.38,76.2315,76.2315,997
2025-11-06 14:39,ETHU,76.1435,76.1435,75.9,75.9,3006
2025-11-06 14:40,ETHU,75.79,75.79,75.5,75.655,22108
2025-11-06 14:41,ETHU,75.5,75.5,75.12,75.235,5439
2025-11-06 14:42,ETHU,75.275,75.31,75.104,75.18,12482
2025-11-06 14:43,ETHU,75.1086,75.2,75.0801,75.2,2807
2025-11-06 14:44,ETHU,75.3407,75.46,75.3407,75.35,704
2025-11-06 14:45,ETHU,75.52,75.52,75.31,75.31,10711
2025-11-06 14:46,ETHU,75.32,75.32,75.32,75.32,100
2025-11-06 14:47,ETHU,75.3,75.3,75.2212,75.2212,678
2025-11-06 14:48,ETHU,75.3865,75.3865,74.86,74.92,12684
2025-11-06 14:49,ETHU,74.95,75.0758,74.86,75.04,3358
2025-11-06 14:50,ETHU,75.09,75.09,75.09,75.09,100
2025-11-06 14:51,ETHU,75.21,75.25,75.1125,75.1125,2348
2025-11-06 14:52,ETHU,75.04,75.04,74.9395,75.0,2940
2025-11-06 14:53,ETHU,74.89,74.96,74.735,74.96,26639
2025-11-06 14:54,ETHU,75.0,75.01,75.0,75.01,400
2025-11-06 14:55,ETHU,75.13,75.17,75.13,75.15,2486
2025-11-06 14:56,ETHU,75.18,75.2,75.07,75.18,1423
2025-11-06 14:57,ETHU,75.1705,75.5,75.1705,75.4257,12717
2025-11-06 14:58,ETHU,75.417,75.7411,75.417,75.7,3958
2025-11-06 14:59,ETHU,75.51,75.5684,75.3617,75.52,3633
2025-11-06 15:00,ETHU,75.6769,75.89,75.6677,75.8612,4667
2025-11-06 15:01,ETHU,75.78,75.84,75.67,75.84,2551
2025-11-06 15:02,ETHU,75.9,76.0,75.71,75.71,12196
2025-11-06 15:03,ETHU,75.88,75.895,75.77,75.77,21202
2025-11-06 15:04,ETHU,75.71,75.85,75.71,75.77,1343
2025-11-06 15:05,ETHU,75.8902,76.02,75.84,75.95,12700
2025-11-06 15:06,ETHU,75.79,75.79,75.5054,75.63,5109
2025-11-06 15:07,ETHU,75.64,75.67,75.59,75.67,1271
2025-11-06 15:08,ETHU,75.6924,75.8893,75.6669,75.724,2418
2025-11-06 15:09,ETHU,75.64,75.71,75.36,75.37,11261
2025-11-06 15:10,ETHU,75.45,75.5,75.37,75.455,1483
2025-11-06 15:11,ETHU,75.44,75.5,75.4306,75.5,1658
2025-11-06 15:12,ETHU,75.57,75.81,75.35,75.43,3257
2025-11-06 15:13,ETHU,75.35,75.37,75.28,75.29,415
2025-11-06 15:14,ETHU,75.2,75.22,75.0401,75.16,3419
2025-11-06 15:15,ETHU,75.1825,75.27,75.13,75.15,3728
2025-11-06 15:16,ETHU,75.0,75.09,74.92,75.05,3476
2025-11-06 15:17,ETHU,75.0,75.06,74.8,74.81,6237
2025-11-06 15:18,ETHU,74.834,74.9,74.834,74.9,1029
2025-11-06 15:19,ETHU,75.0,75.01,74.95,74.95,1375
2025-11-06 15:20,ETHU,74.86,75.12,74.86,75.06,5666
2025-11-06 15:21,ETHU,75.07,75.18,74.93,75.18,3050
2025-11-06 15:22,ETHU,75.17,75.249,75.1093,75.15,3394
2025-11-06 15:23,ETHU,75.09,75.3785,75.08,75.26,3252
2025-11-06 15:24,ETHU,75.3693,75.409,75.22,75.31,9509
2025-11-06 15:25,ETHU,75.45,75.45,75.2621,75.3511,4301
2025-11-06 15:26,ETHU,75.3414,75.3414,75.3414,75.3414,140
2025-11-06 15:27,ETHU,75.21,75.21,74.88,75.0,9005
2025-11-06 15:28,ETHU,75.0756,75.0756,74.84,74.9,5692
2025-11-06 15:29,ETHU,74.77,74.77,74.46,74.5921,17345
2025-11-06 15:30,ETHU,74.58,74.6536,74.51,74.5813,9331
2025-11-06 15:31,ETHU,74.5696,74.5717,74.23,74.29,40395
2025-11-06 15:32,ETHU,74.35,74.55,74.19,74.47,7886
2025-11-06 15:33,ETHU,74.41,74.56,74.32,74.51,9139
2025-11-06 15:34,ETHU,74.56,74.7999,74.56,74.7401,2805
2025-11-06 15:35,ETHU,74.75,74.8103,74.5,74.5,3828
2025-11-06 15:36,ETHU,74.56,74.56,74.415,74.47,1560
2025-11-06 15:37,ETHU,74.5212,74.8399,74.5212,74.68,9397
2025-11-06 15:38,ETHU,74.58,74.6585,74.58,74.64,734
2025-11-06 15:39,ETHU,74.653,74.653,74.1801,74.1801,3555
2025-11-06 15:40,ETHU,74.26,74.35,74.04,74.1987,11286
2025-11-06 15:41,ETHU,74.17,74.24,74.15,74.22,14673
2025-11-06 15:42,ETHU,74.27,74.305,74.08,74.1,6655
2025-11-06 15:43,ETHU,74.183,74.183,73.87,73.9178,133431
2025-11-06 15:44,ETHU,73.92,73.92,73.72,73.79,44440
2025-11-06 15:45,ETHU,73.79,73.97,73.71,73.76,23342
2025-11-06 15:46,ETHU,73.83,73.83,73.50005,73.58,8675
2025-11-06 15:47,ETHU,73.62,73.82,73.6,73.7501,10342
2025-11-06 15:48,ETHU,73.82,73.9899,73.74,73.93,15202
2025-11-06 15:49,ETHU,73.83,74.215,73.825,74.075,10721
2025-11-06 15:50,ETHU,74.21,74.2775,74.11,74.23,5061
2025-11-06 15:51,ETHU,74.34,74.3499,74.0401,74.08,12398
2025-11-06 15:52,ETHU,74.13,74.42,74.13,74.2157,6579
2025-11-06 15:53,ETHU,74.25,74.4599,74.22,74.23,11756
2025-11-06 15:54,ETHU,74.21,74.32,73.996,74.0,15926
2025-11-06 15:55,ETHU,74.08,74.3,74.08,74.3,2918
2025-11-06 15:56,ETHU,74.25,74.255,74.25,74.255,370
2025-11-05 10:06,FNGU,31.23,31.31,31.23,31.27,10512
2025-11-05 10:07,FNGU,31.289,31.29,31.1387,31.15,20493
2025-11-05 10:08,FNGU,31.15,31.17,31.079,31.079,24132
2025-11-05 10:09,FNGU,31.11,31.149,31.105,31.149,3325
2025-11-05 10:10,FNGU,31.095,31.12,31.08,31.09,7100
2025-11-05 10:11,FNGU,31.029,31.0465,30.99,31.0465,5820
2025-11-05 10:12,FNGU,31.0465,31.07,31.04,31.05,17645
2025-11-05 10:13,FNGU,31.05,31.07,31.02,31.02,2408
2025-11-05 10:14,FNGU,30.99,31.03,30.95,31.01,21912
2025-11-05 10:15,FNGU,30.99,31.01,30.96,30.96,29587
2025-11-05 10:16,FNGU,31.04,31.04,30.989,30.9899,34364
2025-11-05 10:17,FNGU,31.0,31.0316,31.0,31.01,2470
2025-11-05 10:18,FNGU,30.9901,31.0599,30.9901,31.0599,12350
2025-11-05 10:19,FNGU,31.036,31.0699,31.036,31.0516,5350
2025-11-05 10:20,FNGU,31.01,31.05,30.985,31.05,4787
2025-11-05 10:21,FNGU,31.01,31.01,30.93,30.95,11303
2025-11-05 10:22,FNGU,30.941,31.05,30.9266,31.05,11473
2025-11-05 10:23,FNGU,31.078,31.19,31.078,31.19,18192
2025-11-05 10:24,FNGU,31.17,31.2384,31.155,31.2384,10651
2025-11-05 10:25,FNGU,31.21,31.24,31.21,31.21,559
2025-11-05 10:26,FNGU,31.2,31.2914,31.2,31.29,14303
2025-11-05 10:27,FNGU,31.347,31.347,31.34,31.34,916
2025-11-05 10:28,FNGU,31.3435,31.36,31.32,31.3565,5703
2025-11-05 10:29,FNGU,31.3458,31.3458,31.24,31.26,10793
2025-11-05 10:30,FNGU,31.24,31.27,31.1999,31.22,7271
2025-11-05 10:31,FNGU,31.23,31.34,31.23,31.33,8419
2025-11-05 10:32,FNGU,31.34,31.35,31.29,31.3498,23857
2025-11-05 10:33,FNGU,31.3378,31.39,31.3378,31.385,7704
2025-11-05 10:34,FNGU,31.385,31.42,31.36,31.37,12991
2025-11-05 10:35,FNGU,31.335,31.39,31.319,31.39,6914
2025-11-05 10:36,FNGU,31.38,31.405,31.355,31.4,17802
2025-11-05 10:37,FNGU,31.39,31.4,31.33,31.34,10798
2025-11-05 10:38,FNGU,31.335,31.335,31.26,31.28,15990
2025-11-05 10:39,FNGU,31.2842,31.32,31.26,31.32,18126
2025-11-05 10:40,FNGU,31.32,31.33,31.305,31.31,7524
2025-11-05 10:41,FNGU,31.305,31.36,31.305,31.31,10676
2025-11-05 10:42,FNGU,31.29,31.31,31.275,31.305,13499
2025-11-05 10:43,FNGU,31.3,31.32,31.29,31.32,12231
2025-11-05 10:44,FNGU,31.32,31.32,31.265,31.28,12600
2025-11-05 10:45,FNGU,31.2801,31.309,31.28,31.28,928
2025-11-05 10:46,FNGU,31.27,31.35,31.27,31.35,629
2025-11-05 10:47,FNGU,31.31,31.35,31.3,31.3399,1040
2025-11-05 10:48,FNGU,31.355,31.39,31.339,31.339,7003
2025-11-05 10:49,FNGU,31.33,31.33,31.29,31.29,1280
2025-11-05 10:50,FNGU,31.3,31.32,31.285,31.285,1551
2025-11-05 10:51,FNGU,31.28,31.35,31.27,31.35,1700
2025-11-05 10:52,FNGU,31.28,31.28,31.25,31.25,5380
2025-11-05 10:53,FNGU,31.23,31.2344,31.22,31.2344,51490
2025-11-05 10:54,FNGU,31.22,31.24,31.22,31.235,2020
2025-11-05 10:55,FNGU,31.25,31.255,31.21,31.22,7120
2025-11-05 10:56,FNGU,31.2,31.2055,31.155,31.19,26194
2025-11-05 10:57,FNGU,31.24,31.245,31.195,31.195,4728
2025-11-05 10:58,FNGU,31.2099,31.28,31.2098,31.28,3576
2025-11-05 10:59,FNGU,31.29,31.29,31.26,31.275,7607
2025-11-05 11:00,FNGU,31.27,31.2799,31.24,31.25,10467
2025-11-05 11:01,FNGU,31.26,31.33,31.26,31.31,1914
2025-11-05 11:02,FNGU,31.3118,31.3118,31.27,31.27,21724
2025-11-05 11:03,FNGU,31.24,31.24,31.14,31.16,5340
2025-11-05 11:04,FNGU,31.185,31.2465,31.185,31.2465,5147
2025-11-05 11:05,FNGU,31.24,31.27,31.22,31.2504,4888
2025-11-05 11:06,FNGU,31.3,31.31,31.2233,31.2233,6024
2025-11-05 11:07,FNGU,31.23,31.26,31.23,31.25,1000
2025-11-05 11:08,FNGU,31.23,31.23,31.23,31.23,100
2025-11-05 11:09,FNGU,31.2,31.2,31.2,31.2,2000
2025-11-05 11:10,FNGU,31.215,31.215,31.17,31.17,700
2025-11-05 11:11,FNGU,31.2,31.21,31.2,31.2035,2588
2025-11-05 11:12,FNGU,31.2,31.2,31.17,31.18,1713
2025-11-05 11:13,FNGU,31.151,31.16,31.151,31.16,600
2025-11-05 11:14,FNGU,31.15,31.15,31.08,31.11,11133
2025-11-05 11:15,FNGU,31.15,31.17,31.15,31.17,1796
2025-11-05 11:16,FNGU,31.13,31.13,31.1,31.11,800
2025-11-05 11:17,FNGU,31.08,31.08,31.07,31.0761,3347
2025-11-05 11:18,FNGU,31.0699,31.12,31.0699,31.115,15095
2025-11-05 11:19,FNGU,31.12,31.12,31.11,31.11,360
2025-11-05 11:20,FNGU,31.08,31.1,31.0613,31.073,6632
2025-11-05 11:21,FNGU,31.0727,31.11,31.07,31.11,3473
2025-11-05 11:22,FNGU,31.13,31.2,31.13,31.1944,3130
2025-11-05 11:23,FNGU,31.1801,31.1999,31.18,31.1886,2142
2025-11-05 11:24,FNGU,31.22,31.26,31.22,31.26,5600
2025-11-05 11:25,FNGU,31.25,31.29,31.25,31.28,5605
2025-11-05 11:26,FNGU,31.305,31.365,31.305,31.36,17523
2025-11-05 11:27,FNGU,31.34,31.34,31.3,31.325,4172
2025-11-05 11:28,FNGU,31.325,31.3386,31.325,31.3386,2820
2025-11-05 11:29,FNGU,31.365,31.3999,31.365,31.39,9150
2025-11-05 11:30,FNGU,31.365,31.3721,31.34,31.345,10985
2025-11-05 11:31,FNGU,31.38,31.385,31.35,31.35,3849
2025-11-05 11:32,FNGU,31.3699,31.3699,31.36,31.36,1800
2025-11-05 11:33,FNGU,31.36,31.39,31.3487,31.3643,1725
2025-11-05 11:34,FNGU,31.375,31.375,31.35,31.365,65775
2025-11-05 11:35,FNGU,31.345,31.36,31.32,31.32,6543
2025-11-05 11:36,FNGU,31.32,31.3202,31.3,31.3155,17992
2025-11-05 11:37,FNGU,31.359,31.3605,31.343181,31.3605,7120
2025-11-05 11:38,FNGU,31.339,31.3405,31.335,31.34,1514
2025-11-05 11:39,FNGU,31.36,31.36,31.32,31.3444,8388
2025-11-05 11:40,FNGU,31.35,31.355,31.345,31.355,4039
2025-11-05 11:41,FNGU,31.34,31.34,31.34,31.34,100
2025-11-05 11:42,FNGU,31.33,31.37,31.33,31.36,3357
2025-11-05 11:43,FNGU,31.36,31.3855,31.36,31.3855,2426
2025-11-05 11:44,FNGU,31.39,31.39,31.38,31.39,4108
2025-11-05 11:45,FNGU,31.4,31.42,31.3966,31.42,2224
2025-11-05 11:46,FNGU,31.44,31.45,31.44,31.45,2750
2025-11-05 11:47,FNGU,31.44,31.445,31.435,31.4352,1110
2025-11-05 11:48,FNGU,31.415,31.445,31.415,31.4338,8331
2025-11-05 11:49,FNGU,31.445,31.45,31.44,31.44,3350
2025-11-05 11:50,FNGU,31.3954,31.43,31.3954,31.42,820
2025-11-05 11:51,FNGU,31.41,31.41,31.4007,31.4007,930
2025-11-05 11:52,FNGU,31.4069,31.41,31.395,31.395,729
2025-11-05 11:53,FNGU,31.39,31.39,31.37,31.375,3957
2025-11-05 11:54,FNGU,31.385,31.42,31.38,31.42,3113
2025-11-05 11:55,FNGU,31.43,31.43,31.39,31.39,500
2025-11-05 11:56,FNGU,31.41,31.43,31.41,31.4292,1450
2025-11-05 11:57,FNGU,31.4,31.4112,31.4,31.4112,2100
2025-11-05 11:58,FNGU,31.38,31.3821,31.38,31.38,1491
2025-11-05 11:59,FNGU,31.3753,31.3753,31.3535,31.37,2833
2025-11-05 12:00,FNGU,31.41,31.41,31.385,31.39,430
2025-11-05 12:01,FNGU,31.41,31.41,31.4,31.4,700
2025-11-05 12:02,FNGU,31.39,31.4,31.34,31.34,1300
2025-11-05 12:03,FNGU,31.3583,31.3583,31.33,31.335,3930
2025-11-05 12:04,FNGU,31.35,31.35,31.3146,31.3146,3783
2025-11-05 12:05,FNGU,31.33,31.37,31.33,31.36,2410
2025-11-05 12:06,FNGU,31.3745,31.38,31.36,31.38,1400
2025-11-05 12:07,FNGU,31.38,31.39,31.36,31.39,3770
2025-11-05 12:08,FNGU,31.331,31.35,31.3,31.3,4650
2025-11-05 12:09,FNGU,31.29,31.303,31.29,31.3,1227
2025-11-05 12:10,FNGU,31.26,31.26,31.255,31.255,1260
2025-11-05 12:11,FNGU,31.23,31.2493,31.22,31.2493,8135
2025-11-05 12:12,FNGU,31.28,31.285,31.28,31.285,5695
2025-11-05 12:13,FNGU,31.28,31.29,31.28,31.29,1265
2025-11-05 12:14,FNGU,31.335,31.335,31.335,31.335,110
2025-11-05 12:15,FNGU,31.32,31.32,31.29,31.3,1140
2025-11-05 12:16,FNGU,31.3,31.3,31.3,31.3,100
2025-11-05 12:17,FNGU,31.32,31.32,31.295,31.295,28000
2025-11-05 12:18,FNGU,31.3,31.3,31.3,31.3,1275
2025-11-05 12:20,FNGU,31.26,31.26,31.26,31.26,348
2025-11-05 12:21,FNGU,31.289,31.29,31.289,31.29,610
2025-11-05 12:22,FNGU,31.25,31.25,31.24,31.24,420
2025-11-05 12:23,FNGU,31.235,31.235,31.235,31.235,250
2025-11-05 12:24,FNGU,31.22,31.23,31.21,31.23,430
2025-11-05 12:25,FNGU,31.23,31.231,31.23,31.231,820
2025-11-05 12:26,FNGU,31.24,31.24,31.24,31.24,3482
2025-11-05 12:27,FNGU,31.25,31.3,31.25,31.2899,7880
2025-11-05 12:28,FNGU,31.2753,31.2753,31.2753,31.2753,100
2025-11-05 12:29,FNGU,31.28,31.28,31.28,31.28,696
2025-11-05 12:30,FNGU,31.27,31.3,31.27,31.289,4670
2025-11-05 12:31,FNGU,31.32,31.33,31.31,31.32,12504
2025-11-05 12:32,FNGU,31.32,31.32,31.29,31.31,4664
2025-11-05 12:33,FNGU,31.292,31.3,31.25,31.25,5100
2025-11-05 12:34,FNGU,31.25,31.34,31.25,31.33,1350
2025-11-05 12:35,FNGU,31.32,31.36,31.32,31.36,3823
2025-11-05 12:36,FNGU,31.3791,31.3791,31.3791,31.3791,300
2025-11-05 12:37,FNGU,31.405,31.405,31.39,31.39,462
2025-11-05 12:38,FNGU,31.4001,31.411,31.4001,31.411,11754
2025-11-05 12:39,FNGU,31.42,31.4299,31.4,31.4,8715
2025-11-05 12:40,FNGU,31.399,31.399,31.399,31.399,100
2025-11-05 12:41,FNGU,31.39,31.41,31.39,31.41,2642
2025-11-05 12:42,FNGU,31.39,31.3945,31.39,31.3945,800
2025-11-05 12:43,FNGU,31.38,31.38,31.38,31.38,174
2025-11-05 12:44,FNGU,31.4,31.4248,31.4,31.4248,2225
2025-11-05 12:45,FNGU,31.44,31.44,31.4,31.4,1570
2025-11-05 12:46,FNGU,31.415,31.415,31.39,31.39,2167
2025-11-05 12:47,FNGU,31.39,31.4099,31.39,31.4099,1771
2025-11-05 12:48,FNGU,31.399,31.4,31.399,31.4,352
2025-11-05 12:49,FNGU,31.39,31.4,31.37,31.37,1585
2025-11-05 12:50,FNGU,31.36,31.36,31.36,31.36,300
2025-11-05 12:51,FNGU,31.3626,31.3626,31.35,31.35,3475
2025-11-05 12:52,FNGU,31.35,31.35,31.34,31.34,3400
2025-11-05 12:53,FNGU,31.355,31.37,31.34,31.34,1926
2025-11-05 12:54,FNGU,31.34,31.34,31.31,31.33,12794
2025-11-05 12:55,FNGU,31.32,31.33,31.31,31.31,3800
2025-11-05 12:56,FNGU,31.3,31.3,31.29,31.29,904
2025-11-05 12:57,FNGU,31.295,31.3,31.295,31.3,500
2025-11-05 12:58,FNGU,31.289,31.289,31.285,31.285,3200
2025-11-05 12:59,FNGU,31.27,31.275,31.27,31.275,2010
2025-11-05 13:00,FNGU,31.27,31.27,31.25,31.26,6410
2025-11-05 13:01,FNGU,31.26,31.28,31.26,31.28,520
2025-11-05 13:02,FNGU,31.29,31.3001,31.29,31.3001,1150
2025-11-05 13:03,FNGU,31.299,31.299,31.299,31.299,144
2025-11-05 13:04,FNGU,31.29,31.29,31.29,31.29,137
2025-11-05 13:05,FNGU,31.29,31.29,31.28,31.28,569
2025-11-05 13:08,FNGU,31.29,31.29,31.275,31.275,737
2025-11-05 13:09,FNGU,31.27,31.275,31.27,31.275,316
2025-11-05 13:10,FNGU,31.28,31.28,31.27,31.27,200
2025-11-05 13:11,FNGU,31.27,31.27,31.23,31.23,10797
2025-11-05 13:12,FNGU,31.255,31.2699,31.255,31.26,300
2025-11-05 13:13,FNGU,31.2665,31.2665,31.25,31.25,4110
2025-11-05 13:14,FNGU,31.2999,31.2999,31.28,31.2899,5900
2025-11-05 13:15,FNGU,31.295,31.335,31.295,31.33,1110
2025-11-05 13:16,FNGU,31.32,31.3699,31.32,31.3699,4001
2025-11-05 13:18,FNGU,31.329,31.329,31.32,31.32,2238
2025-11-05 13:19,FNGU,31.313,31.315,31.31,31.31,890
2025-11-05 13:20,FNGU,31.3,31.305,31.3,31.303,1612
2025-11-05 13:21,FNGU,31.325,31.33,31.31,31.325,2390
2025-11-05 13:22,FNGU,31.29,31.3,31.29,31.3,1720
2025-11-05 13:23,FNGU,31.3,31.3,31.285,31.285,822
2025-11-05 13:24,FNGU,31.25,31.255,31.25,31.255,200
2025-11-05 13:25,FNGU,31.24,31.25,31.23,31.25,1334
2025-11-05 13:26,FNGU,31.25,31.25,31.23,31.2399,701
2025-11-05 13:27,FNGU,31.25,31.25,31.25,31.25,100
2025-11-05 13:28,FNGU,31.26,31.26,31.26,31.26,100
2025-11-05 13:29,FNGU,31.3,31.3,31.3,31.3,100
2025-11-05 13:30,FNGU,31.3105,31.32,31.3105,31.32,912
2025-11-05 13:31,FNGU,31.3152,31.33,31.3152,31.33,6212
2025-11-05 13:32,FNGU,31.35,31.35,31.35,31.35,2210
2025-11-05 13:33,FNGU,31.37,31.39,31.3516,31.365,5210
2025-11-05 13:34,FNGU,31.36,31.365,31.35,31.35,678
2025-11-05 13:35,FNGU,31.38,31.39,31.36,31.39,1369
2025-11-05 13:36,FNGU,31.4,31.45,31.4,31.445,7063
2025-11-05 13:37,FNGU,31.44,31.45,31.44,31.45,4096
2025-11-05 13:38,FNGU,31.46,31.46,31.46,31.46,700
2025-11-05 13:39,FNGU,31.45,31.45,31.4499,31.45,4600
2025-11-05 13:40,FNGU,31.439,31.4499,31.42,31.4499,1920
2025-11-05 13:41,FNGU,31.45,31.4651,31.45,31.46,5100
2025-11-05 13:42,FNGU,31.465,31.465,31.45,31.46,5489
2025-11-05 13:43,FNGU,31.45,31.45,31.45,31.45,220
2025-11-05 13:45,FNGU,31.4491,31.4491,31.44,31.445,800
2025-11-05 13:46,FNGU,31.45,31.45,31.44,31.4401,2660
2025-11-05 13:47,FNGU,31.4465,31.46,31.4465,31.46,1410
2025-11-05 13:48,FNGU,31.46,31.49,31.46,31.49,1052
2025-11-05 13:49,FNGU,31.479,31.479,31.4422,31.45,7911
2025-11-05 13:50,FNGU,31.457291,31.46,31.45,31.46,350
2025-11-05 13:51,FNGU,31.4501,31.48,31.4501,31.48,300
2025-11-05 13:52,FNGU,31.49,31.49,31.47,31.47,16117
2025-11-05 13:53,FNGU,31.48,31.49,31.48,31.49,1600
2025-11-05 13:54,FNGU,31.48,31.48,31.469,31.47,2027
2025-11-05 13:55,FNGU,31.4545,31.4545,31.44,31.44,16457
2025-11-05 13:56,FNGU,31.44,31.443,31.43,31.443,1620
2025-11-05 13:57,FNGU,31.43,31.43,31.4055,31.4055,3495
2025-11-05 13:58,FNGU,31.41,31.42,31.41,31.42,10588
2025-11-05 13:59,FNGU,31.42,31.43,31.42,31.423,2268
2025-11-05 14:00,FNGU,31.41,31.41,31.36,31.36,3772
2025-11-05 14:01,FNGU,31.3799,31.3799,31.3361,31.3361,1320
2025-11-05 14:02,FNGU,31.33,31.335,31.3,31.3,45085
2025-11-05 14:03,FNGU,31.31,31.31,31.31,31.31,747
2025-11-05 14:05,FNGU,31.3,31.31,31.3,31.31,339
2025-11-05 14:06,FNGU,31.3,31.3,31.28,31.28,7284
2025-11-05 14:07,FNGU,31.28,31.28,31.2465,31.2465,8198
2025-11-05 14:08,FNGU,31.245,31.245,31.21,31.2199,1040
2025-11-05 14:09,FNGU,31.201,31.2499,31.201,31.245,3945
2025-11-05 14:10,FNGU,31.27,31.4,31.27,31.4,26513
2025-11-05 14:11,FNGU,31.4,31.4,31.387,31.387,700
2025-11-05 14:12,FNGU,31.315,31.33,31.26,31.26,3786
2025-11-05 14:13,FNGU,31.265,31.3,31.265,31.293,8099
2025-11-05 14:14,FNGU,31.2957,31.2957,31.2957,31.2957,106
2025-11-05 14:15,FNGU,31.3,31.305,31.29,31.29,936
2025-11-05 14:16,FNGU,31.32,31.32,31.32,31.32,999
2025-11-05 14:17,FNGU,31.3,31.3,31.3,31.3,2000
2025-11-05 14:18,FNGU,31.3,31.3,31.285,31.285,1588
2025-11-05 14:19,FNGU,31.28,31.29,31.28,31.28,1873
2025-11-05 14:20,FNGU,31.3,31.31,31.3,31.31,220
2025-11-05 14:21,FNGU,31.31,31.31,31.27,31.27,1751
2025-11-05 14:22,FNGU,31.27,31.27,31.27,31.27,1275
2025-11-05 14:23,FNGU,31.28,31.28,31.28,31.28,1041
2025-11-05 14:24,FNGU,31.29,31.33,31.29,31.33,4000
2025-11-05 14:25,FNGU,31.32,31.33,31.32,31.33,340
2025-11-05 14:26,FNGU,31.31,31.31,31.3,31.3,1250
2025-11-05 14:27,FNGU,31.3,31.3,31.3,31.3,140
2025-11-05 14:28,FNGU,31.2613,31.2613,31.25649,31.25649,628
2025-11-05 14:29,FNGU,31.27,31.29,31.27,31.29,820
2025-11-05 14:30,FNGU,31.279,31.28,31.27,31.27,2128
2025-11-05 14:31,FNGU,31.26,31.29,31.26,31.29,919
2025-11-05 14:32,FNGU,31.32,31.32,31.32,31.32,400
2025-11-05 14:33,FNGU,31.315,31.315,31.295,31.295,460
2025-11-05 14:34,FNGU,31.3,31.3,31.3,31.3,493
2025-11-05 14:35,FNGU,31.3,31.3051,31.3,31.3051,724
2025-11-05 14:36,FNGU,31.3,31.3,31.3,31.3,120
2025-11-05 14:37,FNGU,31.29,31.29,31.29,31.29,120
2025-11-05 14:38,FNGU,31.3,31.32,31.3,31.3,2310
2025-11-05 14:39,FNGU,31.3,31.3,31.3,31.3,480
2025-11-05 14:40,FNGU,31.29,31.3,31.28,31.3,5800
2025-11-05 14:41,FNGU,31.3,31.32,31.3,31.31,5054
2025-11-05 14:42,FNGU,31.33,31.33,31.32,31.32,3220
2025-11-05 14:43,FNGU,31.32,31.32,31.3,31.3,977
2025-11-05 14:45,FNGU,31.29,31.29,31.28,31.28,2228
2025-11-05 14:46,FNGU,31.28,31.28,31.28,31.28,120
2025-11-05 14:47,FNGU,31.27,31.29,31.27,31.29,300
2025-11-05 14:49,FNGU,31.27,31.277,31.27,31.277,400
2025-11-05 14:50,FNGU,31.265,31.2903,31.265,31.2903,2951
2025-11-05 14:51,FNGU,31.285,31.29,31.285,31.29,220
2025-11-05 14:52,FNGU,31.29,31.3,31.29,31.3,622
2025-11-05 14:53,FNGU,31.28,31.28,31.27,31.27,1339
2025-11-05 14:54,FNGU,31.3,31.31,31.3,31.31,550
2025-11-05 14:55,FNGU,31.32,31.32,31.31,31.31,6875
2025-11-05 14:56,FNGU,31.3,31.3,31.295,31.295,3695
2025-11-05 14:57,FNGU,31.3,31.3,31.2841,31.285,1070
2025-11-05 14:59,FNGU,31.27,31.27,31.26,31.26,2961
2025-11-05 15:00,FNGU,31.26,31.26,31.26,31.26,713
2025-11-05 15:01,FNGU,31.27,31.28,31.27,31.28,2241
2025-11-05 15:02,FNGU,31.29,31.3,31.27,31.27,2724
2025-11-05 15:03,FNGU,31.26,31.26,31.24,31.24,7115
2025-11-05 15:04,FNGU,31.235,31.235,31.23,31.23,4150
2025-11-05 15:05,FNGU,31.24,31.27,31.24,31.255,4109
2025-11-05 15:06,FNGU,31.25,31.28,31.25,31.2602,13155
2025-11-05 15:07,FNGU,31.27,31.27,31.24,31.24,437
2025-11-05 15:08,FNGU,31.23,31.25,31.23,31.25,2092
2025-11-05 15:09,FNGU,31.27,31.28,31.27,31.28,1782
2025-11-05 15:10,FNGU,31.28,31.3,31.28,31.3,1400
2025-11-05 15:11,FNGU,31.3,31.3,31.2861,31.2861,1280
2025-11-05 15:12,FNGU,31.3,31.31,31.3,31.31,1100
2025-11-05 15:13,FNGU,31.29,31.29,31.26,31.26,340
2025-11-05 15:14,FNGU,31.27,31.29,31.27,31.29,240
2025-11-05 15:15,FNGU,31.29,31.3,31.29,31.2958,1040
2025-11-05 15:16,FNGU,31.3,31.3,31.26,31.275,1600
2025-11-05 15:17,FNGU,31.275,31.275,31.23,31.23,3160
2025-11-05 15:18,FNGU,31.23,31.24,31.23,31.24,5099
2025-11-05 15:19,FNGU,31.23,31.25,31.23,31.25,2300
2025-11-05 15:20,FNGU,31.23,31.235,31.22,31.235,1955
2025-11-05 15:21,FNGU,31.23,31.251,31.23,31.251,1100
2025-11-05 15:22,FNGU,31.25,31.25,31.24,31.24,408
2025-11-05 15:23,FNGU,31.235,31.24,31.215,31.22,6811
2025-11-05 15:24,FNGU,31.22,31.22,31.19,31.2,8608
2025-11-05 15:25,FNGU,31.21,31.22,31.21,31.215,3179
2025-11-05 15:26,FNGU,31.225,31.225,31.195,31.195,2170
2025-11-05 15:27,FNGU,31.2,31.2,31.18,31.18,2460
2025-11-05 15:28,FNGU,31.175,31.22,31.175,31.22,400
2025-11-05 15:29,FNGU,31.2,31.2,31.19,31.19,442
2025-11-05 15:30,FNGU,31.19,31.2,31.16,31.165,1537
2025-11-05 15:31,FNGU,31.18,31.185,31.14,31.14,2141
2025-11-05 15:32,FNGU,31.13,31.1648,31.13,31.1648,2303
2025-11-05 15:33,FNGU,31.17,31.17,31.16,31.16,270
2025-11-05 15:34,FNGU,31.18,31.18,31.15,31.15,1351
2025-11-05 15:35,FNGU,31.15,31.18,31.15,31.17,2980
2025-11-05 15:36,FNGU,31.165,31.18,31.12,31.12,4724
2025-11-05 15:37,FNGU,31.1265,31.13,31.12,31.13,2219
2025-11-05 15:38,FNGU,31.1353,31.14,31.13,31.14,3727
2025-11-05 15:39,FNGU,31.15,31.15,31.1399,31.14,2095
2025-11-05 15:40,FNGU,31.13,31.2,31.13,31.2,5176
2025-11-05 15:41,FNGU,31.2,31.2,31.1835,31.19,2825
2025-11-05 15:42,FNGU,31.17,31.17,31.16,31.16,3800
2025-11-05 15:43,FNGU,31.15,31.15,31.12,31.12,3090
2025-11-05 15:44,FNGU,31.12,31.16,31.11,31.13,12841
2025-11-05 15:45,FNGU,31.13,31.165,31.13,31.16,13372
2025-11-05 15:46,FNGU,31.1599,31.16,31.135,31.135,6780
2025-11-05 15:47,FNGU,31.12,31.12,31.095,31.095,14625
2025-11-05 15:48,FNGU,31.09,31.12,31.08,31.115,12820
2025-11-05 15:49,FNGU,31.115,31.115,31.09,31.105,8060
2025-11-05 15:50,FNGU,31.11,31.15,31.1,31.15,20976
2025-11-05 15:51,FNGU,31.15,31.19,31.13,31.145,23652
2025-11-05 15:52,FNGU,31.145,31.145,31.09,31.09,13476
2025-11-05 15:53,FNGU,31.085,31.105,31.08,31.105,14808
2025-11-05 15:54,FNGU,31.1,31.14,31.09,31.13,19428
2025-11-05 15:55,FNGU,31.11,31.155,31.0846,31.0873,29862
2025-11-05 15:56,FNGU,31.085,31.085,31.05,31.0748,24356
2025-11-05 15:57,FNGU,31.07,31.07,30.96,30.965,56631
2025-11-05 15:58,FNGU,30.97,30.99,30.955,30.9855,57358
2025-11-05 15:59,FNGU,30.98,31.03,30.94,30.9782,56224
2025-11-05 16:00,FNGU,31.01,31.25,31.01,31.2499,6007
2025-11-05 16:01,FNGU,31.22,31.22,30.91,30.91,300
2025-11-05 16:02,FNGU,30.8036,30.8036,30.8036,30.8036,1000
2025-11-05 16:03,FNGU,30.9,30.9,30.85,30.85,475
2025-11-05 16:04,FNGU,31.0,31.0,31.0,31.0,1000
2025-11-05 16:11,FNGU,30.85,30.85,30.85,30.85,300
2025-11-05 16:12,FNGU,30.81,30.81,30.8,30.8,880
2025-11-05 16:13,FNGU,30.81,30.81,30.8,30.8,7734
2025-11-05 16:15,FNGU,30.79,30.79,30.79,30.79,103
2025-11-05 16:16,FNGU,30.77,30.77,30.76,30.76,1554
2025-11-05 16:24,FNGU,30.8594,30.8594,30.8594,30.8594,100
2025-11-05 16:25,FNGU,30.84,30.84,30.84,30.84,353
2025-11-05 16:29,FNGU,30.93,30.93,30.88,30.88,300
2025-11-05 16:33,FNGU,30.9298,30.9298,30.88,30.88,274
2025-11-05 16:34,FNGU,30.88,30.88,30.88,30.88,112
2025-11-05 16:35,FNGU,30.88,30.88,30.88,30.88,2000
2025-11-05 16:40,FNGU,30.93,30.93,30.92,30.93,3598
2025-11-05 16:41,FNGU,30.94,30.94,30.94,30.94,1200
2025-11-05 16:50,FNGU,30.8597,30.8597,30.8597,30.8597,420
2025-11-05 17:00,FNGU,30.9893,30.9893,30.9893,30.9893,100
2025-11-05 17:04,FNGU,30.99,30.99,30.99,30.99,100
2025-11-05 17:25,FNGU,30.96,30.96,30.96,30.96,120
2025-11-05 17:31,FNGU,31.0123,31.0214,31.0123,31.0214,1053
2025-11-05 17:32,FNGU,31.01,31.01,31.01,31.01,603
2025-11-05 17:33,FNGU,31.0,31.0,31.0,31.0,450
2025-11-05 17:34,FNGU,31.01,31.01,31.01,31.01,588
2025-11-05 17:36,FNGU,30.95,30.95,30.95,30.95,165
2025-11-05 17:37,FNGU,30.9006,30.9006,30.9006,30.9006,998
2025-11-05 17:38,FNGU,31.02,31.02,31.02,31.02,400
2025-11-05 17:42,FNGU,31.01,31.01,31.01,31.01,777
2025-11-05 17:45,FNGU,30.9031,30.9031,30.9031,30.9031,160
2025-11-05 17:46,FNGU,30.9071,30.9071,30.9071,30.9071,132
2025-11-05 17:56,FNGU,31.0,31.0,31.0,31.0,150
2025-11-05 17:57,FNGU,30.97,30.97,30.97,30.97,464
2025-11-05 17:58,FNGU,30.97,30.97,30.97,30.97,218
2025-11-05 18:03,FNGU,30.97,30.97,30.97,30.97,1500
2025-11-05 18:04,FNGU,30.97,30.9701,30.97,30.9701,2900
2025-11-05 18:12,FNGU,30.9001,30.9001,30.9001,30.9001,13798
2025-11-05 18:40,FNGU,30.95,30.95,30.95,30.95,698
2025-11-05 18:42,FNGU,31.0,31.0,31.0,31.0,753
2025-11-05 18:59,FNGU,31.11,31.11,31.11,31.11,600
2025-11-05 19:00,FNGU,31.1488,31.1488,31.1488,31.1488,15000
2025-11-05 19:02,FNGU,31.1189,31.1189,31.1189,31.1189,2310
2025-11-05 19:05,FNGU,31.1,31.1,31.1,31.1,300
2025-11-05 19:07,FNGU,31.12,31.12,31.12,31.12,100
2025-11-05 19:08,FNGU,31.01,31.01,31.01,31.01,100
2025-11-05 19:11,FNGU,31.0,31.0,31.0,31.0,450
2025-11-05 19:14,FNGU,30.95,31.0,30.95,31.0,400
2025-11-05 19:23,FNGU,30.95,30.95,30.95,30.95,500
2025-11-05 19:24,FNGU,30.95,30.95,30.95,30.95,500
2025-11-05 19:25,FNGU,30.95,30.95,30.95,30.95,3601
2025-11-05 19:26,FNGU,30.9,30.9,30.9,30.9,500
2025-11-05 19:37,FNGU,30.94,30.94,30.94,30.94,100
2025-11-05 19:42,FNGU,30.97,30.989,30.97,30.9732,3878
2025-11-05 19:47,FNGU,30.97,30.97,30.97,30.97,250
2025-11-05 19:50,FNGU,30.98,30.98,30.98,30.98,1000
2025-11-05 19:54,FNGU,30.99,30.99,30.99,30.99,2195
2025-11-05 19:58,FNGU,31.03,31.03,31.03,31.03,1600
2025-11-05 19:59,FNGU,31.03,31.03,31.03,31.03,780
2025-11-06 07:06,FNGU,31.12,31.12,31.12,31.12,100
2025-11-06 07:08,FNGU,31.14,31.15,31.14,31.15,1450
2025-11-06 07:10,FNGU,31.15,31.15,31.15,31.15,481
2025-11-06 07:21,FNGU,31.11,31.11,31.1,31.1,4204
2025-11-06 08:00,FNGU,31.1283,31.2,30.7,30.77,16035
2025-11-06 08:03,FNGU,31.15,31.15,31.15,31.15,124
2025-11-06 08:06,FNGU,31.17,31.17,31.17,31.17,100
2025-11-06 08:07,FNGU,31.17,31.17,31.17,31.17,150
2025-11-06 08:13,FNGU,31.18,31.18,31.18,31.18,300
2025-11-06 08:21,FNGU,31.2,31.2,31.2,31.2,1940
2025-11-06 08:22,FNGU,31.2,31.2,31.2,31.2,1100
2025-11-06 08:23,FNGU,31.21,31.24,31.21,31.24,1068
2025-11-06 08:24,FNGU,31.2305,31.2305,31.2305,31.2305,175
2025-11-06 08:25,FNGU,31.24,31.24,31.24,31.24,100
2025-11-06 08:27,FNGU,31.2104,31.2825,31.2104,31.2746,1175
2025-11-06 08:31,FNGU,31.27,31.27,31.27,31.27,100
2025-11-06 08:32,FNGU,31.29,31.29,31.29,31.29,472
2025-11-06 08:33,FNGU,31.29,31.29,31.29,31.29,1885
2025-11-06 08:34,FNGU,31.29,31.3,31.29,31.3,2651
2025-11-06 08:35,FNGU,31.31,31.31,31.31,31.31,100
2025-11-06 08:36,FNGU,31.37,31.37,31.37,31.37,300
2025-11-06 08:37,FNGU,31.3,31.3,31.3,31.3,147
2025-11-06 08:41,FNGU,31.36,31.36,31.36,31.36,3400
2025-11-06 08:42,FNGU,31.3589,31.3589,31.3589,31.3589,100
2025-11-06 08:44,FNGU,31.291,31.291,31.291,31.291,147
2025-11-06 08:46,FNGU,31.34,31.34,31.34,31.34,260
2025-11-06 08:48,FNGU,31.3,31.3,31.3,31.3,350
2025-11-06 08:50,FNGU,31.25,31.31,31.23,31.31,388
2025-11-06 08:54,FNGU,31.28,31.28,31.28,31.28,550
2025-11-06 08:57,FNGU,31.2795,31.2795,31.2795,31.2795,200
2025-11-06 08:58,FNGU,31.28,31.28,31.21,31.21,245
2025-11-06 09:02,FNGU,31.24,31.24,31.24,31.24,111
2025-11-06 09:04,FNGU,31.11,31.11,31.1,31.1,890
2025-11-06 09:06,FNGU,31.05,31.05,31.05,31.05,1977
2025-11-06 09:07,FNGU,31.0,31.0,31.0,31.0,279
2025-11-06 09:08,FNGU,30.99,30.99,30.9,30.9,2895
2025-11-06 09:09,FNGU,30.9,30.9,30.89,30.89,2204
2025-11-06 09:12,FNGU,30.98,30.98,30.98,30.98,100
2025-11-06 09:13,FNGU,30.9345,30.9345,30.9345,30.9345,400
2025-11-06 09:14,FNGU,30.98,30.98,30.98,30.98,550
2025-11-06 09:18,FNGU,31.09,31.09,31.09,31.09,448
2025-11-06 09:23,FNGU,30.97,31.03,30.97,31.03,1100
2025-11-06 09:24,FNGU,30.94,30.94,30.91,30.91,1400
2025-11-06 09:25,FNGU,30.9788,30.9788,30.9788,30.9788,100
2025-11-06 09:26,FNGU,30.98,30.98,30.98,30.98,200
2025-11-06 09:28,FNGU,30.84,30.84,30.83,30.83,253
2025-11-06 09:30,FNGU,30.81,30.81,30.67,30.68,116585
2025-11-06 09:31,FNGU,30.62,30.6375,30.53,30.53,34027
2025-11-06 09:32,FNGU,30.54,30.7,30.53,30.695,13812
2025-11-06 09:33,FNGU,30.7,30.72,30.5987,30.605,14281
2025-11-06 09:34,FNGU,30.69,30.76,30.69,30.7,5750
2025-11-06 09:35,FNGU,30.67,30.67,30.58,30.58,47296
2025-11-06 09:36,FNGU,30.58,30.62,30.56,30.56,26581
2025-11-06 09:37,FNGU,30.56,30.6,30.52,30.535,9821
2025-11-06 09:38,FNGU,30.52,30.71,30.52,30.686,29928
2025-11-06 09:39,FNGU,30.66,30.66,30.59,30.59,5775
2025-11-06 09:40,FNGU,30.57,30.61,30.54,30.54,16040
2025-11-06 09:41,FNGU,30.5,30.5,30.35,30.375,107816
2025-11-06 09:42,FNGU,30.3991,30.4676,30.38,30.39,2700
2025-11-06 09:43,FNGU,30.43,30.46,30.35,30.35,17702
2025-11-06 09:44,FNGU,30.37,30.4,30.3,30.3301,23366
2025-11-06 09:45,FNGU,30.33,30.5558,30.32,30.55,38142
2025-11-06 09:46,FNGU,30.54,30.54,30.48,30.54,13322
2025-11-06 09:47,FNGU,30.545,30.6399,30.53,30.619,20150
2025-11-06 09:48,FNGU,30.61,30.73,30.61,30.73,32384
2025-11-06 09:49,FNGU,30.7301,30.7399,30.6702,30.6702,16250
2025-11-06 09:50,FNGU,30.6527,30.74,30.54,30.565,28482
2025-11-06 09:51,FNGU,30.575,30.575,30.47,30.47,5085
2025-11-06 09:52,FNGU,30.475,30.475,30.41,30.4635,4114
2025-11-06 09:53,FNGU,30.4693,30.4977,30.45,30.49,18044
2025-11-06 09:54,FNGU,30.47,30.47,30.361,30.361,2271
2025-11-06 09:55,FNGU,30.36,30.41,30.34,30.4,5516
2025-11-06 09:56,FNGU,30.37,30.39,30.33,30.39,5899
2025-11-06 09:57,FNGU,30.35,30.35,30.23,30.23,30077
2025-11-06 09:58,FNGU,30.2305,30.26,30.2,30.225,10833
2025-11-06 09:59,FNGU,30.2,30.2018,30.1104,30.12,37406
2025-11-06 10:00,FNGU,30.11,30.12,30.0,30.06,57714
2025-11-06 10:01,FNGU,30.0435,30.08,29.99,30.0,50194
2025-11-06 10:02,FNGU,29.99,30.0,29.885,29.92,50327
2025-11-06 10:03,FNGU,29.93,30.0,29.9,30.0,16002
2025-11-06 10:04,FNGU,29.9472,29.9472,29.84,29.84,59039
2025-11-06 10:05,FNGU,29.8601,30.0,29.8601,30.0,7613
2025-11-06 10:06,FNGU,30.0,30.1088,30.0,30.1088,4583
2025-11-06 10:07,FNGU,30.1071,30.1071,29.93,29.97,10655
2025-11-06 10:08,FNGU,29.94,29.97,29.88,29.9283,8716
2025-11-06 10:09,FNGU,29.9,29.97262,29.8802,29.9477,24179
2025-11-06 10:10,FNGU,30.02,30.125,30.02,30.1,3587
2025-11-06 10:11,FNGU,30.11,30.16,30.11,30.15,2788
2025-11-06 10:12,FNGU,30.14,30.145,30.04,30.0507,23863
2025-11-06 10:13,FNGU,30.08,30.08,30.0752,30.0778,700
2025-11-06 10:14,FNGU,30.08,30.08,30.01,30.01,5434
2025-11-06 10:15,FNGU,30.0,30.03,29.97,30.03,12899
2025-11-06 10:16,FNGU,30.06,30.12,30.05,30.12,3300
2025-11-06 10:17,FNGU,30.15,30.27,30.15,30.19,4464
2025-11-06 10:18,FNGU,30.2,30.3,30.195,30.2801,17652
2025-11-06 10:19,FNGU,30.26,30.26,30.21,30.23,3400
2025-11-06 10:20,FNGU,30.25,30.34,30.25,30.32,14683
2025-11-06 10:21,FNGU,30.3299,30.33,30.28,30.3113,5975
2025-11-06 10:22,FNGU,30.31,30.427,30.3,30.41,22794
2025-11-06 10:23,FNGU,30.42,30.4482,30.4,30.4024,34056
2025-11-06 10:24,FNGU,30.43,30.46,30.391,30.42,6872
2025-11-06 10:25,FNGU,30.4,30.46,30.3971,30.46,7861
2025-11-06 10:26,FNGU,30.47,30.47,30.33,30.361,1638
2025-11-06 10:27,FNGU,30.38,30.39,30.37,30.37,1450
2025-11-06 10:28,FNGU,30.35,30.4555,30.35,30.4244,13168
2025-11-06 10:29,FNGU,30.44,30.44,30.38,30.382,3949
2025-11-06 10:30,FNGU,30.398,30.4,30.33,30.36,19144
2025-11-06 10:31,FNGU,30.32,30.34,30.32,30.34,18715
2025-11-06 10:32,FNGU,30.32,30.34,30.25,30.259,2786
2025-11-06 10:33,FNGU,30.19,30.19,30.09,30.11,28667
2025-11-06 10:34,FNGU,30.13,30.1399,30.09,30.13,29812
2025-11-06 10:35,FNGU,30.12,30.12,30.04,30.0696,26311
2025-11-06 10:36,FNGU,30.0282,30.06,29.867,29.867,23698
2025-11-06 10:37,FNGU,29.86,29.86,29.71,29.7106,48460
2025-11-06 10:38,FNGU,29.72,29.819,29.71,29.8,29048
2025-11-06 10:39,FNGU,29.75,29.7744,29.74,29.7599,11868
2025-11-06 10:40,FNGU,29.76,29.76,29.67,29.6765,36196
2025-11-06 10:41,FNGU,29.6899,29.73,29.66,29.683,11668
2025-11-06 10:42,FNGU,29.67,29.69,29.63,29.69,8827
2025-11-06 10:43,FNGU,29.6753,29.77,29.66,29.7122,4701
2025-11-06 10:44,FNGU,29.7193,29.7299,29.57,29.59,57669
2025-11-06 10:45,FNGU,29.61,29.7508,29.61,29.7508,22110
2025-11-06 10:46,FNGU,29.76,29.76,29.653,29.66,12398
2025-11-06 10:47,FNGU,29.67,29.68,29.56,29.5867,43326
2025-11-06 10:48,FNGU,29.5828,29.6224,29.51,29.559,10560
2025-11-06 10:49,FNGU,29.54,29.609,29.51,29.609,33661
2025-11-06 10:50,FNGU,29.64,29.69,29.58,29.6,13746
2025-11-06 10:51,FNGU,29.59,29.7199,29.59,29.7005,5733
2025-11-06 10:52,FNGU,29.69,29.69,29.59,29.63,6195
2025-11-06 10:53,FNGU,29.6,29.609,29.53,29.53,11341
2025-11-06 10:54,FNGU,29.53,29.64,29.53,29.64,8514
2025-11-06 10:55,FNGU,29.64,29.71,29.64,29.7004,2319
2025-11-06 10:56,FNGU,29.66,29.66,29.5,29.535,62823
2025-11-06 10:57,FNGU,29.56,29.5814,29.5305,29.5814,8465
2025-11-06 10:58,FNGU,29.55,29.55,29.52,29.53,18014
2025-11-06 10:59,FNGU,29.5767,29.5767,29.51,29.56,2811
2025-11-06 11:00,FNGU,29.5345,29.6301,29.5345,29.6301,11345
2025-11-06 11:01,FNGU,29.67,29.712,29.67,29.6796,8251
2025-11-06 11:02,FNGU,29.65,29.7,29.64,29.64,11300
2025-11-06 11:03,FNGU,29.66,29.6799,29.66,29.67,28620
2025-11-06 11:04,FNGU,29.69,29.743,29.689,29.743,14522
2025-11-06 11:05,FNGU,29.74,29.79,29.74,29.7899,7022
2025-11-06 11:06,FNGU,29.8397,29.8397,29.751,29.766,4776
2025-11-06 11:07,FNGU,29.79,29.79,29.63,29.6535,7229
2025-11-06 11:08,FNGU,29.67,29.765,29.67,29.765,2045
2025-11-06 11:09,FNGU,29.709,29.725,29.65,29.65,3783
2025-11-06 11:10,FNGU,29.62,29.62,29.6,29.6,1450
2025-11-06 11:11,FNGU,29.62,29.66,29.6196,29.64,4850
2025-11-06 11:12,FNGU,29.66,29.6641,29.62,29.63,2805
2025-11-06 11:13,FNGU,29.63,29.68,29.63,29.68,2664
2025-11-06 11:14,FNGU,29.69,29.72,29.69,29.7061,2800
2025-11-06 11:15,FNGU,29.74,29.78,29.74,29.78,409
2025-11-06 11:16,FNGU,29.7711,29.821,29.7163,29.7163,2964
2025-11-06 11:17,FNGU,29.72,29.74,29.706,29.7254,4142
2025-11-06 11:18,FNGU,29.68,29.715,29.61,29.61,10450
2025-11-06 11:19,FNGU,29.62,29.66,29.62,29.66,3449
2025-11-06 11:20,FNGU,29.66,29.7299,29.646,29.7299,5731
2025-11-06 11:21,FNGU,29.7404,29.76,29.67,29.76,19355
2025-11-06 11:22,FNGU,29.72,29.72,29.595,29.6,1340
2025-11-06 11:23,FNGU,29.58,29.63,29.58,29.58,24170
2025-11-06 11:24,FNGU,29.5901,29.5901,29.567,29.59,3400
2025-11-06 11:25,FNGU,29.6135,29.6135,29.52,29.54,12606
2025-11-06 11:26,FNGU,29.55,29.66,29.55,29.66,3470
2025-11-06 11:27,FNGU,29.64,29.64,29.59,29.59,800
2025-11-06 11:28,FNGU,29.58,29.62,29.58,29.62,1300
2025-11-06 11:29,FNGU,29.6765,29.78,29.6765,29.78,4296
2025-11-06 11:30,FNGU,29.74,29.74,29.71,29.71,1950
2025-11-06 11:31,FNGU,29.71,29.73,29.669,29.669,5179
2025-11-06 11:32,FNGU,29.6735,29.6735,29.63,29.67,26540
2025-11-06 11:33,FNGU,29.68,29.72,29.66,29.67,4342
2025-11-06 11:34,FNGU,29.66,29.66,29.6301,29.645,8457
2025-11-06 11:35,FNGU,29.58,29.5845,29.43,29.45,30123
2025-11-06 11:36,FNGU,29.49,29.52,29.47,29.52,4300
2025-11-06 11:37,FNGU,29.53,29.54,29.51,29.51,7273
2025-11-06 11:38,FNGU,29.52,29.5866,29.52,29.53,11986
2025-11-06 11:39,FNGU,29.5434,29.5434,29.49,29.505,7700
2025-11-06 11:40,FNGU,29.4801,29.53,29.47,29.53,14870
2025-11-06 11:41,FNGU,29.5302,29.5302,29.4905,29.4905,1827
2025-11-06 11:42,FNGU,29.515,29.515,29.5,29.5,700
2025-11-06 11:43,FNGU,29.4802,29.4802,29.4,29.4648,58964
2025-11-06 11:44,FNGU,29.46,29.493,29.46,29.493,4350
2025-11-06 11:45,FNGU,29.4902,29.5,29.406,29.406,3953
2025-11-06 11:46,FNGU,29.44,29.44,29.4301,29.4301,1600
2025-11-06 11:47,FNGU,29.43,29.43,29.4,29.43,781
2025-11-06 11:48,FNGU,29.45,29.46,29.4276,29.43,7305
2025-11-06 11:49,FNGU,29.3804,29.42,29.3804,29.42,3982
2025-11-06 11:50,FNGU,29.41,29.47,29.4065,29.42,8276
2025-11-06 11:51,FNGU,29.435,29.4713,29.435,29.46,7744
2025-11-06 11:52,FNGU,29.51,29.57,29.51,29.56,34576
2025-11-06 11:53,FNGU,29.6,29.6,29.52,29.52,2550
2025-11-06 11:54,FNGU,29.523,29.58,29.523,29.58,1927
2025-11-06 11:55,FNGU,29.54,29.54,29.445,29.445,9012
2025-11-06 11:56,FNGU,29.44,29.46,29.32,29.34,42388
2025-11-06 11:57,FNGU,29.38,29.4045,29.38,29.4045,2510
2025-11-06 11:58,FNGU,29.45,29.455,29.42,29.42,3961
2025-11-06 11:59,FNGU,29.37,29.37,29.35,29.37,2896
2025-11-06 12:00,FNGU,29.485,29.5,29.45,29.5,25521
2025-11-06 12:01,FNGU,29.54,29.54,29.54,29.54,501
2025-11-06 12:02,FNGU,29.51,29.52,29.47,29.5156,21130
2025-11-06 12:03,FNGU,29.49,29.51,29.44,29.45,22441
2025-11-06 12:04,FNGU,29.45,29.4904,29.45,29.4904,1210
2025-11-06 12:05,FNGU,29.49,29.52,29.47,29.51,7396
2025-11-06 12:06,FNGU,29.5,29.54,29.5,29.5295,4338
2025-11-06 12:07,FNGU,29.46,29.46,29.39,29.4,3700
2025-11-06 12:08,FNGU,29.39,29.4155,29.35,29.36,4095
2025-11-06 12:09,FNGU,29.42,29.52,29.41,29.52,5240
2025-11-06 12:10,FNGU,29.53,29.6136,29.53,29.6136,8716
2025-11-06 12:11,FNGU,29.59,29.64,29.59,29.6213,2000
2025-11-06 12:12,FNGU,29.5935,29.5935,29.56,29.59,2125
2025-11-06 12:13,FNGU,29.58,29.59,29.53,29.5498,1987
2025-11-06 12:14,FNGU,29.547,29.55,29.5,29.529,11960
2025-11-06 12:15,FNGU,29.47,29.47,29.44,29.44,7006
2025-11-06 12:16,FNGU,29.4603,29.47,29.42,29.42,10139
2025-11-06 12:17,FNGU,29.461,29.49,29.4551,29.46,20367
2025-11-06 12:18,FNGU,29.55,29.555,29.48,29.49,2952
2025-11-06 12:19,FNGU,29.5,29.5,29.46,29.5,1100
2025-11-06 12:20,FNGU,29.4583,29.4713,29.447,29.4513,6908
2025-11-06 12:21,FNGU,29.4301,29.4301,29.3638,29.38,4265
2025-11-06 12:22,FNGU,29.38,29.403,29.38,29.403,6700
2025-11-06 12:23,FNGU,29.47,29.479,29.4,29.4,1050
2025-11-06 12:24,FNGU,29.42,29.46,29.42,29.46,600
2025-11-06 12:25,FNGU,29.4,29.43,29.4,29.43,3000
2025-11-06 12:26,FNGU,29.45,29.45,29.35,29.35,970
2025-11-06 12:27,FNGU,29.46,29.47,29.46,29.47,1950
2025-11-06 12:28,FNGU,29.5,29.5392,29.4884,29.515,5419
2025-11-06 12:29,FNGU,29.5313,29.555,29.5313,29.543,750
2025-11-06 12:30,FNGU,29.56,29.56,29.52,29.522,5168
2025-11-06 12:31,FNGU,29.53,29.53,29.53,29.53,400
2025-11-06 12:32,FNGU,29.52,29.59,29.52,29.59,5237
2025-11-06 12:33,FNGU,29.58,29.641,29.58,29.6,19197
2025-11-06 12:34,FNGU,29.57,29.57,29.51,29.51,15668
2025-11-06 12:35,FNGU,29.55,29.61,29.53,29.61,10170
2025-11-06 12:36,FNGU,29.62,29.62,29.62,29.62,500
2025-11-06 12:37,FNGU,29.64,29.68,29.64,29.65,17278
2025-11-06 12:38,FNGU,29.65,29.6974,29.64,29.6974,4600
2025-11-06 12:39,FNGU,29.7,29.7,29.58,29.5832,12362
2025-11-06 12:40,FNGU,29.58,29.6475,29.58,29.64,14699
2025-11-06 12:41,FNGU,29.69,29.7,29.67,29.67,6800
2025-11-06 12:42,FNGU,29.72,29.75,29.72,29.73,20658
2025-11-06 12:43,FNGU,29.735,29.79,29.735,29.77,3838
2025-11-06 12:44,FNGU,29.769,29.769,29.75,29.757,1152
2025-11-06 12:45,FNGU,29.77,29.81,29.77,29.8099,3600
2025-11-06 12:46,FNGU,29.83,29.85,29.79,29.79,5105
2025-11-06 12:47,FNGU,29.78,29.86,29.78,29.8399,19945
2025-11-06 12:48,FNGU,29.845,29.898325,29.845,29.86,5210
2025-11-06 12:49,FNGU,29.855,29.88,29.84,29.84,6775
2025-11-06 12:50,FNGU,29.9,29.93,29.9,29.93,5030
2025-11-06 12:51,FNGU,29.92,29.945,29.917,29.92,4269
2025-11-06 12:52,FNGU,29.9,29.92,29.87,29.92,8250
2025-11-06 12:53,FNGU,29.9,29.9,29.89,29.89,12084
2025-11-06 12:54,FNGU,29.88,29.95,29.88,29.94,12038
2025-11-06 12:55,FNGU,29.9396,29.98,29.909,29.98,5411
2025-11-06 12:56,FNGU,29.96,29.98,29.96,29.97,500
2025-11-06 12:57,FNGU,29.9701,29.9701,29.91,29.919,8138
2025-11-06 12:58,FNGU,29.91,29.9501,29.91,29.92,2700
2025-11-06 12:59,FNGU,29.91,29.913,29.88,29.913,5850
2025-11-06 13:00,FNGU,29.91,29.92,29.88,29.9,14253
2025-11-06 13:01,FNGU,29.905,29.95,29.905,29.95,7500
2025-11-06 13:02,FNGU,29.945,29.945,29.907,29.907,4172
2025-11-06 13:03,FNGU,29.88,29.88,29.8,29.8,700
2025-11-06 13:04,FNGU,29.74,29.74,29.707,29.707,7378
2025-11-06 13:05,FNGU,29.68,29.7,29.66,29.66,17352
2025-11-06 13:06,FNGU,29.61,29.62,29.545,29.545,4500
2025-11-06 13:07,FNGU,29.5601,29.6,29.5601,29.5693,4085
2025-11-06 13:08,FNGU,29.58,29.58,29.57,29.57,850
2025-11-06 13:09,FNGU,29.5295,29.5295,29.5,29.505,3537
2025-11-06 13:10,FNGU,29.48,29.48,29.48,29.48,100
2025-11-06 13:11,FNGU,29.46,29.47,29.44,29.44,1599
2025-11-06 13:12,FNGU,29.44,29.445,29.4069,29.41,10990
2025-11-06 13:13,FNGU,29.42,29.52,29.42,29.48,11955
2025-11-06 13:14,FNGU,29.5057,29.5057,29.48,29.5,3215
2025-11-06 13:15,FNGU,29.5101,29.55,29.5101,29.5399,889
2025-11-06 13:16,FNGU,29.53,29.54,29.5,29.52,28720
2025-11-06 13:17,FNGU,29.5,29.5,29.46,29.49,5888
2025-11-06 13:19,FNGU,29.51,29.51,29.47,29.5,2000
2025-11-06 13:20,FNGU,29.53,29.56,29.53,29.555,1000
2025-11-06 13:21,FNGU,29.5599,29.56,29.5,29.53,3686
2025-11-06 13:22,FNGU,29.54,29.54,29.53,29.53,900
2025-11-06 13:23,FNGU,29.57,29.621,29.5601,29.621,2629
2025-11-06 13:24,FNGU,29.6601,29.683,29.6601,29.67,2110
2025-11-06 13:25,FNGU,29.6759,29.74,29.6759,29.72,20636
2025-11-06 13:26,FNGU,29.8,29.8,29.79,29.79,981
2025-11-06 13:27,FNGU,29.75,29.75,29.74,29.74,3154
2025-11-06 13:28,FNGU,29.751,29.8,29.751,29.8,700
2025-11-06 13:29,FNGU,29.83,29.83,29.7601,29.7601,5599
2025-11-06 13:30,FNGU,29.79,29.82,29.79,29.81,12826
2025-11-06 13:31,FNGU,29.835,29.855,29.82,29.8412,24145
2025-11-06 13:32,FNGU,29.83,29.84,29.82,29.83,2185
2025-11-06 13:33,FNGU,29.85,29.855,29.78,29.78,11627
2025-11-06 13:34,FNGU,29.79,29.8269,29.79,29.81,3200
2025-11-06 13:35,FNGU,29.83,29.88,29.815,29.87,8419
2025-11-06 13:36,FNGU,29.87,29.9564,29.87,29.9564,12074
2025-11-06 13:37,FNGU,29.94,29.95,29.91,29.91,5800
2025-11-06 13:38,FNGU,29.91,29.9101,29.88,29.9,2450
2025-11-06 13:39,FNGU,29.8946,29.93,29.88,29.91,2448
2025-11-06 13:40,FNGU,29.91,29.935,29.88,29.89,5863
2025-11-06 13:41,FNGU,29.91,29.94,29.8761,29.885,4110
2025-11-06 13:42,FNGU,29.885,29.93,29.88,29.93,16356
2025-11-06 13:43,FNGU,29.94,29.95,29.92,29.92,2200
2025-11-06 13:44,FNGU,29.93,29.98,29.93,29.9475,5400
2025-11-06 13:45,FNGU,29.95,29.96,29.925,29.94,3052
2025-11-06 13:46,FNGU,29.95,29.95,29.85,29.85,4847
2025-11-06 13:47,FNGU,29.855,29.89,29.84,29.88,18411
2025-11-06 13:48,FNGU,29.88,29.92,29.875,29.88,7415
2025-11-06 13:49,FNGU,29.875,29.89,29.86,29.8803,2600
2025-11-06 13:50,FNGU,29.89,29.9,29.88,29.89,3273
2025-11-06 13:51,FNGU,29.88,29.91,29.88,29.9,5077
2025-11-06 13:52,FNGU,29.89,29.91,29.87,29.91,9111
2025-11-06 13:53,FNGU,29.9,29.9,29.83,29.84,2336
2025-11-06 13:54,FNGU,29.85,29.9,29.85,29.9,800
2025-11-06 13:55,FNGU,29.9,29.9,29.805,29.805,3510
2025-11-06 13:56,FNGU,29.8,29.81,29.77,29.77,5100
2025-11-06 13:57,FNGU,29.77,29.79,29.74,29.77,22123
2025-11-06 13:58,FNGU,29.77,29.81,29.76,29.79,9913
2025-11-06 13:59,FNGU,29.805,29.82,29.79,29.81,4111
2025-11-06 14:00,FNGU,29.81,29.84,29.79,29.83,9121
2025-11-06 14:01,FNGU,29.82,29.87,29.81,29.84,6100
2025-11-06 14:02,FNGU,29.84,29.84,29.795,29.82,4047
2025-11-06 14:03,FNGU,29.815,29.93,29.815,29.93,4200
2025-11-06 14:04,FNGU,29.92,29.9801,29.91,29.97,4413
2025-11-06 14:05,FNGU,29.97,30.06,29.97,30.06,21147
2025-11-06 14:06,FNGU,30.065,30.15,30.065,30.11,7000
2025-11-06 14:07,FNGU,30.11,30.11,30.06,30.06,4450
2025-11-06 14:08,FNGU,30.07,30.07,30.025,30.05,5615
2025-11-06 14:09,FNGU,30.04,30.055,29.99,29.995,3800
2025-11-06 14:10,FNGU,30.0,30.07,30.0,30.07,10500
2025-11-06 14:11,FNGU,30.07,30.08,30.05,30.07,2224
2025-11-06 14:12,FNGU,30.08,30.09,30.07,30.08,2500
2025-11-06 14:13,FNGU,30.07,30.09,30.07,30.07,1600
2025-11-06 14:14,FNGU,30.08,30.11,30.065,30.1,3401
2025-11-06 14:15,FNGU,30.11,30.1156,30.07,30.07,9218
2025-11-06 14:16,FNGU,30.0901,30.095,30.03,30.05,5001
2025-11-06 14:17,FNGU,30.06,30.085,30.02,30.04,7129
2025-11-06 14:18,FNGU,30.05,30.07,30.035,30.06,3890
2025-11-06 14:19,FNGU,30.06,30.125,30.06,30.1,2795
2025-11-06 14:20,FNGU,30.1,30.14,30.08,30.11,10106
2025-11-06 14:21,FNGU,30.11,30.13,30.11,30.13,11752
2025-11-06 14:22,FNGU,30.12,30.18,30.12,30.13,4500
2025-11-06 14:23,FNGU,30.175,30.19,30.17,30.19,4379
2025-11-06 14:24,FNGU,30.19,30.22,30.1898,30.2001,7116
2025-11-06 14:25,FNGU,30.23,30.26,30.23,30.24,6900
2025-11-06 14:26,FNGU,30.24,30.285,30.23,30.285,6366
2025-11-06 14:27,FNGU,30.29,30.3455,30.2635,30.2635,24591
2025-11-06 14:28,FNGU,30.29,30.32,30.29,30.31,1993
2025-11-06 14:29,FNGU,30.3335,30.36,30.32,30.32,5300
2025-11-06 14:30,FNGU,30.32,30.3201,30.24,30.24,14286
2025-11-06 14:31,FNGU,30.25,30.27,30.2445,30.27,6052
2025-11-06 14:32,FNGU,30.27,30.345,30.27,30.34,4050
2025-11-06 14:33,FNGU,30.34,30.355,30.31,30.31,3600
2025-11-06 14:34,FNGU,30.32,30.32,30.29,30.31,3400
2025-11-06 14:35,FNGU,30.31,30.37,30.31,30.37,3725
2025-11-06 14:36,FNGU,30.35,30.4,30.35,30.37,4182
2025-11-06 14:37,FNGU,30.37,30.37,30.33,30.3301,2373
2025-11-06 14:38,FNGU,30.34,30.36,30.33,30.36,7438
2025-11-06 14:39,FNGU,30.35,30.36,30.29,30.2933,3600
2025-11-06 14:40,FNGU,30.29,30.29,30.26,30.26,1900
2025-11-06 14:41,FNGU,30.26,30.26,30.19,30.19,2900
2025-11-06 14:42,FNGU,30.18,30.19,30.155,30.17,4070
2025-11-06 14:43,FNGU,30.16,30.19,30.14,30.17,11865
2025-11-06 14:44,FNGU,30.18,30.23,30.18,30.23,3106
2025-11-06 14:45,FNGU,30.23,30.23,30.2048,30.23,7396
2025-11-06 14:46,FNGU,30.22,30.22,30.16,30.16,17150
2025-11-06 14:47,FNGU,30.18,30.18,30.125,30.14,12351
2025-11-06 14:48,FNGU,30.16,30.17,30.09,30.09,9030
2025-11-06 14:49,FNGU,30.1,30.12,30.075,30.11,36296
2025-11-06 14:50,FNGU,30.115,30.16,30.09,30.15,7036
2025-11-06 14:51,FNGU,30.15,30.16,30.09,30.09,4203
2025-11-06 14:52,FNGU,30.09,30.1,30.06,30.06,3900
2025-11-06 14:53,FNGU,30.063486,30.15,30.05,30.135,9800
2025-11-06 14:54,FNGU,30.14,30.18,30.14,30.175,6607
2025-11-06 14:55,FNGU,30.17,30.22,30.165,30.21,3800
2025-11-06 14:56,FNGU,30.23,30.25,30.225,30.24,3336
2025-11-06 14:57,FNGU,30.25,30.33,30.24,30.31,14527
2025-11-06 14:58,FNGU,30.33,30.35,30.32,30.32,8023
2025-11-06 14:59,FNGU,30.31,30.3164,30.23,30.265,3723
2025-11-06 15:00,FNGU,30.27,30.28,30.27,30.28,2100
2025-11-06 15:01,FNGU,30.25,30.25,30.2,30.2,3100
2025-11-06 15:02,FNGU,30.22,30.22,30.16,30.16,8479
2025-11-06 15:03,FNGU,30.21,30.235,30.21,30.23,7790
2025-11-06 15:04,FNGU,30.2399,30.25,30.22,30.22,2500
2025-11-06 15:05,FNGU,30.235,30.25,30.2,30.227,6209
2025-11-06 15:06,FNGU,30.203,30.23,30.19,30.23,3724
2025-11-06 15:07,FNGU,30.23,30.23,30.22,30.23,3268
2025-11-06 15:08,FNGU,30.24,30.24,30.19,30.19,968
2025-11-06 15:09,FNGU,30.2,30.2123,30.18,30.2123,2700
2025-11-06 15:10,FNGU,30.22,30.24,30.22,30.24,771
2025-11-06 15:11,FNGU,30.23,30.24,30.23,30.24,1700
2025-11-06 15:12,FNGU,30.24,30.26,30.14,30.14,3400
2025-11-06 15:13,FNGU,30.19,30.19,30.169,30.1801,5150
2025-11-06 15:14,FNGU,30.1809,30.1809,30.18,30.18,813
2025-11-06 15:15,FNGU,30.2,30.2,30.2,30.2,471
2025-11-06 15:16,FNGU,30.14,30.15,30.09,30.15,13280
2025-11-06 15:17,FNGU,30.145,30.16,30.145,30.16,4420
2025-11-06 15:18,FNGU,30.175,30.18,30.145,30.18,4200
2025-11-06 15:19,FNGU,30.19,30.2,30.1781,30.18,9250
2025-11-06 15:20,FNGU,30.19,30.19,30.15,30.15,600
2025-11-06 15:21,FNGU,30.15,30.1855,30.14,30.1855,5417
2025-11-06 15:22,FNGU,30.17,30.19,30.16,30.19,1200
2025-11-06 15:23,FNGU,30.18,30.215,30.18,30.215,3257
2025-11-06 15:24,FNGU,30.19,30.19,30.15,30.175,4836
2025-11-06 15:25,FNGU,30.18,30.21,30.17,30.21,2999
2025-11-06 15:26,FNGU,30.2,30.23,30.2,30.21,2300
2025-11-06 15:27,FNGU,30.14,30.16,30.14,30.16,800
2025-11-06 15:28,FNGU,30.11,30.11,30.1,30.1,1168
2025-11-06 15:29,FNGU,30.09,30.09,30.01,30.03,17037
2025-11-06 15:30,FNGU,30.0317,30.1,30.0289,30.05,6315
2025-11-06 15:31,FNGU,30.045,30.045,29.98,30.0,9264
2025-11-06 15:32,FNGU,29.98,30.0,29.92,30.0,9036
2025-11-06 15:33,FNGU,30.0,30.03,30.0,30.02,1242
2025-11-06 15:34,FNGU,30.04,30.09,30.04,30.08,4600
2025-11-06 15:35,FNGU,30.07,30.095,30.07,30.095,2975
2025-11-06 15:36,FNGU,30.09,30.1,30.04,30.06,4326
2025-11-06 15:37,FNGU,30.06,30.08,30.04,30.05,22694
2025-11-06 15:38,FNGU,30.04,30.04,30.0,30.01,1521
2025-11-06 15:39,FNGU,30.03,30.03,29.97,29.97,9400
2025-11-06 15:40,FNGU,29.97,30.0,29.95,29.955,3988
2025-11-06 15:41,FNGU,29.95,29.955,29.92,29.93,21736
2025-11-06 15:42,FNGU,29.93,29.93,29.86,29.87,17362
2025-11-06 15:43,FNGU,29.865,29.875,29.84,29.865,20739
2025-11-06 15:44,FNGU,29.88,29.88,29.835,29.84,5200
2025-11-06 15:45,FNGU,29.835,29.86,29.8,29.83,12631
2025-11-06 15:46,FNGU,29.84,29.8599,29.72,29.73,11529
2025-11-06 15:47,FNGU,29.735,29.755,29.725,29.74,9436
2025-11-06 15:48,FNGU,29.7397,29.79,29.71,29.78,8075
2025-11-06 15:49,FNGU,29.74,29.76,29.71,29.71,4944
2025-11-06 15:50,FNGU,29.785,29.785,29.69,29.735,7558
2025-11-06 15:51,FNGU,29.755,29.755,29.72,29.74,5065
2025-11-06 15:52,FNGU,29.74,29.81,29.73,29.765,15291
2025-11-06 15:53,FNGU,29.765,29.765,29.6999,29.71,14152
2025-11-06 15:54,FNGU,29.705,29.74,29.585,29.59,20816
2025-11-06 15:55,FNGU,29.57,29.68,29.53,29.66,56237
2025-11-06 15:56,FNGU,29.645,29.645,29.64,29.64,300
2025-10-29 14:39,HIBL,66.56,66.56,66.56,66.56,100
2025-10-29 14:41,HIBL,66.62,66.62,66.62,66.62,100
2025-10-29 14:44,HIBL,66.7,66.755,66.57,66.57,500
2025-10-29 14:45,HIBL,66.78,67.07,66.77,67.07,309
2025-10-29 14:46,HIBL,66.88,66.89,66.85,66.88,1000
2025-10-29 14:47,HIBL,67.3,67.3,67.01,67.01,260
2025-10-29 14:48,HIBL,66.7,66.7,66.7,66.7,150
2025-10-29 14:49,HIBL,67.1,67.1,66.96,66.96,300
2025-10-29 14:50,HIBL,67.405,67.405,67.4,67.4,200
2025-10-29 14:51,HIBL,67.22,67.82,67.22,67.75,1200
2025-10-29 14:53,HIBL,67.695,67.695,67.695,67.695,100
2025-10-29 14:54,HIBL,67.65,67.97,67.65,67.97,410
2025-10-29 14:55,HIBL,67.81,67.85,67.81,67.85,508
2025-10-29 14:56,HIBL,67.81,67.81,67.81,67.81,625
2025-10-29 14:57,HIBL,67.75,67.78,67.75,67.78,200
2025-10-29 15:01,HIBL,67.9,67.9,67.9,67.9,100
2025-10-29 15:06,HIBL,67.95,67.96,67.92,67.92,398
2025-10-29 15:15,HIBL,67.66,67.66,67.66,67.66,186
2025-10-29 15:17,HIBL,67.6536,67.6536,67.6536,67.6536,100
2025-10-29 15:25,HIBL,67.65,67.77,67.65,67.77,230
2025-10-29 15:30,HIBL,67.27,67.27,67.27,67.27,100
2025-10-29 15:34,HIBL,67.0,67.0,66.94,66.94,200
2025-10-29 15:36,HIBL,66.83,66.86,66.83,66.83,1600
2025-10-29 15:37,HIBL,66.8,66.8,66.8,66.8,100
2025-10-29 15:39,HIBL,67.06,67.06,67.06,67.06,100
2025-10-29 15:40,HIBL,67.1415,67.1415,66.94,66.94,2100
2025-10-29 15:42,HIBL,66.81,66.81,66.7,66.7,200
2025-10-29 15:44,HIBL,66.9,66.95,66.9,66.95,743
2025-10-29 15:45,HIBL,67.22,67.23,67.22,67.23,270
2025-10-29 15:46,HIBL,67.04,67.04,66.98,66.98,200
2025-10-29 15:47,HIBL,66.9,66.9,66.9,66.9,100
2025-10-29 15:49,HIBL,67.26,67.26,67.26,67.26,100
2025-10-29 15:50,HIBL,67.46,67.471,67.451,67.46,1900
2025-10-29 15:52,HIBL,67.42,67.42,67.42,67.42,149
2025-10-29 15:55,HIBL,67.365,67.39,67.3328,67.38,1861
2025-10-29 15:56,HIBL,67.25,67.285,67.25,67.285,720
2025-10-29 15:57,HIBL,67.295,67.295,67.16,67.16,544
2025-10-29 15:59,HIBL,67.175,67.205,67.16,67.205,431
2025-10-29 16:00,HIBL,67.35,67.35,67.35,67.35,218
2025-10-29 19:24,HIBL,67.0,67.0,67.0,67.0,1000
2025-10-30 09:30,HIBL,66.26,66.26,65.4536,65.77,7390
2025-10-30 09:32,HIBL,66.08,66.08,66.07,66.07,660
2025-10-30 09:33,HIBL,65.995,65.995,65.995,65.995,247
2025-10-30 09:35,HIBL,66.13,66.13,66.13,66.13,134
2025-10-30 09:36,HIBL,66.03,66.14,66.03,66.14,428
2025-10-30 09:39,HIBL,66.14,66.14,65.9479,65.9479,815
2025-10-30 09:44,HIBL,66.1438,66.52,66.1438,66.52,462
2025-10-30 09:45,HIBL,66.45,66.45,66.45,66.45,100
2025-10-30 09:46,HIBL,66.76,66.76,66.76,66.76,169
2025-10-30 09:51,HIBL,67.5043,67.5043,67.5043,67.5043,190
2025-10-30 09:52,HIBL,67.62,67.62,67.62,67.62,100
2025-10-30 09:53,HIBL,67.52,67.52,67.28,67.28,319
2025-10-30 09:55,HIBL,67.42,67.42,67.31,67.31,417
2025-10-30 09:58,HIBL,67.4452,67.4452,67.4452,67.4452,700
2025-10-30 10:04,HIBL,67.01,67.23,67.01,67.23,700
2025-10-30 10:06,HIBL,67.28,67.32,67.02,67.02,5253
2025-10-30 10:07,HIBL,67.21,67.21,67.205,67.205,200
2025-10-30 10:12,HIBL,67.15,67.15,67.15,67.15,200
2025-10-30 10:14,HIBL,66.96,66.96,66.96,66.96,165
2025-10-30 10:15,HIBL,66.84,66.84,66.84,66.84,100
2025-10-30 10:33,HIBL,67.23,67.24,67.23,67.24,200
2025-10-30 10:45,HIBL,67.39,67.39,67.39,67.39,287
2025-10-30 10:54,HIBL,66.41,66.41,66.32,66.32,302
2025-10-30 11:02,HIBL,67.1,67.1,67.1,67.1,100
2025-10-30 11:03,HIBL,67.28,67.28,67.25,67.25,2450
2025-10-30 11:25,HIBL,67.4499,67.4499,67.36,67.41,1265
2025-10-30 11:40,HIBL,66.86,66.86,66.86,66.86,100
2025-10-30 11:55,HIBL,66.77,66.77,66.77,66.77,130
2025-10-30 12:06,HIBL,67.0192,67.0192,67.0192,67.0192,268
2025-10-30 12:13,HIBL,67.3252,67.3252,67.3252,67.3252,1500
2025-10-30 12:25,HIBL,67.18,67.18,67.18,67.18,114
2025-10-30 12:36,HIBL,66.86,66.88,66.86,66.87,400
2025-10-30 12:45,HIBL,67.32,67.32,67.32,67.32,100
2025-10-30 12:54,HIBL,67.29,67.29,67.29,67.29,100
2025-10-30 13:06,HIBL,66.63,66.63,66.63,66.63,191
2025-10-30 13:20,HIBL,66.91,66.91,66.91,66.91,150
2025-10-30 13:25,HIBL,67.21,67.21,67.21,67.21,168
2025-10-30 13:42,HIBL,66.93,66.93,66.93,66.93,560
2025-10-30 14:01,HIBL,67.15,67.15,67.15,67.15,400
2025-10-30 14:05,HIBL,66.98,66.98,66.98,66.98,159
2025-10-30 14:15,HIBL,66.43,66.43,66.43,66.43,183
2025-10-30 14:35,HIBL,66.48,66.48,66.48,66.48,371
2025-10-30 14:45,HIBL,66.48,66.48,66.48,66.48,250
2025-10-30 14:55,HIBL,66.53,66.53,66.48,66.48,470
2025-10-30 14:57,HIBL,66.27,66.27,66.26,66.26,600
2025-10-30 15:01,HIBL,66.22,66.22,66.2,66.2,500
2025-10-30 15:06,HIBL,66.1,66.1,66.1,66.1,114
2025-10-30 15:16,HIBL,65.93,65.93,65.93,65.93,100
2025-10-30 15:20,HIBL,65.75,65.75,65.75,65.75,200
2025-10-30 15:22,HIBL,65.4,65.4,65.4,65.4,103
2025-10-30 15:33,HIBL,65.85,65.85,65.85,65.85,100
2025-10-30 15:35,HIBL,65.6,65.6,65.6,65.6,181
2025-10-30 15:43,HIBL,65.4492,65.4492,65.4492,65.4492,278
2025-10-30 15:44,HIBL,65.38,65.38,65.38,65.38,265
2025-10-30 15:45,HIBL,65.35,65.38,65.35,65.38,508
2025-10-30 15:52,HIBL,65.605,65.605,65.56,65.56,500
2025-10-30 15:53,HIBL,65.5,65.5,65.5,65.5,133
2025-10-30 15:54,HIBL,65.405,65.41,65.405,65.4099,300
2025-10-30 15:55,HIBL,65.21,65.25,65.19,65.19,7139
2025-10-30 15:56,HIBL,65.15,65.16,65.115,65.115,1488
2025-10-30 15:57,HIBL,65.08,65.08,64.92,64.9274,1432
2025-10-30 15:59,HIBL,64.94,64.95,64.92,64.92,425
2025-10-30 16:00,HIBL,65.01,65.08,65.01,65.08,273
2025-10-31 09:30,HIBL,66.48,66.48,66.48,66.48,416
2025-10-31 09:34,HIBL,66.47,66.47,66.47,66.47,663
2025-10-31 09:35,HIBL,66.47,66.47,66.47,66.47,154
2025-10-31 09:36,HIBL,66.78,66.78,66.69,66.75,800
2025-10-31 09:37,HIBL,66.62,66.62,66.62,66.62,281
2025-10-31 09:39,HIBL,66.7046,66.7046,66.6445,66.6445,554
2025-10-31 09:43,HIBL,66.25,66.49,66.25,66.49,270
2025-10-31 09:45,HIBL,66.25,66.25,66.25,66.25,309
2025-10-31 09:48,HIBL,66.385,66.385,66.385,66.385,275
2025-10-31 09:55,HIBL,66.66,66.7,66.66,66.7,700
2025-10-31 09:56,HIBL,66.77,66.77,66.77,66.77,168
2025-10-31 09:57,HIBL,66.56,66.56,66.56,66.56,100
2025-10-31 10:00,HIBL,66.51,66.51,66.51,66.51,200
2025-10-31 10:05,HIBL,66.51,66.51,66.51,66.51,286
2025-10-31 10:06,HIBL,66.76,66.76,66.76,66.76,496
2025-10-31 10:08,HIBL,66.95,67.02,66.95,67.02,220
2025-10-31 10:10,HIBL,66.82,66.9,66.82,66.9,1219
2025-10-31 10:11,HIBL,66.9,66.9,66.86,66.86,1763
2025-10-31 10:13,HIBL,66.86,66.86,66.86,66.86,100
2025-10-31 10:14,HIBL,67.07,67.07,67.07,67.07,426
2025-10-31 10:15,HIBL,67.13,67.13,67.13,67.13,122
2025-10-31 10:25,HIBL,66.9,67.0,66.9,67.0,484
2025-10-31 10:26,HIBL,67.03,67.03,67.03,67.03,246
2025-10-31 10:34,HIBL,67.08,67.08,67.08,67.08,174
2025-10-31 10:37,HIBL,67.1,67.1,67.09,67.09,308
2025-10-31 10:44,HIBL,67.31,67.31,67.31,67.31,123
2025-10-31 10:45,HIBL,67.35,67.45,67.35,67.45,1069
2025-10-31 10:50,HIBL,67.15,67.15,67.15,67.15,173
2025-10-31 10:52,HIBL,67.3,67.3,67.3,67.3,100
2025-10-31 11:35,HIBL,66.9,66.9,66.9,66.9,237
2025-10-31 11:44,HIBL,66.25,66.51,66.25,66.51,600
2025-10-31 11:45,HIBL,66.585,66.91,66.585,66.76,1194
2025-10-31 11:46,HIBL,66.8,66.8,66.8,66.8,300
2025-10-31 11:55,HIBL,66.1801,66.1801,66.12,66.12,1325
2025-10-31 11:57,HIBL,66.06,66.06,66.06,66.06,100
2025-10-31 11:59,HIBL,66.0051,66.0051,66.0051,66.0051,238
2025-10-31 12:02,HIBL,65.79,65.79,65.71,65.71,200
2025-10-31 12:04,HIBL,65.85,65.85,65.85,65.85,125
2025-10-31 12:05,HIBL,65.84,65.84,65.84,65.84,223
2025-10-31 12:14,HIBL,65.42,65.42,65.42,65.42,576
2025-10-31 12:15,HIBL,65.44,65.44,65.44,65.44,596
2025-10-31 12:17,HIBL,65.22,65.22,65.212,65.22,800
2025-10-31 12:19,HIBL,65.2485,65.2485,65.2485,65.2485,475
2025-10-31 12:26,HIBL,65.78,65.78,65.78,65.78,202
2025-10-31 12:33,HIBL,65.76,65.76,65.76,65.76,100
2025-10-31 12:35,HIBL,65.66,65.66,65.66,65.66,100
2025-10-31 12:42,HIBL,65.1,65.1,65.1,65.1,348
2025-10-31 12:45,HIBL,65.26,65.26,65.22,65.22,291
2025-10-31 12:54,HIBL,65.35,65.35,65.335,65.335,300
2025-10-31 12:55,HIBL,65.24,65.24,65.24,65.24,240
2025-10-31 13:02,HIBL,65.1201,65.1201,65.1201,65.1201,350
2025-10-31 13:06,HIBL,65.0,65.0,65.0,65.0,100
2025-10-31 13:15,HIBL,64.9,64.9,64.9,64.9,600
2025-10-31 13:30,HIBL,65.25,65.25,65.25,65.25,200
2025-10-31 13:35,HIBL,65.179,65.179,65.179,65.179,100
2025-10-31 13:36,HIBL,65.15,65.15,65.15,65.15,639
2025-10-31 13:42,HIBL,64.96,64.96,64.96,64.96,400
2025-10-31 13:44,HIBL,65.22,65.22,65.22,65.22,1772
2025-10-31 13:45,HIBL,65.33,65.33,65.33,65.33,100
2025-10-31 13:55,HIBL,65.32,65.32,65.32,65.32,100
2025-10-31 14:01,HIBL,65.49,65.49,65.49,65.49,300
2025-10-31 14:08,HIBL,65.655,65.655,65.655,65.655,410
2025-10-31 14:15,HIBL,65.8055,65.8055,65.7,65.7,435
2025-10-31 14:25,HIBL,65.98,65.98,65.98,65.98,100
2025-10-31 14:26,HIBL,65.96,65.96,65.96,65.96,284
2025-10-31 14:29,HIBL,66.065,66.065,66.065,66.065,800
2025-10-31 14:30,HIBL,66.1,66.1,66.1,66.1,100
2025-10-31 14:35,HIBL,66.0,66.0,66.0,66.0,200
2025-10-31 14:46,HIBL,66.09,66.09,66.09,66.09,203
2025-10-31 14:47,HIBL,66.13,66.13,66.13,66.13,200
2025-10-31 14:49,HIBL,66.0,66.0,66.0,66.0,153
2025-10-31 14:55,HIBL,65.88,65.9,65.88,65.9,507
2025-10-31 14:59,HIBL,66.339,66.339,66.339,66.339,112
2025-10-31 15:16,HIBL,66.45,66.45,66.45,66.45,626
2025-10-31 15:17,HIBL,66.54,66.54,66.54,66.54,156
2025-10-31 15:24,HIBL,66.85,66.85,66.85,66.85,246
2025-10-31 15:28,HIBL,66.87,66.87,66.87,66.87,100
2025-10-31 15:32,HIBL,66.985,67.03,66.985,67.03,800
2025-10-31 15:33,HIBL,67.0336,67.0336,67.0336,67.0336,200
2025-10-31 15:34,HIBL,67.1,67.1,67.1,67.1,500
2025-10-31 15:36,HIBL,67.02,67.02,67.02,67.02,100
2025-10-31 15:37,HIBL,66.9679,66.9679,66.9679,66.9679,325
2025-10-31 15:39,HIBL,66.93,66.93,66.93,66.93,100
2025-10-31 15:40,HIBL,66.87,66.87,66.87,66.87,100
2025-10-31 15:45,HIBL,66.87,66.87,66.84,66.84,651
2025-10-31 15:46,HIBL,66.82,66.82,66.82,66.82,536
2025-10-31 15:48,HIBL,66.75,66.8,66.75,66.8,2078
2025-10-31 15:49,HIBL,66.66,66.68,66.66,66.68,350
2025-10-31 15:50,HIBL,66.74,66.74,66.73,66.74,400
2025-10-31 15:51,HIBL,66.8,66.8,66.76,66.76,200
2025-10-31 15:54,HIBL,66.6,66.6,66.545,66.545,200
2025-10-31 15:55,HIBL,66.46,66.46,66.4521,66.4521,449
2025-10-31 15:59,HIBL,66.25,66.25,66.22,66.22,377
2025-10-31 16:00,HIBL,66.31,66.31,66.31,66.31,155
2025-11-03 09:29,HIBL,67.11,67.11,67.11,67.11,100
2025-11-03 09:30,HIBL,67.39,67.39,67.1581,67.1581,635
2025-11-03 09:34,HIBL,66.33,66.33,66.33,66.33,431
2025-11-03 09:35,HIBL,66.28,66.28,66.195,66.195,200
2025-11-03 09:40,HIBL,66.3856,66.3856,66.3856,66.3856,200
2025-11-03 09:41,HIBL,66.2085,66.2085,66.2085,66.2085,2575
2025-11-03 09:44,HIBL,66.0879,66.0879,66.0879,66.0879,100
2025-11-03 09:45,HIBL,66.21,66.21,66.21,66.21,100
2025-11-03 09:46,HIBL,66.1885,66.1885,66.1885,66.1885,620
2025-11-03 09:47,HIBL,66.4,66.4,66.4,66.4,100
2025-11-03 09:48,HIBL,66.405,66.405,66.405,66.405,800
2025-11-03 09:50,HIBL,66.138,66.138,66.138,66.138,200
2025-11-03 09:58,HIBL,66.0762,66.0762,66.0762,66.0762,100
2025-11-03 09:59,HIBL,66.2,66.2,66.2,66.2,100
2025-11-03 10:08,HIBL,66.01,66.06,65.95,66.04,1816
2025-11-03 10:10,HIBL,65.91,65.91,65.8875,65.895,805
2025-11-03 10:14,HIBL,65.765,65.765,65.765,65.765,200
2025-11-03 10:15,HIBL,65.625,65.625,65.62,65.62,297
2025-11-03 10:19,HIBL,65.5,65.5,65.5,65.5,400
2025-11-03 10:30,HIBL,64.68,64.68,64.62,64.62,444
2025-11-03 10:31,HIBL,64.5746,64.5746,64.5746,64.5746,100
2025-11-03 10:33,HIBL,64.56,64.56,64.56,64.56,100
2025-11-03 10:34,HIBL,64.4901,64.4901,64.4901,64.4901,150
2025-11-03 10:37,HIBL,64.69,64.69,64.69,64.69,300
2025-11-03 10:38,HIBL,64.91,64.91,64.91,64.91,102
2025-11-03 10:40,HIBL,65.16,65.16,65.15,65.15,229
2025-11-03 10:41,HIBL,65.2991,65.2991,65.1915,65.1915,900
2025-11-03 10:42,HIBL,65.246,65.28,65.246,65.27,700
2025-11-03 10:44,HIBL,65.45,65.45,65.44,65.44,232
2025-11-03 10:46,HIBL,65.27,65.27,65.27,65.27,300
2025-11-03 10:54,HIBL,65.77,65.77,65.77,65.77,101
2025-11-03 10:56,HIBL,65.985,65.985,65.985,65.985,100
2025-11-03 10:57,HIBL,65.88,65.88,65.88,65.88,100
2025-11-03 11:01,HIBL,66.1195,66.1195,66.1195,66.1195,152
2025-11-03 11:05,HIBL,66.06,66.06,66.03,66.05,307
2025-11-03 11:15,HIBL,66.2,66.2,66.2,66.2,128
2025-11-03 11:16,HIBL,66.18,66.18,66.17,66.17,209
2025-11-03 11:45,HIBL,66.1234,66.1234,66.1234,66.1234,112
2025-11-03 12:04,HIBL,66.17,66.17,66.17,66.17,101
2025-11-03 12:09,HIBL,66.4,66.4,66.4,66.4,100
2025-11-03 12:13,HIBL,66.5,66.52,66.5,66.52,300
2025-11-03 12:20,HIBL,66.5,66.5,66.5,66.5,100
2025-11-03 12:21,HIBL,66.57,66.57,66.57,66.57,100
2025-11-03 12:24,HIBL,66.41,66.41,66.41,66.41,100
2025-11-03 12:37,HIBL,66.61,66.61,66.61,66.61,100
2025-11-03 12:45,HIBL,66.56,66.56,66.56,66.56,112
2025-11-03 12:56,HIBL,66.55,66.55,66.55,66.55,100
2025-11-03 13:05,HIBL,66.61,66.61,66.61,66.61,135
2025-11-03 13:27,HIBL,66.3376,66.3376,66.3376,66.3376,2490
2025-11-03 13:34,HIBL,66.4515,66.4515,66.4515,66.4515,367
2025-11-03 14:00,HIBL,66.4125,66.4125,66.4125,66.4125,200
2025-11-03 14:04,HIBL,66.325,66.34,66.25,66.26,1000
2025-11-03 14:25,HIBL,66.53,66.53,66.4801,66.4801,930
2025-11-03 14:50,HIBL,66.64,66.64,66.64,66.64,100
2025-11-03 14:54,HIBL,66.734,66.739,66.674,66.674,2200
2025-11-03 14:56,HIBL,66.7299,66.7299,66.64,66.64,3108
2025-11-03 15:00,HIBL,66.64,66.64,66.64,66.64,989
2025-11-03 15:08,HIBL,66.49,66.49,66.42,66.49,752
2025-11-03 15:14,HIBL,66.56,66.56,66.56,66.56,751
2025-11-03 15:22,HIBL,66.53,66.53,66.53,66.53,723
2025-11-03 15:26,HIBL,66.46,66.46,66.46,66.46,631
2025-11-03 15:28,HIBL,66.47,66.47,66.47,66.47,100
2025-11-03 15:45,HIBL,66.53,66.53,66.53,66.53,149
2025-11-03 15:47,HIBL,66.33,66.33,66.33,66.33,100
2025-11-03 15:48,HIBL,66.235,66.235,66.2,66.2,200
2025-11-03 15:49,HIBL,66.21,66.21,66.21,66.21,400
2025-11-03 15:53,HIBL,66.44,66.44,66.44,66.44,200
2025-11-03 15:55,HIBL,66.36,66.36,66.36,66.36,100
2025-11-03 15:56,HIBL,66.3001,66.3001,66.3001,66.3001,370
2025-11-03 15:57,HIBL,66.392,66.392,66.2701,66.2701,856
2025-11-03 15:58,HIBL,66.3,66.3,66.3,66.3,160
2025-11-03 15:59,HIBL,66.32,66.32,66.3,66.3,200
2025-11-03 16:00,HIBL,66.43,66.43,66.43,66.43,130
2025-11-03 19:15,HIBL,68.728,68.728,68.728,68.728,100
2025-11-04 07:00,HIBL,63.0,63.0,63.0,63.0,100
2025-11-04 09:29,HIBL,62.27,62.38,62.25,62.38,1602
2025-11-04 09:30,HIBL,63.03,63.03,61.83,61.8745,5405
2025-11-04 09:32,HIBL,62.1,62.1,62.1,62.1,100
2025-11-04 09:33,HIBL,61.72,61.72,61.72,61.72,100
2025-11-04 09:34,HIBL,61.4925,61.4925,61.4925,61.4925,230
2025-11-04 09:35,HIBL,61.46,61.5,61.25,61.25,453
2025-11-04 09:36,HIBL,61.37,61.45,61.37,61.45,300
2025-11-04 09:37,HIBL,61.5,61.5,61.5,61.5,100
2025-11-04 09:38,HIBL,61.5,61.5,61.4445,61.4445,735
2025-11-04 09:39,HIBL,61.5764,61.74,61.51,61.7223,1111
2025-11-04 09:40,HIBL,61.602,61.602,61.52,61.52,934
2025-11-04 09:41,HIBL,61.81,61.94,61.7701,61.94,4100
2025-11-04 09:42,HIBL,62.13,62.14,62.13,62.14,300
2025-11-04 09:43,HIBL,62.1683,62.25,62.165,62.25,1700
2025-11-04 09:44,HIBL,62.29,62.29,62.29,62.29,600
2025-11-04 09:47,HIBL,62.5,62.5,62.3899,62.3899,511
2025-11-04 09:48,HIBL,62.345,62.7,62.315,62.7,1200
2025-11-04 09:49,HIBL,62.75,62.75,62.75,62.75,100
2025-11-04 09:50,HIBL,62.53,62.6429,62.4965,62.6429,590
2025-11-04 09:52,HIBL,62.76,62.76,62.76,62.76,221
2025-11-04 09:58,HIBL,63.1128,63.1128,63.1128,63.1128,800
2025-11-04 10:00,HIBL,63.24,63.24,63.24,63.24,100
2025-11-04 10:01,HIBL,63.11,63.17,63.11,63.17,800
2025-11-04 10:02,HIBL,63.14,63.14,63.14,63.14,100
2025-11-04 10:03,HIBL,63.12,63.12,62.96,62.998,1567
2025-11-04 10:04,HIBL,63.1299,63.1299,63.09,63.11,900
2025-11-04 10:05,HIBL,62.89,62.89,62.7339,62.7339,2197
2025-11-04 10:08,HIBL,62.62,62.62,62.57,62.57,200
2025-11-04 10:09,HIBL,62.66,62.67,62.66,62.67,200
2025-11-04 10:10,HIBL,62.74,62.82,62.74,62.82,200
2025-11-04 10:12,HIBL,62.87,62.9999,62.87,62.9999,222
2025-11-04 10:13,HIBL,63.1999,63.1999,63.1999,63.1999,184
2025-11-04 10:19,HIBL,63.003,63.24,63.003,63.24,300
2025-11-04 10:27,HIBL,63.44,63.44,63.4,63.42,400
2025-11-04 10:40,HIBL,63.3,63.3,63.3,63.3,100
2025-11-04 10:43,HIBL,63.15,63.15,63.15,63.15,200
2025-11-04 10:49,HIBL,62.74,62.74,62.74,62.74,100
2025-11-04 10:53,HIBL,62.52,62.52,62.52,62.52,100
2025-11-04 10:58,HIBL,62.4601,62.4601,62.4601,62.4601,200
2025-11-04 11:03,HIBL,62.54,62.54,62.54,62.54,100
2025-11-04 11:05,HIBL,62.44,62.44,62.44,62.44,400
2025-11-04 11:10,HIBL,62.27,62.27,62.16,62.16,871
2025-11-04 11:11,HIBL,62.13,62.13,62.13,62.13,100
2025-11-04 11:12,HIBL,62.2,62.2,62.2,62.2,100
2025-11-04 11:13,HIBL,62.2,62.2,62.2,62.2,100
2025-11-04 11:26,HIBL,62.0,62.0,62.0,62.0,300
2025-11-04 11:42,HIBL,62.475,62.475,62.475,62.475,130
2025-11-04 11:54,HIBL,62.36,62.36,62.36,62.36,300
2025-11-04 11:56,HIBL,62.19,62.19,62.19,62.19,100
2025-11-04 11:57,HIBL,62.12,62.25,62.12,62.25,900
2025-11-04 12:05,HIBL,62.17,62.17,62.17,62.17,100
2025-11-04 12:11,HIBL,61.9,61.9,61.9,61.9,200
2025-11-04 12:19,HIBL,61.61,61.61,61.61,61.61,100
2025-11-04 12:20,HIBL,61.5,61.5,61.5,61.5,100
2025-11-04 12:26,HIBL,62.19,62.22,62.19,62.22,526
2025-11-04 12:38,HIBL,61.9191,61.9191,61.9191,61.9191,215
2025-11-04 12:40,HIBL,61.75,61.75,61.75,61.75,1000
2025-11-04 12:42,HIBL,61.65,61.65,61.65,61.65,100
2025-11-04 12:52,HIBL,61.855,61.855,61.855,61.855,600
2025-11-04 12:53,HIBL,61.755,61.755,61.755,61.755,800
2025-11-04 12:54,HIBL,61.6385,61.6385,61.6385,61.6385,300
2025-11-04 13:11,HIBL,61.28,61.28,61.23,61.23,295
2025-11-04 13:18,HIBL,61.2,61.2,61.2,61.2,150
2025-11-04 13:19,HIBL,61.17,61.17,61.1,61.1,477
2025-11-04 13:20,HIBL,61.026,61.026,61.0,61.0,334
2025-11-04 13:21,HIBL,60.965,61.31,60.965,61.31,250
2025-11-04 13:24,HIBL,61.36,61.36,61.36,61.36,100
2025-11-04 13:25,HIBL,61.22,61.22,61.22,61.22,1000
2025-11-04 13:30,HIBL,61.0301,61.0301,61.0301,61.0301,100
2025-11-04 13:32,HIBL,61.1427,61.1427,61.1427,61.1427,980
2025-11-04 13:33,HIBL,61.0,61.0,61.0,61.0,176
2025-11-04 13:38,HIBL,60.8401,60.8401,60.8401,60.8401,100
2025-11-04 13:39,HIBL,60.8,60.8,60.79,60.79,820
2025-11-04 13:43,HIBL,61.0143,61.0143,61.0143,61.0143,400
2025-11-04 13:45,HIBL,61.1799,61.1799,61.1799,61.1799,100
2025-11-04 13:48,HIBL,61.09,61.095,61.09,61.095,200
2025-11-04 13:53,HIBL,61.18,61.18,61.18,61.18,100
2025-11-04 14:01,HIBL,61.265,61.3,61.265,61.3,255
2025-11-04 14:10,HIBL,60.918,60.918,60.918,60.918,100
2025-11-04 14:19,HIBL,61.1,61.1,61.1,61.1,100
2025-11-04 14:32,HIBL,61.0,61.0,61.0,61.0,200
2025-11-04 14:37,HIBL,60.92,60.92,60.92,60.92,100
2025-11-04 14:41,HIBL,60.67,60.67,60.65,60.65,200
2025-11-04 14:44,HIBL,60.53,60.54,60.53,60.54,361
2025-11-04 14:45,HIBL,60.5,60.5,60.5,60.5,792
2025-11-04 14:48,HIBL,60.5,60.5,60.5,60.5,200
2025-11-04 14:50,HIBL,60.4211,60.4211,60.4211,60.4211,200
2025-11-04 14:51,HIBL,60.5289,60.5289,60.5289,60.5289,100
2025-11-04 14:55,HIBL,60.59,60.59,60.59,60.59,100
2025-11-04 14:56,HIBL,60.57,60.57,60.57,60.57,100
2025-11-04 15:00,HIBL,60.589,60.589,60.5295,60.5295,700
2025-11-04 15:10,HIBL,60.535,60.535,60.535,60.535,300
2025-11-04 15:14,HIBL,60.89,60.89,60.89,60.89,200
2025-11-04 15:22,HIBL,60.54,60.54,60.54,60.54,200
2025-11-04 15:24,HIBL,60.49,60.49,60.49,60.49,100
2025-11-04 15:27,HIBL,60.61,60.61,60.61,60.61,200
2025-11-04 15:33,HIBL,60.58,60.62,60.58,60.62,200
2025-11-04 15:34,HIBL,60.56,60.56,60.56,60.56,100
2025-11-04 15:45,HIBL,60.81,60.81,60.775,60.775,464
2025-11-04 15:49,HIBL,60.6315,60.6315,60.56,60.56,752
2025-11-04 15:50,HIBL,60.35,60.3662,60.35,60.36,800
2025-11-04 15:52,HIBL,60.39,60.46,60.39,60.46,381
2025-11-04 15:54,HIBL,60.4,60.4,60.35,60.35,400
2025-11-04 15:55,HIBL,60.36,60.4,60.1,60.1,3720
2025-11-04 15:56,HIBL,60.04,60.05,60.04,60.05,226
2025-11-04 15:57,HIBL,60.16,60.16,60.16,60.16,106
2025-11-04 15:58,HIBL,60.145,60.145,60.145,60.145,100
2025-11-04 15:59,HIBL,60.22,60.22,60.147,60.16,1300
2025-11-04 16:00,HIBL,60.16,60.16,60.16,60.16,498
2025-11-04 16:13,HIBL,60.0,60.0,60.0,60.0,100
2025-11-04 16:45,HIBL,59.97,59.97,59.97,59.97,250
2025-11-04 17:26,HIBL,60.97,60.97,60.97,60.97,155
2025-11-05 09:03,HIBL,60.25,60.25,60.25,60.25,100
2025-11-05 09:24,HIBL,60.11,60.11,60.11,60.11,100
2025-11-05 09:30,HIBL,60.29,60.29,60.29,60.29,1024
2025-11-05 09:31,HIBL,60.6,60.6,60.6,60.6,294
2025-11-05 09:32,HIBL,60.75,60.77,60.75,60.755,595
2025-11-05 09:33,HIBL,60.88,61.079,60.88,61.079,600
2025-11-05 09:34,HIBL,61.005,61.09,61.005,61.09,300
2025-11-05 09:35,HIBL,60.79,60.79,60.79,60.79,100
2025-11-05 09:41,HIBL,60.659,60.659,60.659,60.659,100
2025-11-05 09:57,HIBL,62.131,62.131,62.131,62.131,131
2025-11-05 10:01,HIBL,61.6977,61.6977,61.6977,61.6977,190
2025-11-05 10:02,HIBL,61.72,61.72,61.72,61.72,100
2025-11-05 10:06,HIBL,62.0888,62.0888,62.0888,62.0888,379
2025-11-05 10:12,HIBL,61.7,61.7,61.7,61.7,100
2025-11-05 10:13,HIBL,61.733,61.733,61.733,61.733,162
2025-11-05 10:14,HIBL,61.5776,61.5776,61.5776,61.5776,129
2025-11-05 10:16,HIBL,61.4,61.4,61.4,61.4,100
2025-11-05 10:18,HIBL,61.528,61.6,61.528,61.6,370
2025-11-05 10:21,HIBL,61.23,61.23,61.17,61.17,1600
2025-11-05 10:23,HIBL,61.4588,61.4588,61.4588,61.4588,160
2025-11-05 10:29,HIBL,62.04,62.04,62.04,62.04,500
2025-11-05 10:32,HIBL,61.7047,61.7047,61.7047,61.7047,1886
2025-11-05 10:33,HIBL,61.81,61.8684,61.81,61.8684,1100
2025-11-05 10:36,HIBL,61.745,61.745,61.745,61.745,100
2025-11-05 10:44,HIBL,62.1115,62.1115,62.06,62.06,200
2025-11-05 10:47,HIBL,62.19,62.2,62.19,62.2,200
2025-11-05 10:55,HIBL,62.01,62.01,62.01,62.01,300
2025-11-05 10:56,HIBL,62.0,62.0,62.0,62.0,100
2025-11-05 11:07,HIBL,62.165,62.3,62.165,62.21,2065
2025-11-05 11:12,HIBL,62.01,62.01,62.01,62.01,100
2025-11-05 11:24,HIBL,62.08,62.08,62.08,62.08,528
2025-11-05 11:26,HIBL,62.27,62.285,62.27,62.285,242
2025-11-05 11:28,HIBL,62.27,62.27,62.255,62.255,1400
2025-11-05 11:30,HIBL,62.3236,62.33,62.3236,62.33,386
2025-11-05 11:33,HIBL,62.39,62.39,62.39,62.39,1300
2025-11-05 11:35,HIBL,62.3,62.3,62.3,62.3,200
2025-11-05 11:40,HIBL,62.5,62.5,62.5,62.5,121
2025-11-05 11:46,HIBL,62.8399,62.8399,62.8399,62.8399,1100
2025-11-05 11:56,HIBL,63.19,63.2199,63.19,63.2199,527
2025-11-05 11:57,HIBL,63.17,63.17,63.17,63.17,100
2025-11-05 12:02,HIBL,63.19,63.2112,63.18,63.2112,1648
2025-11-05 12:08,HIBL,62.99,62.99,62.99,62.99,100
2025-11-05 12:11,HIBL,63.11,63.11,63.11,63.11,200
2025-11-05 12:17,HIBL,63.04,63.04,63.04,63.04,2545
2025-11-05 12:18,HIBL,63.06,63.06,63.06,63.06,100
2025-11-05 12:22,HIBL,63.32,63.32,63.32,63.32,100
2025-11-05 12:27,HIBL,63.44,63.46,63.44,63.46,300
2025-11-05 12:32,HIBL,63.54,63.54,63.54,63.54,603
2025-11-05 12:35,HIBL,63.6,63.6,63.59,63.59,200
2025-11-05 12:38,HIBL,63.73,63.73,63.725,63.725,238
2025-11-05 12:39,HIBL,63.7197,63.7197,63.7197,63.7197,300
2025-11-05 12:49,HIBL,63.57,63.57,63.57,63.57,300
2025-11-05 12:50,HIBL,63.61,63.61,63.61,63.61,100
2025-11-05 13:24,HIBL,63.82,63.82,63.82,63.82,124
2025-11-05 13:25,HIBL,63.88,63.91,63.88,63.91,200
2025-11-05 13:26,HIBL,63.899,63.899,63.899,63.899,200
2025-11-05 13:28,HIBL,63.91,63.91,63.91,63.91,198
2025-11-05 13:34,HIBL,64.028,64.03,64.028,64.03,800
2025-11-05 13:36,HIBL,64.1,64.105,64.1,64.105,450
2025-11-05 13:38,HIBL,64.16,64.18,64.16,64.18,706
2025-11-05 13:41,HIBL,64.1894,64.1894,64.1894,64.1894,200
2025-11-05 13:43,HIBL,64.1595,64.185,64.1595,64.185,488
2025-11-05 13:44,HIBL,64.15,64.15,64.15,64.15,240
2025-11-05 13:45,HIBL,64.1422,64.15,64.1422,64.15,209
2025-11-05 13:49,HIBL,64.22,64.22,64.182,64.182,600
2025-11-05 13:51,HIBL,64.2486,64.2486,64.2486,64.2486,150
2025-11-05 13:52,HIBL,64.31,64.31,64.31,64.31,400
2025-11-05 13:55,HIBL,64.2507,64.2507,64.2507,64.2507,110
2025-11-05 13:56,HIBL,64.2601,64.2601,64.2601,64.2601,600
2025-11-05 14:00,HIBL,64.23,64.23,64.205,64.205,200
2025-11-05 14:11,HIBL,64.0095,64.065,64.0095,64.065,785
2025-11-05 14:12,HIBL,64.1156,64.1156,64.1156,64.1156,400
2025-11-05 14:13,HIBL,64.1536,64.1536,64.1536,64.1536,110
2025-11-05 14:23,HIBL,64.285,64.285,64.285,64.285,200
2025-11-05 14:35,HIBL,64.35,64.35,64.35,64.35,100
2025-11-05 14:38,HIBL,64.3881,64.3881,64.3881,64.3881,155
2025-11-05 14:53,HIBL,64.38,64.38,64.38,64.38,100
2025-11-05 14:55,HIBL,64.43,64.43,64.43,64.43,100
2025-11-05 14:57,HIBL,64.44,64.45,64.44,64.45,200
2025-11-05 15:03,HIBL,64.45,64.45,64.45,64.45,100
2025-11-05 15:05,HIBL,64.41,64.41,64.41,64.41,100
2025-11-05 15:08,HIBL,64.465,64.465,64.465,64.465,250
2025-11-05 15:09,HIBL,64.5,64.5,64.495,64.495,421
2025-11-05 15:15,HIBL,64.6122,64.6122,64.5951,64.605,726
2025-11-05 15:29,HIBL,64.4,64.4,64.34,64.34,262
2025-11-05 15:31,HIBL,64.36,64.36,64.24,64.24,466
2025-11-05 15:33,HIBL,64.26,64.26,64.26,64.26,100
2025-11-05 15:34,HIBL,64.2001,64.2001,64.2001,64.2001,127
2025-11-05 15:35,HIBL,64.3,64.3,64.245,64.245,200
2025-11-05 15:36,HIBL,64.22,64.22,64.22,64.22,100
2025-11-05 15:38,HIBL,64.25,64.25,64.25,64.25,155
2025-11-05 15:39,HIBL,64.34,64.34,64.34,64.34,200
2025-11-05 15:40,HIBL,64.41,64.41,64.38,64.38,200
2025-11-05 15:41,HIBL,64.36,64.37,64.36,64.37,200
2025-11-05 15:42,HIBL,64.34,64.34,64.34,64.34,100
2025-11-05 15:43,HIBL,64.28,64.28,64.215,64.215,200
2025-11-05 15:44,HIBL,64.13,64.13,64.13,64.13,200
2025-11-05 15:45,HIBL,64.22,64.22,64.22,64.22,264
2025-11-05 15:46,HIBL,64.21,64.21,64.17,64.17,200
2025-11-05 15:47,HIBL,64.08,64.08,64.08,64.08,100
2025-11-05 15:48,HIBL,64.04,64.08,64.04,64.08,200
2025-11-05 15:49,HIBL,63.98,63.98,63.96,63.96,469
2025-11-05 15:50,HIBL,63.83,63.88,63.76,63.88,672
2025-11-05 15:51,HIBL,63.92,63.92,63.859,63.859,2790
2025-11-05 15:52,HIBL,63.92,63.92,63.89,63.89,410
2025-11-05 15:53,HIBL,63.84,63.84,63.84,63.84,100
2025-11-05 15:54,HIBL,63.82,63.82,63.76,63.77,300
2025-11-05 15:55,HIBL,63.73,63.73,63.72,63.72,500
2025-11-05 15:56,HIBL,63.71,63.71,63.68,63.7,633
2025-11-05 15:57,HIBL,63.59,63.59,63.4005,63.42,1139
2025-11-05 15:58,HIBL,63.38,63.38,63.33,63.35,607
2025-11-05 15:59,HIBL,63.35,63.37,63.32,63.32,3893
2025-11-05 16:00,HIBL,63.38,63.38,63.38,63.38,197
2025-11-05 19:45,HIBL,63.2,63.2,63.2,63.2,100
2025-11-06 09:30,HIBL,63.46,63.46,63.46,63.46,600
2025-11-06 09:32,HIBL,63.52,63.59,63.52,63.59,1400
2025-11-06 09:34,HIBL,63.77,63.77,63.77,63.77,337
2025-11-06 09:35,HIBL,63.61,63.61,63.61,63.61,100
2025-11-06 09:36,HIBL,63.74,63.74,63.7,63.7399,1382
2025-11-06 09:38,HIBL,64.06,64.06,64.06,64.06,100
2025-11-06 09:40,HIBL,63.88,63.88,63.88,63.88,100
2025-11-06 09:41,HIBL,63.82,63.8693,63.7,63.7,1700
2025-11-06 09:42,HIBL,63.56,63.56,63.56,63.56,100
2025-11-06 09:43,HIBL,63.48,63.48,63.41,63.41,200
2025-11-06 09:50,HIBL,63.92,63.93,63.79,63.915,1300
2025-11-06 09:51,HIBL,63.7006,63.7006,63.7006,63.7006,165
2025-11-06 09:52,HIBL,63.65,63.65,63.65,63.65,100
2025-11-06 09:53,HIBL,63.57,63.57,63.57,63.57,139
2025-11-06 09:54,HIBL,63.47,63.47,63.46,63.46,7321
2025-11-06 09:55,HIBL,63.32,63.4699,63.32,63.4699,1378
2025-11-06 09:56,HIBL,63.4411,63.4411,63.4411,63.4411,200
2025-11-06 09:58,HIBL,63.19,63.19,63.09,63.09,257
2025-11-06 09:59,HIBL,62.8262,62.8262,62.8262,62.8262,157
2025-11-06 10:00,HIBL,62.69,62.69,62.5,62.5,356
2025-11-06 10:01,HIBL,62.64,62.64,62.53,62.54,480
2025-11-06 10:02,HIBL,62.355,62.355,62.355,62.355,100
2025-11-06 10:11,HIBL,62.7431,62.7431,62.7431,62.7431,1605
2025-11-06 10:14,HIBL,62.25,62.25,62.25,62.25,100
2025-11-06 10:15,HIBL,62.16,62.16,62.16,62.16,140
2025-11-06 10:17,HIBL,62.485,62.485,62.485,62.485,100
2025-11-06 10:18,HIBL,62.59,62.59,62.545,62.545,1965
2025-11-06 10:19,HIBL,62.5,62.5,62.47,62.47,325
2025-11-06 10:21,HIBL,62.875,62.98,62.875,62.98,387
2025-11-06 10:23,HIBL,63.0,63.0,62.96,62.96,500
2025-11-06 10:24,HIBL,63.08,63.1,63.07,63.1,850
2025-11-06 10:25,HIBL,63.08,63.1,63.03,63.1,623
2025-11-06 10:26,HIBL,62.92,62.92,62.92,62.92,225
2025-11-06 10:29,HIBL,62.906,62.906,62.88,62.88,1590
2025-11-06 10:30,HIBL,62.61,62.61,62.6,62.6,300
2025-11-06 10:32,HIBL,62.625,62.625,62.625,62.625,100
2025-11-06 10:33,HIBL,62.11,62.115,62.11,62.115,200
2025-11-06 10:35,HIBL,62.08,62.08,62.08,62.08,100
2025-11-06 10:36,HIBL,61.72,61.72,61.7,61.71,701
2025-11-06 10:37,HIBL,61.52,61.52,61.24,61.24,984
2025-11-06 10:38,HIBL,61.3244,61.3848,61.3244,61.34,1550
2025-11-06 10:39,HIBL,61.22,61.22,61.22,61.22,200
2025-11-06 10:43,HIBL,61.26,61.26,61.1,61.1,221
2025-11-06 10:44,HIBL,61.0,61.025,60.925,60.925,5345
2025-11-06 10:45,HIBL,60.88,60.99,60.88,60.99,248
2025-11-06 10:46,HIBL,61.06,61.06,61.06,61.06,129
2025-11-06 10:48,HIBL,60.79,61.01,60.7695,61.01,820
2025-11-06 10:49,HIBL,60.79,60.79,60.79,60.79,100
2025-11-06 10:51,HIBL,60.87,60.87,60.87,60.87,210
2025-11-06 10:53,HIBL,60.7,60.7,60.7,60.7,204
2025-11-06 10:57,HIBL,60.76,60.76,60.76,60.76,100
2025-11-06 10:58,HIBL,60.5,60.5,60.5,60.5,400
2025-11-06 10:59,HIBL,60.5769,60.5769,60.54,60.54,200
2025-11-06 11:03,HIBL,61.0,61.0,61.0,61.0,150
2025-11-06 11:04,HIBL,61.04,61.04,61.04,61.04,150
2025-11-06 11:05,HIBL,61.25,61.25,61.25,61.25,200
2025-11-06 11:06,HIBL,61.23,61.23,61.23,61.23,100
2025-11-06 11:09,HIBL,60.76,60.76,60.7531,60.7531,900
2025-11-06 11:13,HIBL,60.5899,60.595,60.5899,60.595,494
2025-11-06 11:15,HIBL,60.6,60.665,60.6,60.665,250
2025-11-06 11:16,HIBL,60.64,60.765,60.64,60.765,200
2025-11-06 11:17,HIBL,60.72,60.72,60.6,60.6,300
2025-11-06 11:18,HIBL,60.51,60.51,60.5,60.5,200
2025-11-06 11:22,HIBL,60.585,60.585,60.585,60.585,100
2025-11-06 11:23,HIBL,60.52,60.52,60.4,60.4,248
2025-11-06 11:26,HIBL,60.23,60.23,60.2,60.2,200
2025-11-06 11:27,HIBL,60.3,60.3,60.3,60.3,202
2025-11-06 11:29,HIBL,60.7,60.7,60.7,60.7,100
2025-11-06 11:35,HIBL,60.24,60.26,60.18,60.18,700
2025-11-06 11:36,HIBL,60.16,60.16,60.16,60.16,200
2025-11-06 11:37,HIBL,60.37,60.37,60.265,60.265,805
2025-11-06 11:38,HIBL,60.37,60.37,60.37,60.37,217
2025-11-06 11:42,HIBL,60.17,60.17,60.17,60.17,350
2025-11-06 11:45,HIBL,59.9601,59.99,59.96,59.96,325
2025-11-06 11:46,HIBL,60.075,60.075,60.075,60.075,100
2025-11-06 11:47,HIBL,60.05,60.05,59.9,59.9,200
2025-11-06 11:48,HIBL,59.87,59.87,59.87,59.87,100
2025-11-06 11:50,HIBL,59.91,60.0,59.91,60.0,1567
2025-11-06 11:51,HIBL,60.06,60.06,60.06,60.06,100
2025-11-06 11:53,HIBL,60.15,60.15,60.15,60.15,813
2025-11-06 11:56,HIBL,60.02,60.02,60.02,60.02,100
2025-11-06 11:58,HIBL,59.92,59.92,59.92,59.92,100
2025-11-06 12:00,HIBL,60.19,60.19,60.19,60.19,100
2025-11-06 12:03,HIBL,60.255,60.255,60.245,60.245,300
2025-11-06 12:07,HIBL,60.11,60.11,60.11,60.11,126
2025-11-06 12:13,HIBL,60.355,60.355,60.355,60.355,750
2025-11-06 12:15,HIBL,60.0,60.0,60.0,60.0,114
2025-11-06 12:26,HIBL,59.61,59.655,59.61,59.655,6250
2025-11-06 12:27,HIBL,59.635,59.7,59.635,59.7,659
2025-11-06 12:29,HIBL,59.77,59.8738,59.77,59.8738,400
2025-11-06 12:30,HIBL,59.815,59.815,59.815,59.815,343
2025-11-06 12:31,HIBL,59.94,59.94,59.88,59.88,200
2025-11-06 12:32,HIBL,60.05,60.13,60.05,60.13,600
2025-11-06 12:33,HIBL,60.21,60.21,60.21,60.21,101
2025-11-06 12:34,HIBL,60.005,60.01,60.005,60.01,452
2025-11-06 12:37,HIBL,60.235,60.235,60.235,60.235,100
2025-11-06 12:38,HIBL,60.2,60.2,60.2,60.2,100
2025-11-06 12:40,HIBL,60.13,60.139,60.13,60.139,300
2025-11-06 12:44,HIBL,60.35,60.35,60.35,60.35,100
2025-11-06 12:45,HIBL,60.6465,60.6465,60.6465,60.6465,400
2025-11-06 12:48,HIBL,60.9,60.909,60.9,60.909,200
2025-11-06 12:49,HIBL,60.89,60.89,60.89,60.89,100
2025-11-06 12:51,HIBL,61.09,61.09,61.09,61.09,100
2025-11-06 12:57,HIBL,61.035,61.035,61.035,61.035,100
2025-11-06 13:00,HIBL,60.9012,60.9012,60.9012,60.9012,400
2025-11-06 13:03,HIBL,60.88,60.88,60.76,60.76,200
2025-11-06 13:04,HIBL,60.5539,60.5539,60.5539,60.5539,132
2025-11-06 13:05,HIBL,60.35,60.35,60.35,60.35,100
2025-11-06 13:07,HIBL,60.16,60.16,60.16,60.16,100
2025-11-06 13:08,HIBL,60.175,60.2,60.175,60.18,700
2025-11-06 13:10,HIBL,60.16,60.16,60.16,60.16,100
2025-11-06 13:14,HIBL,60.2422,60.2422,60.2422,60.2422,400
2025-11-06 13:17,HIBL,60.25,60.25,60.25,60.25,100
2025-11-06 13:18,HIBL,60.31,60.36,60.31,60.3265,2300
2025-11-06 13:19,HIBL,60.33,60.37,60.33,60.37,200
2025-11-06 13:20,HIBL,60.47,60.47,60.47,60.47,100
2025-11-06 13:21,HIBL,60.48,60.48,60.43,60.43,200
2025-11-06 13:24,HIBL,60.747,60.747,60.747,60.747,200
2025-11-06 13:26,HIBL,61.06,61.135,61.06,61.135,300
2025-11-06 13:27,HIBL,61.15,61.15,61.13,61.13,200
2025-11-06 13:33,HIBL,61.2,61.2,61.2,61.2,100
2025-11-06 13:34,HIBL,61.1295,61.1295,61.1295,61.1295,380
2025-11-06 13:37,HIBL,61.54,61.54,61.51,61.51,200
2025-11-06 13:39,HIBL,61.44,61.48,61.44,61.48,300
2025-11-06 13:44,HIBL,61.63,61.63,61.63,61.63,222
2025-11-06 13:46,HIBL,61.42,61.42,61.36,61.36,200
2025-11-06 13:47,HIBL,61.26,61.26,61.26,61.26,100
2025-11-06 13:51,HIBL,61.37,61.38,61.37,61.38,732
2025-11-06 13:53,HIBL,61.31,61.31,61.31,61.31,100
2025-11-06 13:55,HIBL,61.26,61.26,61.26,61.26,100
2025-11-06 13:56,HIBL,61.081,61.081,61.081,61.081,131
2025-11-06 14:06,HIBL,61.5558,61.5558,61.5558,61.5558,239
2025-11-06 14:08,HIBL,61.48,61.48,61.48,61.48,100
2025-11-06 14:29,HIBL,61.98,61.98,61.98,61.98,100
2025-11-06 14:31,HIBL,61.9,61.9,61.9,61.9,1200
2025-11-06 14:42,HIBL,61.6634,61.6634,61.59,61.59,2765
2025-11-06 14:44,HIBL,61.75,61.84,61.75,61.84,300
2025-11-06 14:50,HIBL,61.68,61.68,61.68,61.68,100
2025-11-06 15:03,HIBL,61.7594,61.7594,61.7594,61.7594,100
2025-11-06 15:10,HIBL,61.81,61.81,61.81,61.81,200
2025-11-06 15:16,HIBL,61.605,61.605,61.605,61.605,100
2025-11-06 15:23,HIBL,61.88,61.88,61.88,61.88,100
2025-11-06 15:24,HIBL,61.85,61.85,61.82,61.82,577
2025-11-06 15:25,HIBL,61.8,61.8,61.8,61.8,100
2025-11-06 15:27,HIBL,61.8237,61.8237,61.8237,61.8237,100
2025-11-06 15:32,HIBL,61.275,61.275,61.275,61.275,200
2025-11-06 15:35,HIBL,61.72,61.72,61.72,61.72,350
2025-11-06 15:36,HIBL,61.67,61.67,61.66,61.66,200
2025-11-06 15:38,HIBL,61.59,61.59,61.59,61.59,100
2025-11-06 15:44,HIBL,61.32,61.32,61.32,61.32,2000
2025-11-06 15:45,HIBL,61.28,61.28,61.25,61.25,200
2025-11-06 15:51,HIBL,61.0,61.0001,60.99,61.0001,500
2025-11-06 15:52,HIBL,61.1227,61.1227,61.1227,61.1227,129
2025-11-06 15:53,HIBL,61.09,61.09,61.09,61.09,100
2025-11-06 15:54,HIBL,61.05,61.05,61.05,61.05,100
2025-11-06 15:55,HIBL,61.01,61.01,61.01,61.01,100
2025-11-04 15:37,LABU,116.21,116.21,115.88,115.88,3090
2025-11-04 15:38,LABU,115.935,115.935,115.57,115.74,3862
2025-11-04 15:39,LABU,115.68,115.69,115.63,115.6531,1616
2025-11-04 15:40,LABU,115.52,115.555,115.3084,115.3215,3100
2025-11-04 15:41,LABU,115.38,115.59,115.208,115.5072,4461
2025-11-04 15:42,LABU,115.53,115.53,115.37,115.37,1465
2025-11-04 15:43,LABU,115.35,115.35,115.33,115.33,273
2025-11-04 15:44,LABU,115.48,115.56,115.27,115.355,2100
2025-11-04 15:45,LABU,115.4,115.5,115.3929,115.49,748
2025-11-04 15:46,LABU,115.52,115.71,115.52,115.71,1295
2025-11-04 15:47,LABU,115.5,115.5,115.4473,115.4473,200
2025-11-04 15:48,LABU,115.3,115.4578,115.25,115.4578,400
2025-11-04 15:49,LABU,115.45,115.45,115.27,115.27,1070
2025-11-04 15:50,LABU,115.2,115.3,115.18,115.29,1100
2025-11-04 15:51,LABU,115.33,115.4254,115.28,115.31,1592
2025-11-04 15:52,LABU,115.2,115.26,115.0,115.055,2993
2025-11-04 15:53,LABU,115.09,115.16,115.03,115.105,3364
2025-11-04 15:54,LABU,115.09,115.145,115.05,115.05,1035
2025-11-04 15:55,LABU,115.16,115.375,115.0,115.0,4834
2025-11-04 15:56,LABU,115.0,115.0916,114.9,114.95,3715
2025-11-04 15:57,LABU,115.07,115.115,114.98,114.98,1410
2025-11-04 15:58,LABU,114.91,115.1,114.87,115.0245,4340
2025-11-04 15:59,LABU,115.035,115.07,114.69,114.87,7077
2025-11-04 16:00,LABU,115.29,115.29,114.62,114.62,2660
2025-11-04 16:04,LABU,115.29,115.29,115.29,115.29,130
2025-11-04 16:05,LABU,115.28,115.28,115.28,115.28,100
2025-11-04 16:10,LABU,114.97,115.0,114.97,115.0,200
2025-11-04 16:28,LABU,114.6,114.6,114.6,114.6,290
2025-11-04 16:29,LABU,114.7,114.7,114.7,114.7,100
2025-11-04 16:35,LABU,114.5,114.5,114.5,114.5,500
2025-11-04 16:36,LABU,114.44,114.44,114.44,114.44,993
2025-11-04 16:43,LABU,115.25,115.25,114.62,114.62,200
2025-11-04 16:44,LABU,114.6,115.0,114.6,114.6491,542
2025-11-04 16:48,LABU,114.66,114.66,114.631,114.631,815
2025-11-04 16:59,LABU,115.24,115.24,115.24,115.24,100
2025-11-04 17:04,LABU,115.25,115.25,115.25,115.25,118
2025-11-04 17:05,LABU,115.25,115.25,115.25,115.25,100
2025-11-04 17:06,LABU,115.25,115.25,115.25,115.25,100
2025-11-04 17:30,LABU,115.19,115.19,115.19,115.19,200
2025-11-04 17:33,LABU,115.2,115.2,115.2,115.2,100
2025-11-04 17:39,LABU,115.01,115.02,115.01,115.02,200
2025-11-04 17:42,LABU,115.0,115.0,115.0,115.0,200
2025-11-04 17:46,LABU,115.0,115.0,115.0,115.0,1661
2025-11-04 18:01,LABU,115.24,115.24,115.24,115.24,537
2025-11-04 18:16,LABU,115.1,115.1,115.1,115.1,901
2025-11-04 18:22,LABU,114.8,114.8,114.8,114.8,2000
2025-11-04 19:06,LABU,114.75,114.75,114.75,114.75,100
2025-11-04 19:17,LABU,114.37,114.37,114.37,114.37,500
2025-11-04 19:19,LABU,114.3809,114.3809,114.36,114.37,450
2025-11-04 19:21,LABU,114.34,114.34,114.33,114.33,300
2025-11-04 19:23,LABU,114.24,114.24,114.24,114.24,300
2025-11-04 19:30,LABU,114.0204,114.05,114.0,114.0,5430
2025-11-04 19:31,LABU,114.03,114.03,114.03,114.03,100
2025-11-04 19:32,LABU,114.09,114.17,114.01,114.01,6016
2025-11-04 19:33,LABU,114.0,114.0,114.0,114.0,200
2025-11-04 19:34,LABU,113.91,113.91,113.88,113.88,500
2025-11-04 19:36,LABU,113.6607,113.6607,113.6607,113.6607,1079
2025-11-04 19:47,LABU,113.66,113.66,113.66,113.66,100
2025-11-04 19:48,LABU,113.66,113.66,113.66,113.66,100
2025-11-04 19:49,LABU,113.33,113.33,113.33,113.33,100
2025-11-04 19:53,LABU,113.33,113.33,113.33,113.33,218
2025-11-04 19:55,LABU,113.9984,113.9984,113.9984,113.9984,180
2025-11-05 07:04,LABU,113.9,113.9,113.9,113.9,577
2025-11-05 07:06,LABU,114.35,114.57,114.35,114.57,3406
2025-11-05 07:44,LABU,114.85,114.85,114.85,114.85,683
2025-11-05 08:11,LABU,114.55,114.55,114.55,114.55,116
2025-11-05 08:12,LABU,114.75,114.75,114.75,114.75,200
2025-11-05 08:13,LABU,114.3,114.3,114.14,114.14,631
2025-11-05 08:16,LABU,114.68,114.68,114.68,114.68,100
2025-11-05 08:28,LABU,114.77,114.77,114.77,114.77,100
2025-11-05 08:38,LABU,114.72,114.72,114.72,114.72,100
2025-11-05 08:41,LABU,114.71,114.75,114.71,114.75,200
2025-11-05 08:42,LABU,114.99,114.99,114.99,114.99,100
2025-11-05 08:52,LABU,115.4874,115.4874,115.4874,115.4874,411
2025-11-05 08:56,LABU,115.48,115.48,115.48,115.48,100
2025-11-05 08:58,LABU,115.46,115.46,115.46,115.46,320
2025-11-05 09:08,LABU,115.09,115.09,115.09,115.09,150
2025-11-05 09:24,LABU,114.39,114.39,114.39,114.39,100
2025-11-05 09:26,LABU,114.4,114.56,114.39,114.56,300
2025-11-05 09:27,LABU,114.32,114.32,114.32,114.32,100
2025-11-05 09:29,LABU,113.9,113.9,113.9,113.9,100
2025-11-05 09:30,LABU,113.93,114.0,112.77,113.91,23387
2025-11-05 09:31,LABU,113.8451,114.64,113.6,114.0624,4104
2025-11-05 09:32,LABU,113.8,114.567,113.8,114.49,647
2025-11-05 09:33,LABU,115.2899,115.2899,114.68,114.68,1520
2025-11-05 09:34,LABU,114.9585,114.9585,113.8,113.9343,4030
2025-11-05 09:35,LABU,114.29,115.04,114.29,115.04,1085
2025-11-05 09:36,LABU,115.25,115.49,114.8401,114.99,2992
2025-11-05 09:37,LABU,114.65,115.0,114.65,114.7422,1011
2025-11-05 09:38,LABU,114.31,114.411,113.8452,113.86,708
2025-11-05 09:39,LABU,113.51,113.69,112.51,112.708,5734
2025-11-05 09:40,LABU,112.921,113.03,112.58,112.58,3759
2025-11-05 09:41,LABU,112.7226,112.7226,112.7226,112.7226,1000
2025-11-05 09:42,LABU,113.085,113.159,112.975,113.04,649
2025-11-05 09:43,LABU,113.14,113.408,112.7976,112.7976,4369
2025-11-05 09:44,LABU,113.065,113.134,112.7312,112.7312,542
2025-11-05 09:45,LABU,112.6,113.41,112.6,113.15,3851
2025-11-05 09:46,LABU,113.3725,113.93,113.3725,113.84,1815
2025-11-05 09:47,LABU,113.69,113.83,113.55,113.83,1081
2025-11-05 09:48,LABU,113.7885,114.3526,113.7885,114.1274,1168
2025-11-05 09:49,LABU,114.035,114.4999,114.035,114.3,1724
2025-11-05 09:50,LABU,114.215,114.63,113.87,114.605,12930
2025-11-05 09:51,LABU,114.76,115.3,114.75,115.3,4295
2025-11-05 09:52,LABU,115.35,115.35,114.71,115.212,1200
2025-11-05 09:53,LABU,115.275,115.65,115.275,115.5635,1654
2025-11-05 09:54,LABU,115.75,115.8,115.21,115.28,3439
2025-11-05 09:55,LABU,115.25,115.7522,115.25,115.69,4338
2025-11-05 09:56,LABU,115.6,115.6,115.341,115.37,2274
2025-11-05 09:57,LABU,115.0701,115.9799,115.0701,115.89,3031
2025-11-05 09:58,LABU,115.9799,115.9799,115.51,115.59,1669
2025-11-05 09:59,LABU,115.917,115.9399,115.6914,115.785,3709
2025-11-05 10:00,LABU,115.47,115.47,114.685,114.685,2356
2025-11-05 10:01,LABU,114.8983,114.8983,114.8983,114.8983,338
2025-11-05 10:02,LABU,114.5,115.09,114.5,115.09,12011
2025-11-05 10:03,LABU,114.3,114.3,114.0295,114.0689,1895
2025-11-05 10:04,LABU,114.01,114.7848,114.0,114.7848,2736
2025-11-05 10:05,LABU,114.675,115.0594,114.42,115.0594,1200
2025-11-05 10:06,LABU,114.9,114.9,114.45,114.45,1150
2025-11-05 10:07,LABU,114.33,114.33,114.33,114.33,100
2025-11-05 10:08,LABU,114.3114,114.3114,114.3114,114.3114,498
2025-11-05 10:10,LABU,114.13,114.225,114.12,114.225,631
2025-11-05 10:11,LABU,113.8,113.8,113.69,113.69,417
2025-11-05 10:12,LABU,113.8972,113.945,113.8972,113.945,600
2025-11-05 10:13,LABU,114.0,114.0,113.61,113.62,1843
2025-11-05 10:14,LABU,113.7,113.7,113.33,113.44,1850
2025-11-05 10:15,LABU,113.6,113.6866,113.6,113.6866,730
2025-11-05 10:16,LABU,113.38,113.58,113.38,113.5,661
2025-11-05 10:17,LABU,113.63,113.7035,113.2833,113.2833,1549
2025-11-05 10:18,LABU,113.355,113.36,113.285,113.3,500
2025-11-05 10:20,LABU,113.46,113.46,113.19,113.335,1658
2025-11-05 10:21,LABU,113.2001,113.2001,112.9,113.025,4322
2025-11-05 10:22,LABU,113.2,113.6222,113.2,113.62,3221
2025-11-05 10:23,LABU,113.96,113.96,113.8176,113.8176,375
2025-11-05 10:25,LABU,114.115,114.12,114.0899,114.0899,1000
2025-11-05 10:26,LABU,114.025,114.2699,113.9,113.98,2934
2025-11-05 10:27,LABU,114.19,114.28,114.0101,114.08,2876
2025-11-05 10:28,LABU,114.25,114.7192,114.25,114.71,630
2025-11-05 10:29,LABU,114.745,114.745,114.48,114.48,820
2025-11-05 10:30,LABU,114.4077,114.46,114.29,114.46,2200
2025-11-05 10:31,LABU,114.7032,114.7032,114.55,114.55,200
2025-11-05 10:32,LABU,114.59,114.59,114.59,114.59,100
2025-11-05 10:33,LABU,114.66,114.8799,114.66,114.8799,400
2025-11-05 10:34,LABU,114.8,114.99,114.7,114.7,1400
2025-11-05 10:36,LABU,114.56,114.56,114.35,114.35,500
2025-11-05 10:38,LABU,114.65,114.65,114.65,114.65,500
2025-11-05 10:39,LABU,114.7,114.8131,114.7,114.8131,200
2025-11-05 10:40,LABU,114.99,115.25,114.935,115.25,1550
2025-11-05 10:42,LABU,114.8,114.96,114.77,114.95,600
2025-11-05 10:43,LABU,115.02,115.3,115.02,115.3,484
2025-11-05 10:44,LABU,115.295,115.295,115.23,115.23,932
2025-11-05 10:45,LABU,115.065,115.07,115.065,115.07,223
2025-11-05 10:46,LABU,114.85,115.2,114.85,115.2,459
2025-11-05 10:47,LABU,115.0645,115.0645,114.93,114.9799,300
2025-11-05 10:48,LABU,115.05,115.05,115.05,115.05,258
2025-11-05 10:50,LABU,114.5501,114.5501,114.5501,114.5501,124
2025-11-05 10:51,LABU,114.51,114.51,114.51,114.51,100
2025-11-05 10:52,LABU,114.44,114.44,114.1395,114.1395,2102
2025-11-05 10:53,LABU,114.12,114.2,114.12,114.2,692
2025-11-05 10:54,LABU,114.21,114.35,114.21,114.35,1295
2025-11-05 10:55,LABU,114.01,114.01,113.7023,113.7023,1000
2025-11-05 10:56,LABU,113.7,113.88,113.66,113.86,700
2025-11-05 10:57,LABU,113.95,113.9507,113.92,113.9507,609
2025-11-05 10:58,LABU,114.03,114.17,113.9852,114.17,1644
2025-11-05 10:59,LABU,114.4499,114.49,114.3017,114.49,1769
2025-11-05 11:00,LABU,114.55,114.55,114.255,114.255,500
2025-11-05 11:02,LABU,114.43,114.43,114.43,114.43,125
2025-11-05 11:03,LABU,114.43,114.43,113.81,113.85,2713
2025-11-05 11:04,LABU,113.8513,113.92,113.8,113.92,1082
2025-11-05 11:05,LABU,114.23,114.23,114.23,114.23,100
2025-11-05 11:06,LABU,114.42,114.51,114.42,114.51,742
2025-11-05 11:07,LABU,114.36,114.4367,114.24,114.24,1400
2025-11-05 11:08,LABU,114.2,114.2,114.08,114.08,200
2025-11-05 11:09,LABU,114.07,114.31,114.07,114.31,957
2025-11-05 11:10,LABU,114.55,114.555,114.31,114.31,930
2025-11-05 11:11,LABU,114.31,114.31,114.31,114.31,118
2025-11-05 11:12,LABU,114.45,114.45,114.45,114.45,200
2025-11-05 11:13,LABU,114.2701,114.2701,114.25,114.25,2036
2025-11-05 11:14,LABU,114.2,114.23,114.2,114.23,300
2025-11-05 11:15,LABU,114.415,114.585,114.33,114.53,1100
2025-11-05 11:16,LABU,114.515,114.515,114.36,114.36,200
2025-11-05 11:20,LABU,114.18,114.18,114.18,114.18,100
2025-11-05 11:21,LABU,114.29,114.29,114.29,114.29,100
2025-11-05 11:22,LABU,114.5311,114.81,114.5311,114.81,300
2025-11-05 11:23,LABU,114.64,114.64,114.64,114.64,100
2025-11-05 11:24,LABU,114.89,115.0,114.89,114.91,700
2025-11-05 11:25,LABU,115.1025,115.3799,115.1025,115.3799,3032
2025-11-05 11:26,LABU,115.305,115.438,115.297,115.438,1143
2025-11-05 11:27,LABU,115.29,115.5,115.28,115.5,900
2025-11-05 11:28,LABU,115.4915,115.4915,115.41,115.41,611
2025-11-05 11:29,LABU,115.45,115.6,115.36,115.6,425
2025-11-05 11:30,LABU,115.521,115.521,115.48,115.48,929
2025-11-05 11:31,LABU,115.8,116.13,115.7512,116.0926,4608
2025-11-05 11:32,LABU,116.02,116.3,116.02,116.26,3167
2025-11-05 11:33,LABU,116.27,116.425,116.255,116.4,1002
2025-11-05 11:34,LABU,116.3,116.44,116.3,116.3995,740
2025-11-05 11:35,LABU,116.3,116.3,115.92,115.92,700
2025-11-05 11:36,LABU,116.0,116.0684,115.92,115.92,1700
2025-11-05 11:37,LABU,115.96,115.96,115.96,115.96,600
2025-11-05 11:39,LABU,116.31,116.36,116.17,116.36,779
2025-11-05 11:40,LABU,116.45,116.64,116.45,116.625,1147
2025-11-05 11:41,LABU,116.4904,116.4904,116.44,116.44,200
2025-11-05 11:42,LABU,116.615,116.64,116.585,116.64,1378
2025-11-05 11:43,LABU,116.76,116.76,116.76,116.76,200
2025-11-05 11:44,LABU,116.73,116.935,116.73,116.935,3000
2025-11-05 11:45,LABU,116.935,117.1433,116.935,117.01,6005
2025-11-05 11:46,LABU,117.07,117.37,117.07,117.2,600
2025-11-05 11:47,LABU,117.29,117.42,117.2,117.42,450
2025-11-05 11:48,LABU,117.3348,117.6322,117.33,117.5525,3492
2025-11-05 11:49,LABU,117.48,117.65,117.48,117.65,353
2025-11-05 11:50,LABU,117.66,117.94,117.66,117.925,2573
2025-11-05 11:51,LABU,117.98,118.4068,117.98,118.285,5998
2025-11-05 11:52,LABU,118.27,118.395,118.27,118.34,1100
2025-11-05 11:53,LABU,118.3775,118.51,118.3775,118.51,1861
2025-11-05 11:54,LABU,118.47,118.5912,118.47,118.5912,1703
2025-11-05 11:55,LABU,118.38,118.515,118.345,118.3996,3403
2025-11-05 11:56,LABU,118.5574,118.5574,118.4209,118.55,2664
2025-11-05 11:57,LABU,118.56,118.75,118.56,118.73,1477
2025-11-05 11:58,LABU,118.82,118.9,118.8,118.9,1636
2025-11-05 11:59,LABU,118.92,119.0,118.86,119.0,5715
2025-11-05 12:00,LABU,118.945,119.115,118.94,119.0,1700
2025-11-05 12:01,LABU,119.15,119.469,119.15,119.41,600
2025-11-05 12:02,LABU,119.45,119.555,119.32,119.32,3471
2025-11-05 12:03,LABU,119.385,119.4401,119.385,119.4401,200
2025-11-05 12:04,LABU,119.26,119.28,119.17,119.24,500
2025-11-05 12:05,LABU,119.255,119.41,119.255,119.4,926
2025-11-05 12:06,LABU,119.3,119.3463,119.257,119.257,1700
2025-11-05 12:07,LABU,119.37,119.4563,119.37,119.4563,500
2025-11-05 12:08,LABU,119.5,119.59,119.5,119.59,500
2025-11-05 12:09,LABU,119.59,119.59,119.59,119.59,153
2025-11-05 12:10,LABU,119.29,119.29,118.96,118.97,1384
2025-11-05 12:11,LABU,118.96,119.0,118.96,118.98,520
2025-11-05 12:12,LABU,119.11,119.11,119.05,119.05,200
2025-11-05 12:15,LABU,118.8335,119.0,118.7101,119.0,1237
2025-11-05 12:16,LABU,119.025,119.025,119.025,119.025,200
2025-11-05 12:17,LABU,119.04,119.04,119.04,119.04,100
2025-11-05 12:18,LABU,119.13,119.3114,119.13,119.3114,900
2025-11-05 12:19,LABU,119.43,119.5,119.43,119.5,728
2025-11-05 12:20,LABU,119.47,119.49,119.47,119.49,1242
2025-11-05 12:21,LABU,119.6,119.6,119.6,119.6,750
2025-11-05 12:22,LABU,119.6,119.645,119.59,119.64,600
2025-11-05 12:23,LABU,119.73,120.0211,119.73,119.91,2893
2025-11-05 12:24,LABU,119.95,119.955,119.684,119.71,2373
2025-11-05 12:25,LABU,119.715,119.715,119.65,119.7,460
2025-11-05 12:26,LABU,119.95,120.029,119.95,120.029,2111
2025-11-05 12:27,LABU,120.03,120.12,120.01,120.12,1374
2025-11-05 12:28,LABU,120.02,120.065,119.9305,120.0247,3975
2025-11-05 12:29,LABU,120.08,120.1666,120.08,120.1666,1613
2025-11-05 12:30,LABU,120.15,120.2,120.15,120.2,1100
2025-11-05 12:31,LABU,120.36,120.43,120.36,120.385,2750
2025-11-05 12:32,LABU,120.44,120.51,120.44,120.51,1100
2025-11-05 12:35,LABU,120.21,120.21,120.14,120.14,720
2025-11-05 12:39,LABU,120.36,120.36,120.06,120.06,1126
2025-11-05 12:40,LABU,120.0624,120.0624,119.9298,119.9298,2188
2025-11-05 12:41,LABU,120.255,120.255,120.255,120.255,100
2025-11-05 12:42,LABU,120.165,120.165,120.14,120.14,300
2025-11-05 12:44,LABU,120.0822,120.0822,120.0822,120.0822,143
2025-11-05 12:45,LABU,120.07,120.07,120.07,120.07,100
2025-11-05 12:46,LABU,119.92,119.92,119.8,119.8,735
2025-11-05 12:47,LABU,119.8841,119.8841,119.7186,119.78,3033
2025-11-05 12:48,LABU,119.645,119.735,119.6045,119.735,800
2025-11-05 12:49,LABU,119.7199,119.7199,119.7199,119.7199,100
2025-11-05 12:50,LABU,119.59,119.61,119.59,119.61,10808
2025-11-05 12:51,LABU,119.549,119.64,119.549,119.64,457
2025-11-05 12:52,LABU,119.53,119.54,119.325,119.325,25512
2025-11-05 12:53,LABU,119.345,119.5,119.3422,119.495,3710
2025-11-05 12:54,LABU,119.43,119.705,119.43,119.705,1104
2025-11-05 12:55,LABU,119.5235,119.7199,119.5235,119.6171,1691
2025-11-05 12:56,LABU,119.6872,119.6872,119.31,119.31,850
2025-11-05 12:57,LABU,119.29,119.3,119.29,119.3,476
2025-11-05 12:58,LABU,119.5277,119.5277,119.5277,119.5277,1000
2025-11-05 13:00,LABU,119.76,119.76,119.76,119.76,1500
2025-11-05 13:01,LABU,119.56,119.65,119.56,119.65,314
2025-11-05 13:02,LABU,119.7,119.7,119.7,119.7,1845
2025-11-05 13:03,LABU,119.71,119.71,119.63,119.63,200
2025-11-05 13:04,LABU,119.6,119.6,119.6,119.6,600
2025-11-05 13:05,LABU,119.645,119.65,119.495,119.5,961
2025-11-05 13:06,LABU,119.54,119.54,119.54,119.54,100
2025-11-05 13:07,LABU,119.249,119.249,119.2001,119.2001,2289
2025-11-05 13:08,LABU,119.2001,119.2001,119.2,119.2,1258
2025-11-05 13:10,LABU,119.32,119.36,119.295,119.295,900
2025-11-05 13:11,LABU,119.2,119.2,119.2,119.2,387
2025-11-05 13:12,LABU,119.37,119.37,119.28,119.299,800
2025-11-05 13:13,LABU,119.25,119.475,119.25,119.465,571
2025-11-05 13:15,LABU,119.74,119.835,119.74,119.835,2400
2025-11-05 13:16,LABU,119.87,120.0,119.87,119.93,995
2025-11-05 13:18,LABU,119.87,120.17,119.87,119.99,2600
2025-11-05 13:19,LABU,119.91,119.95,119.91,119.95,1600
2025-11-05 13:20,LABU,119.84,119.84,119.84,119.84,100
2025-11-05 13:24,LABU,119.2,119.2,119.2,119.2,988
2025-11-05 13:26,LABU,119.195,119.37,118.91,118.91,2000
2025-11-05 13:27,LABU,118.895,119.06,118.895,119.06,800
2025-11-05 13:28,LABU,118.92,118.95,118.92,118.95,300
2025-11-05 13:29,LABU,119.0288,119.0295,119.0288,119.0295,1301
2025-11-05 13:30,LABU,119.0,119.0,119.0,119.0,100
2025-11-05 13:31,LABU,118.81,118.815,118.81,118.815,557
2025-11-05 13:32,LABU,118.9,118.9,118.9,118.9,100
2025-11-05 13:34,LABU,118.85,118.85,118.6803,118.6803,3230
2025-11-05 13:35,LABU,118.697,118.8189,118.6636,118.8189,3672
2025-11-05 13:36,LABU,118.874,118.89,118.874,118.89,500
2025-11-05 13:37,LABU,118.87,118.87,118.87,118.87,100
2025-11-05 13:40,LABU,118.94,118.94,118.94,118.94,100
2025-11-05 13:41,LABU,118.7971,118.88,118.7971,118.88,2198
2025-11-05 13:42,LABU,118.85,118.905,118.85,118.89,712
2025-11-05 13:43,LABU,118.839,118.839,118.83,118.83,700
2025-11-05 13:44,LABU,118.755,118.755,118.685,118.685,200
2025-11-05 13:45,LABU,118.69,118.72,118.69,118.72,601
2025-11-05 13:46,LABU,118.7798,118.7798,118.7798,118.7798,109
2025-11-05 13:47,LABU,118.66,118.75,118.66,118.75,300
2025-11-05 13:48,LABU,118.76,118.85,118.67,118.67,1644
2025-11-05 13:49,LABU,118.57,118.57,118.512,118.56,1620
2025-11-05 13:50,LABU,118.51,118.51,118.45,118.45,300
2025-11-05 13:51,LABU,118.6,118.6,118.6,118.6,120
2025-11-05 13:52,LABU,118.435,118.52,118.43,118.52,400
2025-11-05 13:53,LABU,118.4,118.41,118.11,118.185,2004
2025-11-05 13:54,LABU,118.2,118.2,118.1117,118.1117,1100
2025-11-05 13:55,LABU,118.0,118.0,117.97,117.97,1467
2025-11-05 13:56,LABU,118.11,118.11,117.89,117.89,1407
2025-11-05 13:57,LABU,117.95,118.02,117.81,117.81,1770
2025-11-05 13:58,LABU,117.92,117.92,117.78,117.78,329
2025-11-05 13:59,LABU,117.8,117.8,117.8,117.8,100
2025-11-05 14:00,LABU,117.8285,117.8285,117.74,117.74,519
2025-11-05 14:01,LABU,117.73,117.73,117.73,117.73,458
2025-11-05 14:02,LABU,117.485,117.485,117.3768,117.3768,859
2025-11-05 14:03,LABU,117.35,117.405,117.2,117.4,400
2025-11-05 14:04,LABU,117.4025,117.4025,117.3001,117.395,1020
2025-11-05 14:05,LABU,117.43,117.43,117.32,117.32,425
2025-11-05 14:07,LABU,117.435,117.435,117.115,117.115,5378
2025-11-05 14:08,LABU,117.02,117.08,116.924,117.08,854
2025-11-05 14:09,LABU,117.145,117.15,117.145,117.15,300
2025-11-05 14:10,LABU,116.98,116.98,116.935,116.97,500
2025-11-05 14:12,LABU,116.895,116.895,116.8925,116.895,700
2025-11-05 14:13,LABU,117.11,117.32,116.97,116.97,725
2025-11-05 14:14,LABU,117.2288,117.2288,117.2288,117.2288,100
2025-11-05 14:15,LABU,117.385,117.385,117.375,117.375,602
2025-11-05 14:16,LABU,117.48,117.6,117.48,117.6,200
2025-11-05 14:17,LABU,117.43,117.47,117.36,117.36,600
2025-11-05 14:19,LABU,117.75,117.82,117.75,117.82,1841
2025-11-05 14:22,LABU,117.64,117.64,117.54,117.575,500
2025-11-05 14:23,LABU,117.5,117.67,117.5,117.67,1094
2025-11-05 14:24,LABU,117.76,117.76,117.76,117.76,200
2025-11-05 14:25,LABU,117.8,117.8,117.8,117.8,100
2025-11-05 14:26,LABU,117.6,117.66,117.6,117.66,581
2025-11-05 14:28,LABU,117.49,117.49,117.49,117.49,100
2025-11-05 14:29,LABU,117.61,117.61,117.61,117.61,182
2025-11-05 14:30,LABU,117.35,117.35,117.35,117.35,100
2025-11-05 14:31,LABU,117.55,117.705,117.55,117.7025,600
2025-11-05 14:32,LABU,117.7644,117.7644,117.7644,117.7644,100
2025-11-05 14:33,LABU,117.73,117.73,117.73,117.73,200
2025-11-05 14:34,LABU,117.83,117.835,117.83,117.835,1141
2025-11-05 14:35,LABU,117.944,118.0599,117.944,118.0599,1600
2025-11-05 14:36,LABU,117.98,118.04,117.98,118.04,200
2025-11-05 14:38,LABU,117.97,117.97,117.86,117.8932,503
2025-11-05 14:39,LABU,118.15,118.15,118.15,118.15,300
2025-11-05 14:41,LABU,118.22,118.41,118.22,118.41,330
2025-11-05 14:42,LABU,118.4,118.444,118.32,118.32,2048
2025-11-05 14:43,LABU,118.34,118.4302,118.34,118.39,500
2025-11-05 14:44,LABU,118.5,118.6,118.5,118.6,1868
2025-11-05 14:45,LABU,118.37,118.4,118.36,118.395,1200
2025-11-05 14:46,LABU,118.31,118.31,118.31,118.31,100
2025-11-05 14:47,LABU,118.2729,118.3998,118.2729,118.32,544
2025-11-05 14:48,LABU,118.2,118.2,118.1801,118.1801,300
2025-11-05 14:49,LABU,118.15,118.1818,118.15,118.1818,504
2025-11-05 14:50,LABU,118.1392,118.145,118.1392,118.145,382
2025-11-05 14:51,LABU,118.21,118.21,118.21,118.21,100
2025-11-05 14:52,LABU,118.19,118.19,118.18,118.18,300
2025-11-05 14:53,LABU,118.12,118.12,118.0307,118.065,1782
2025-11-05 14:54,LABU,118.085,118.1389,118.0009,118.0009,2171
2025-11-05 14:55,LABU,118.0077,118.04,118.0077,118.04,200
2025-11-05 14:56,LABU,117.96,118.12,117.96,118.09,400
2025-11-05 14:57,LABU,117.84,117.84,117.84,117.84,363
2025-11-05 14:58,LABU,118.0057,118.1,118.0057,118.1,1126
2025-11-05 14:59,LABU,117.8959,118.033,117.8959,118.033,2260
2025-11-05 15:00,LABU,118.08,118.08,118.08,118.08,100
2025-11-05 15:02,LABU,118.14,118.48,118.14,118.37,1450
2025-11-05 15:03,LABU,118.345,118.53,118.345,118.53,474
2025-11-05 15:04,LABU,118.82,118.82,118.748,118.765,324
2025-11-05 15:05,LABU,118.6504,118.6504,118.46,118.46,1200
2025-11-05 15:06,LABU,118.4,118.4001,118.395,118.4,705
2025-11-05 15:10,LABU,118.283,118.283,118.283,118.283,124
2025-11-05 15:13,LABU,118.4599,118.4599,118.4599,118.4599,500
2025-11-05 15:14,LABU,118.52,118.5308,118.52,118.5308,200
2025-11-05 15:15,LABU,118.499,118.515,118.4192,118.515,400
2025-11-05 15:16,LABU,118.52,118.585,118.5,118.57,1230
2025-11-05 15:17,LABU,118.48,118.48,118.48,118.48,100
2025-11-05 15:18,LABU,118.49,118.49,118.49,118.49,180
2025-11-05 15:20,LABU,118.62,118.62,118.62,118.62,100
2025-11-05 15:21,LABU,118.75,118.87,118.75,118.82,3331
2025-11-05 15:23,LABU,118.91,118.914,118.91,118.914,460
2025-11-05 15:24,LABU,118.845,119.2,118.845,119.2,925
2025-11-05 15:25,LABU,119.175,119.26,119.13,119.26,4617
2025-11-05 15:26,LABU,119.26,119.4,119.25,119.34,1049
2025-11-05 15:27,LABU,119.29,119.32,119.18,119.18,1589
2025-11-05 15:28,LABU,119.15,119.15,119.15,119.15,678
2025-11-05 15:29,LABU,119.24,119.24,119.23,119.235,1700
2025-11-05 15:30,LABU,119.16,119.16,118.97,118.97,2634
2025-11-05 15:31,LABU,118.9901,118.9901,118.9901,118.9901,124
2025-11-05 15:32,LABU,118.9101,118.9101,118.9101,118.9101,300
2025-11-05 15:33,LABU,118.96,118.96,118.94,118.95,500
2025-11-05 15:34,LABU,118.81,118.81,118.81,118.81,131
2025-11-05 15:35,LABU,118.82,118.82,118.82,118.82,340
2025-11-05 15:37,LABU,118.51,118.67,118.51,118.67,677
2025-11-05 15:38,LABU,118.57,118.58,118.57,118.58,358
2025-11-05 15:39,LABU,118.86,118.8837,118.83,118.8837,968
2025-11-05 15:41,LABU,118.73,118.73,118.73,118.73,343
2025-11-05 15:43,LABU,118.94,118.99,118.93,118.95,1040
2025-11-05 15:44,LABU,118.75,118.92,118.75,118.8953,895
2025-11-05 15:45,LABU,119.0,119.01,118.87,118.87,774
2025-11-05 15:46,LABU,118.88,118.88,118.88,118.88,700
2025-11-05 15:47,LABU,118.88,119.07,118.88,119.07,1194
2025-11-05 15:49,LABU,119.05,119.05,118.7225,118.75,1400
2025-11-05 15:50,LABU,118.84,118.85,118.59,118.6986,1940
2025-11-05 15:51,LABU,118.8299,118.83,118.646,118.646,1239
2025-11-05 15:52,LABU,118.59,118.74,118.59,118.685,1966
2025-11-05 15:53,LABU,118.6925,118.935,118.6925,118.935,2691
2025-11-05 15:54,LABU,118.92,119.0,118.68,118.68,1749
2025-11-05 15:55,LABU,118.77,118.82,118.61,118.78,3026
2025-11-05 15:56,LABU,118.73,119.0,118.73,118.95,1752
2025-11-05 15:57,LABU,119.015,119.015,118.78,118.865,1957
2025-11-05 15:58,LABU,118.8,118.87,118.69,118.69,1069
2025-11-05 15:59,LABU,118.5963,118.74,118.5,118.63,3839
2025-11-05 16:00,LABU,118.26,118.51,118.26,118.51,4519
2025-11-05 16:01,LABU,118.26,118.26,118.26,118.26,302
2025-11-05 16:11,LABU,118.15,118.15,118.15,118.15,100
2025-11-05 16:27,LABU,118.52,118.52,118.52,118.52,100
2025-11-05 17:11,LABU,118.75,118.75,118.75,118.75,231
2025-11-05 17:20,LABU,118.07,118.07,118.07,118.07,200
2025-11-05 18:00,LABU,118.59,118.59,118.59,118.59,100
2025-11-05 18:16,LABU,118.26,118.26,118.26,118.26,220
2025-11-05 18:34,LABU,119.15,119.15,119.15,119.15,100
2025-11-05 18:38,LABU,118.77,118.77,118.77,118.77,1480
2025-11-05 19:14,LABU,118.5,118.5,118.5,118.5,200
2025-11-05 19:51,LABU,118.5,118.5,118.5,118.5,100
2025-11-06 07:00,LABU,119.15,119.15,119.15,119.15,400
2025-11-06 07:01,LABU,119.55,119.55,119.55,119.55,300
2025-11-06 07:05,LABU,119.5,119.5,119.5,119.5,152
2025-11-06 07:15,LABU,119.97,120.0,119.95,120.0,300
2025-11-06 07:19,LABU,119.9,119.9,119.9,119.9,100
2025-11-06 07:37,LABU,119.06,119.06,119.06,119.06,102
2025-11-06 07:59,LABU,119.85,119.85,119.85,119.85,100
2025-11-06 08:00,LABU,119.76,120.15,118.26,120.15,3660
2025-11-06 08:09,LABU,120.21,120.21,120.21,120.21,500
2025-11-06 08:10,LABU,120.5,120.5,120.5,120.5,225
2025-11-06 08:16,LABU,120.63,120.63,120.63,120.63,100
2025-11-06 08:18,LABU,120.5,120.5,120.5,120.5,967
2025-11-06 08:19,LABU,120.5,120.5,120.5,120.5,100
2025-11-06 08:29,LABU,120.6,120.6,120.25,120.42,350
2025-11-06 08:30,LABU,120.26,120.26,120.26,120.26,200
2025-11-06 08:31,LABU,120.25,120.25,120.25,120.25,100
2025-11-06 08:32,LABU,120.28,120.28,120.28,120.28,100
2025-11-06 08:33,LABU,120.28,120.28,120.28,120.28,100
2025-11-06 08:42,LABU,120.58,120.58,120.58,120.58,100
2025-11-06 08:47,LABU,120.87,121.0,120.8503,120.8503,739
2025-11-06 08:48,LABU,120.67,120.67,120.67,120.67,100
2025-11-06 08:49,LABU,120.8,120.8,120.8,120.8,124
2025-11-06 08:55,LABU,120.4,120.4,120.4,120.4,200
2025-11-06 08:58,LABU,120.03,120.03,120.03,120.03,100
2025-11-06 09:00,LABU,120.05,120.05,120.05,120.05,200
2025-11-06 09:02,LABU,120.03,120.03,120.03,120.03,100
2025-11-06 09:04,LABU,120.05,120.05,120.05,120.05,150
2025-11-06 09:05,LABU,119.8,119.8,119.8,119.8,100
2025-11-06 09:07,LABU,119.8,119.8,119.8,119.8,300
2025-11-06 09:11,LABU,119.43,119.43,119.4,119.4,500
2025-11-06 09:26,LABU,119.3,119.3,119.3,119.3,100
2025-11-06 09:29,LABU,119.2,119.2,119.2,119.2,300
2025-11-06 09:30,LABU,119.5,119.52,117.61,117.61,13331
2025-11-06 09:31,LABU,119.0,119.45,118.8,118.8,6210
2025-11-06 09:32,LABU,119.49,119.99,119.0592,119.53,3594
2025-11-06 09:33,LABU,119.345,119.45,118.74,118.74,2410
2025-11-06 09:34,LABU,119.98,120.46,119.98,120.035,1375
2025-11-06 09:35,LABU,119.8625,120.2,119.77,119.77,2525
2025-11-06 09:36,LABU,119.34,119.7184,119.2901,119.45,3717
2025-11-06 09:37,LABU,119.23,119.35,118.875,118.875,1125
2025-11-06 09:38,LABU,118.75,118.8,118.75,118.8,510
2025-11-06 09:39,LABU,119.06,119.06,118.75,118.97,1100
2025-11-06 09:40,LABU,118.55,118.76,118.5,118.76,1382
2025-11-06 09:41,LABU,118.2,118.405,118.15,118.33,2963
2025-11-06 09:42,LABU,118.34,118.34,118.2319,118.3,900
2025-11-06 09:43,LABU,118.1961,118.5,118.1961,118.5,999
2025-11-06 09:44,LABU,118.65,118.65,118.5,118.5,452
2025-11-06 09:45,LABU,118.55,119.55,118.43,119.55,2755
2025-11-06 09:46,LABU,119.69,119.76,119.5,119.5,469
2025-11-06 09:47,LABU,119.68,119.68,119.26,119.3,452
2025-11-06 09:48,LABU,119.31,119.7,119.31,119.3501,608
2025-11-06 09:49,LABU,119.35,119.65,119.3,119.57,1891
2025-11-06 09:50,LABU,119.41,119.49,119.0,119.0,3230
2025-11-06 09:51,LABU,118.92,119.1848,118.8,118.8,3900
2025-11-06 09:52,LABU,119.2,119.6,119.04,119.365,3072
2025-11-06 09:53,LABU,119.04,119.9843,119.04,119.77,3204
2025-11-06 09:54,LABU,119.85,120.045,119.85,120.04,1049
2025-11-06 09:55,LABU,119.7303,119.8,119.7303,119.8,844
2025-11-06 09:56,LABU,119.7,119.7,119.32,119.32,771
2025-11-06 09:57,LABU,118.9882,119.16,118.9882,119.15,542
2025-11-06 09:58,LABU,119.28,119.29,119.0,119.29,699
2025-11-06 09:59,LABU,119.0493,119.1,119.0493,119.1,589
2025-11-06 10:00,LABU,118.8,118.82,118.46,118.67,4364
2025-11-06 10:01,LABU,118.76,118.76,118.7,118.7,672
2025-11-06 10:02,LABU,118.66,118.6649,118.041,118.041,6090
2025-11-06 10:03,LABU,118.25,118.335,118.2156,118.315,2621
2025-11-06 10:04,LABU,118.41,118.41,117.685,117.84,5084
2025-11-06 10:05,LABU,117.8545,118.19,117.85,118.19,1709
2025-11-06 10:06,LABU,118.2838,118.6,118.205,118.6,684
2025-11-06 10:07,LABU,118.67,118.67,118.67,118.67,110
2025-11-06 10:08,LABU,119.2,119.2,119.2,119.2,360
2025-11-06 10:09,LABU,118.3429,118.3429,118.3429,118.3429,300
2025-11-06 10:10,LABU,118.4101,119.36,118.4101,119.08,1301
2025-11-06 10:11,LABU,119.19,119.19,119.19,119.19,100
2025-11-06 10:12,LABU,119.09,119.12,119.09,119.12,400
2025-11-06 10:14,LABU,118.9,118.92,118.4984,118.4984,1200
2025-11-06 10:15,LABU,118.27,118.27,118.27,118.27,100
2025-11-06 10:16,LABU,118.35,118.585,118.34,118.34,335
2025-11-06 10:17,LABU,118.5645,118.5645,118.48,118.48,303
2025-11-06 10:18,LABU,118.8,119.33,118.7174,119.26,4091
2025-11-06 10:19,LABU,119.48,119.865,119.48,119.865,2020
2025-11-06 10:20,LABU,119.83,119.9619,119.83,119.89,580
2025-11-06 10:21,LABU,120.0,120.512,120.0,120.385,3240
2025-11-06 10:22,LABU,120.3675,120.83,120.3675,120.72,3682
2025-11-06 10:23,LABU,120.79,121.0,120.72,120.72,5152
2025-11-06 10:24,LABU,121.0,121.0,120.825,120.9254,1849
2025-11-06 10:25,LABU,120.9,121.0,120.39,120.8765,2191
2025-11-06 10:26,LABU,120.88,121.3793,120.88,121.0,4346
2025-11-06 10:27,LABU,121.01,121.2,120.935,121.075,4013
2025-11-06 10:28,LABU,120.97,120.97,120.925,120.925,400
2025-11-06 10:29,LABU,120.7424,120.7424,120.58,120.58,1406
2025-11-06 10:30,LABU,120.62,120.62,119.8131,119.8131,2411
2025-11-06 10:31,LABU,119.69,119.8,119.5,119.5,1183
2025-11-06 10:32,LABU,119.59,119.91,119.59,119.91,1700
2025-11-06 10:33,LABU,119.4137,119.44,119.2,119.2,2099
2025-11-06 10:34,LABU,119.1,119.385,119.1,119.28,1081
2025-11-06 10:35,LABU,118.73,118.73,118.73,118.73,200
2025-11-06 10:36,LABU,118.6754,118.6754,118.35,118.4325,1600
2025-11-06 10:37,LABU,118.61,118.61,118.09,118.24,2623
2025-11-06 10:38,LABU,118.26,118.465,118.26,118.465,1565
2025-11-06 10:39,LABU,118.43,118.5,117.93,117.93,2586
2025-11-06 10:40,LABU,118.015,118.02,117.85,117.85,791
2025-11-06 10:41,LABU,117.88,117.985,117.7225,117.7225,1512
2025-11-06 10:42,LABU,117.76,117.78,117.66,117.705,10790
2025-11-06 10:43,LABU,117.7247,118.0,117.71,117.956,2277
2025-11-06 10:44,LABU,117.77,117.77,117.35,117.35,995
2025-11-06 10:45,LABU,117.23,117.5,117.22,117.5,9655
2025-11-06 10:46,LABU,117.2119,117.47,117.1542,117.4,4590
2025-11-06 10:47,LABU,117.15,117.215,116.92,116.92,3619
2025-11-06 10:48,LABU,116.82,117.57,116.82,117.57,1199
2025-11-06 10:49,LABU,117.36,117.36,117.08,117.0915,3610
2025-11-06 10:50,LABU,117.255,117.255,116.89,116.89,2446
2025-11-06 10:51,LABU,117.42,117.78,117.42,117.78,300
2025-11-06 10:52,LABU,117.51,117.52,117.51,117.52,400
2025-11-06 10:53,LABU,117.42,117.59,117.42,117.59,787
2025-11-06 10:54,LABU,117.5001,117.9775,117.5001,117.895,1200
2025-11-06 10:55,LABU,118.14,118.27,118.13,118.27,1116
2025-11-06 10:56,LABU,118.2402,118.2402,118.0,118.04,744
2025-11-06 10:57,LABU,118.35,118.425,118.17,118.19,1130
2025-11-06 10:58,LABU,118.4,118.42,118.265,118.3,600
2025-11-06 10:59,LABU,118.1967,118.1967,118.1967,118.1967,390
2025-11-06 11:00,LABU,118.1896,118.1896,118.1896,118.1896,120
2025-11-06 11:01,LABU,118.145,118.19,118.0619,118.19,8828
2025-11-06 11:02,LABU,118.27,118.4507,118.27,118.4507,303
2025-11-06 11:03,LABU,118.61,118.7099,118.4523,118.48,3711
2025-11-06 11:04,LABU,118.48,118.61,118.48,118.61,600
2025-11-06 11:05,LABU,118.61,119.018,118.61,119.018,5488
2025-11-06 11:06,LABU,118.92,118.92,118.8,118.8,735
2025-11-06 11:07,LABU,118.81,118.81,118.805,118.805,700
2025-11-06 11:08,LABU,118.696275,119.03,118.696275,119.03,425
2025-11-06 11:09,LABU,118.9704,118.9704,118.9704,118.9704,100
2025-11-06 11:10,LABU,118.71,118.71,118.16,118.18,824
2025-11-06 11:11,LABU,118.18,118.195,118.18,118.195,300
2025-11-06 11:12,LABU,118.29,118.3,118.29,118.3,345
2025-11-06 11:13,LABU,117.9447,117.9447,117.6517,117.6517,650
2025-11-06 11:14,LABU,117.809,117.809,117.809,117.809,150
2025-11-06 11:15,LABU,118.325,118.325,118.325,118.325,100
2025-11-06 11:16,LABU,118.5,118.52,118.17,118.17,850
2025-11-06 11:17,LABU,118.0801,118.16,118.0801,118.14,325
2025-11-06 11:18,LABU,118.05,118.05,118.02,118.02,300
2025-11-06 11:20,LABU,117.9335,117.9335,117.9335,117.9335,150
2025-11-06 11:21,LABU,118.1805,118.53,118.1805,118.53,1325
2025-11-06 11:23,LABU,118.11,118.21,118.11,118.21,500
2025-11-06 11:24,LABU,118.36,118.36,118.36,118.36,120
2025-11-06 11:25,LABU,118.22,118.22,117.9854,117.9854,2137
2025-11-06 11:26,LABU,117.996,118.21,117.996,118.21,1181
2025-11-06 11:27,LABU,118.19,118.19,118.19,118.19,100
2025-11-06 11:28,LABU,117.92,117.97,117.92,117.97,1200
2025-11-06 11:29,LABU,118.09,118.09,118.09,118.09,100
2025-11-06 11:30,LABU,117.7,117.72,117.69,117.72,874
2025-11-06 11:31,LABU,118.0,118.0,117.84,117.84,1619
2025-11-06 11:32,LABU,117.87,117.87,117.87,117.87,100
2025-11-06 11:33,LABU,117.95,117.99,117.95,117.99,500
2025-11-06 11:35,LABU,117.51,117.51,117.5,117.5,213
2025-11-06 11:36,LABU,117.5758,117.5758,117.5758,117.5758,1000
2025-11-06 11:37,LABU,117.7517,117.7517,117.66,117.66,300
2025-11-06 11:39,LABU,117.71,117.71,117.71,117.71,149
2025-11-06 11:40,LABU,117.66,117.66,117.66,117.66,170
2025-11-06 11:41,LABU,117.65,117.73,117.64,117.73,1622
2025-11-06 11:42,LABU,117.69,117.69,117.51,117.51,400
2025-11-06 11:43,LABU,117.3629,117.3629,117.3629,117.3629,100
2025-11-06 11:44,LABU,117.5,117.51,117.5,117.51,1408
2025-11-06 11:45,LABU,117.5499,117.5499,117.5499,117.5499,100
2025-11-06 11:46,LABU,117.575,117.575,117.43,117.54,2076
2025-11-06 11:47,LABU,117.54,117.54,117.46,117.46,510
2025-11-06 11:48,LABU,117.35,117.35,117.35,117.35,440
2025-11-06 11:49,LABU,117.4397,117.59,117.4397,117.58,600
2025-11-06 11:50,LABU,117.25,117.58,117.25,117.58,1442
2025-11-06 11:51,LABU,117.67,117.67,117.67,117.67,100
2025-11-06 11:52,LABU,117.99,117.99,117.99,117.99,1000
2025-11-06 11:53,LABU,118.13,118.13,118.0,118.0,734
2025-11-06 11:54,LABU,117.74,117.74,117.72,117.72,1138
2025-11-06 11:55,LABU,117.4224,117.4224,117.2849,117.3616,1488
2025-11-06 11:56,LABU,117.38,117.38,116.82,116.842,1619
2025-11-06 11:57,LABU,116.93,117.36,116.93,117.2695,4775
2025-11-06 11:58,LABU,117.365,117.39,117.27,117.27,801
2025-11-06 11:59,LABU,117.44,117.46,117.18,117.18,2716
2025-11-06 12:00,LABU,117.29,117.51,117.29,117.39,1457
2025-11-06 12:01,LABU,117.3285,117.58,117.3285,117.58,814
2025-11-06 12:02,LABU,117.6,117.67,117.4755,117.67,1761
2025-11-06 12:03,LABU,117.8,117.8,117.277,117.277,2750
2025-11-06 12:04,LABU,117.63,118.05,117.63,118.05,750
2025-11-06 12:05,LABU,117.97,118.5399,117.97,118.5399,532
2025-11-06 12:06,LABU,118.57,118.68,118.57,118.68,375
2025-11-06 12:07,LABU,118.37,118.37,118.3683,118.3683,324
2025-11-06 12:08,LABU,118.08,118.08,117.7216,117.95,473
2025-11-06 12:09,LABU,117.92,117.92,117.92,117.92,100
2025-11-06 12:11,LABU,118.63,119.0,118.63,118.82,2498
2025-11-06 12:12,LABU,118.9,118.9,118.3375,118.3375,1015
2025-11-06 12:13,LABU,118.51,118.51,118.22,118.22,215
2025-11-06 12:14,LABU,118.515,118.515,118.13,118.13,2210
2025-11-06 12:16,LABU,118.13,118.13,118.0262,118.0262,1328
2025-11-06 12:17,LABU,118.03,118.03,117.84,117.84,829
2025-11-06 12:18,LABU,117.94,117.99,117.67,117.72,550
2025-11-06 12:19,LABU,117.62,117.6401,117.62,117.6401,499
2025-11-06 12:20,LABU,117.89,117.89,117.875,117.875,400
2025-11-06 12:21,LABU,117.77,117.77,117.3234,117.3234,2206
2025-11-06 12:23,LABU,117.32,117.32,117.32,117.32,100
2025-11-06 12:24,LABU,117.4,117.4,117.4,117.4,200
2025-11-06 12:25,LABU,117.3,117.4,117.3,117.4,724
2025-11-06 12:26,LABU,117.51,117.53,117.4,117.4,1100
2025-11-06 12:27,LABU,117.49,117.84,117.49,117.725,1245
2025-11-06 12:29,LABU,117.85,117.85,117.85,117.85,500
2025-11-06 12:30,LABU,117.89,117.89,117.89,117.89,100
2025-11-06 12:31,LABU,117.91,118.07,117.85,117.9999,831
2025-11-06 12:32,LABU,118.1276,118.1276,117.8728,117.8728,1200
2025-11-06 12:33,LABU,118.16,118.16,118.16,118.16,150
2025-11-06 12:34,LABU,118.16,118.16,117.885,117.885,1000
2025-11-06 12:35,LABU,118.25,118.44,118.25,118.44,514
2025-11-06 12:36,LABU,118.47,118.48,118.425,118.425,700
2025-11-06 12:37,LABU,118.44,118.48,118.21,118.21,2200
2025-11-06 12:39,LABU,118.49,118.49,118.2,118.2,200
2025-11-06 12:40,LABU,118.21,118.25,118.2,118.2,300
2025-11-06 12:41,LABU,118.2,118.2,117.95,118.03,1280
2025-11-06 12:42,LABU,118.1,118.37,118.09,118.37,1500
2025-11-06 12:43,LABU,118.43,118.43,118.3987,118.3987,200
2025-11-06 12:44,LABU,118.39,118.39,118.39,118.39,100
2025-11-06 12:45,LABU,118.5573,118.69,118.555,118.69,424
2025-11-06 12:46,LABU,118.7,118.7,118.57,118.57,310
2025-11-06 12:47,LABU,118.75,118.75,118.75,118.75,107
2025-11-06 12:48,LABU,118.83,118.84,118.6,118.6,444
2025-11-06 12:49,LABU,118.635,118.635,118.4663,118.4663,600
2025-11-06 12:51,LABU,118.665,118.75,118.665,118.7499,880
2025-11-06 12:52,LABU,118.74,119.01,118.74,119.01,1907
2025-11-06 12:53,LABU,118.92,118.92,118.8698,118.8698,1325
2025-11-06 12:54,LABU,118.97,119.19,118.97,119.18,701
2025-11-06 12:55,LABU,119.01,119.01,118.79,118.835,524
2025-11-06 12:57,LABU,118.6101,118.81,118.6101,118.81,353
2025-11-06 12:58,LABU,118.84,118.84,118.84,118.84,100
2025-11-06 12:59,LABU,118.641,118.641,118.63,118.63,690
2025-11-06 13:00,LABU,118.66,118.67,118.66,118.67,3100
2025-11-06 13:01,LABU,119.045,119.13,119.0,119.0,950
2025-11-06 13:02,LABU,119.01,119.01,119.01,119.01,100
2025-11-06 13:03,LABU,118.76,118.76,118.76,118.76,100
2025-11-06 13:04,LABU,118.5238,118.5277,118.41,118.41,300
2025-11-06 13:05,LABU,117.8001,117.95,117.8,117.95,353
2025-11-06 13:06,LABU,117.86,117.968,117.84,117.92,900
2025-11-06 13:07,LABU,118.03,118.13,118.03,118.13,302
2025-11-06 13:08,LABU,117.89,117.99,117.89,117.89,5400
2025-11-06 13:09,LABU,117.75,117.75,117.75,117.75,279
2025-11-06 13:10,LABU,117.85,117.96,117.79,117.79,600
2025-11-06 13:11,LABU,117.81,117.84,117.81,117.81,2412
2025-11-06 13:12,LABU,117.91,117.96,117.87,117.96,300
2025-11-06 13:13,LABU,118.0849,118.0849,117.81,117.81,692
2025-11-06 13:14,LABU,117.82,117.82,117.81,117.81,200
2025-11-06 13:15,LABU,118.17,118.17,118.17,118.17,100
2025-11-06 13:16,LABU,117.79,117.9218,117.752,117.9218,367
2025-11-06 13:17,LABU,117.73,117.77,117.73,117.77,406
2025-11-06 13:18,LABU,117.65,117.65,117.65,117.65,400
2025-11-06 13:20,LABU,117.71,117.71,117.71,117.71,100
2025-11-06 13:21,LABU,117.65,117.77,117.65,117.77,400
2025-11-06 13:23,LABU,117.86,118.09,117.845,118.09,750
2025-11-06 13:24,LABU,118.2999,118.4625,118.2999,118.4625,850
2025-11-06 13:25,LABU,118.65,118.85,118.64,118.79,2850
2025-11-06 13:26,LABU,118.838,119.16,118.838,119.16,1950
2025-11-06 13:27,LABU,118.855,118.855,118.79,118.79,200
2025-11-06 13:28,LABU,118.8,118.8,118.8,118.8,110
2025-11-06 13:29,LABU,118.8009,118.8009,118.8009,118.8009,1800
2025-11-06 13:30,LABU,119.0,119.0,118.9,119.0,705
2025-11-06 13:31,LABU,119.17,119.1996,119.17,119.1996,400
2025-11-06 13:32,LABU,119.18,119.2,119.0804,119.2,5375
2025-11-06 13:33,LABU,119.216,119.22,118.84,118.84,3100
2025-11-06 13:34,LABU,119.0,119.0,119.0,119.0,1666
2025-11-06 13:35,LABU,119.0,119.3,119.0,119.3,1568
2025-11-06 13:36,LABU,119.4643,119.4643,119.4643,119.4643,124
2025-11-06 13:37,LABU,119.55,119.55,119.34,119.39,782
2025-11-06 13:38,LABU,119.43,119.43,119.43,119.43,1250
2025-11-06 13:39,LABU,119.42,119.42,119.41,119.41,800
2025-11-06 13:40,LABU,119.3054,119.3054,119.3054,119.3054,180
2025-11-06 13:41,LABU,119.3319,119.51,119.3319,119.51,1800
2025-11-06 13:42,LABU,119.5,119.5,119.5,119.5,100
2025-11-06 13:43,LABU,119.79,119.79,119.765,119.765,200
2025-11-06 13:44,LABU,119.83,119.8785,119.83,119.8785,1200
2025-11-06 13:45,LABU,119.5744,119.75,119.28,119.75,4128
2025-11-06 13:46,LABU,119.42,119.537,119.3018,119.3018,1585
2025-11-06 13:47,LABU,119.45,119.58,119.41,119.42,600
2025-11-06 13:48,LABU,119.67,119.7896,119.61,119.7896,650
2025-11-06 13:49,LABU,119.69,119.86,119.69,119.86,400
2025-11-06 13:50,LABU,119.79,120.47,119.79,120.28,14765
2025-11-06 13:51,LABU,120.44,120.5,120.15,120.15,787
2025-11-06 13:52,LABU,120.2,120.2999,119.93,119.93,2600
2025-11-06 13:53,LABU,120.02,120.2,119.9,119.9,1682
2025-11-06 13:54,LABU,119.9,120.0262,119.83,120.0262,2100
2025-11-06 13:55,LABU,119.89,119.89,119.72,119.72,961
2025-11-06 13:56,LABU,119.75,119.75,119.745,119.745,200
2025-11-06 13:57,LABU,119.75,119.75,119.4264,119.51,1900
2025-11-06 13:58,LABU,119.33,119.408199,119.32,119.385,830
2025-11-06 13:59,LABU,119.29,119.385,119.29,119.385,800
2025-11-06 14:00,LABU,119.53,119.85,119.53,119.85,900
2025-11-06 14:04,LABU,119.75,120.1,119.75,120.1,679
2025-11-06 14:05,LABU,120.19,120.515,120.19,120.51,1280
2025-11-06 14:06,LABU,120.61,120.79,120.61,120.79,618
2025-11-06 14:07,LABU,120.81,120.81,120.7745,120.7745,484
2025-11-06 14:08,LABU,120.46,120.46,120.401,120.401,270
2025-11-06 14:09,LABU,120.36,120.4553,120.36,120.4553,1900
2025-11-06 14:10,LABU,120.1473,120.1745,120.1473,120.1745,380
2025-11-06 14:11,LABU,120.0624,120.0624,120.0624,120.0624,500
2025-11-06 14:12,LABU,119.77,119.84,119.77,119.84,200
2025-11-06 14:13,LABU,119.79,119.9,119.73,119.9,370
2025-11-06 14:14,LABU,120.02,120.1979,119.9,120.18,2547
2025-11-06 14:15,LABU,120.06,120.06,120.06,120.06,300
2025-11-06 14:16,LABU,120.24,120.24,120.1825,120.185,300
2025-11-06 14:17,LABU,120.24,120.24,120.24,120.24,300
2025-11-06 14:18,LABU,120.01,120.01,119.85,120.005,575
2025-11-06 14:20,LABU,119.942,119.942,119.942,119.942,385
2025-11-06 14:23,LABU,120.1,120.11,120.1,120.11,2242
2025-11-06 14:24,LABU,120.03,120.11,120.03,120.11,300
2025-11-06 14:25,LABU,120.24,120.5,120.24,120.35,3959
2025-11-06 14:26,LABU,120.52,120.65,120.52,120.65,667
2025-11-06 14:27,LABU,120.69,120.74,120.56,120.56,637
2025-11-06 14:28,LABU,120.79,120.84,120.71,120.71,952
2025-11-06 14:29,LABU,120.87,120.8899,120.86,120.8899,825
2025-11-06 14:30,LABU,120.755,120.85,120.755,120.835,1167
2025-11-06 14:31,LABU,120.72,120.8,120.698,120.77,2153
2025-11-06 14:32,LABU,120.9,121.0,120.88,121.0,790
2025-11-06 14:33,LABU,121.1,121.1,121.1,121.1,500
2025-11-06 14:34,LABU,120.99,120.99,120.76,120.76,800
2025-11-06 14:35,LABU,120.815,120.8212,120.815,120.8212,1400
2025-11-06 14:37,LABU,120.9599,120.9599,120.805,120.805,1400
2025-11-06 14:38,LABU,120.82,120.82,120.81,120.81,200
2025-11-06 14:39,LABU,120.95,120.95,120.95,120.95,100
2025-11-06 14:40,LABU,120.785,120.785,120.58,120.59,330
2025-11-06 14:42,LABU,120.47,120.47,120.47,120.47,100
2025-11-06 14:43,LABU,120.43,120.48,120.39,120.465,400
2025-11-06 14:44,LABU,120.39,120.39,120.011,120.34,3732
2025-11-06 14:45,LABU,120.17,120.17,119.8,119.88,1217
2025-11-06 14:46,LABU,119.835,119.835,119.49,119.49,1464
2025-11-06 14:47,LABU,119.56,119.56,119.56,119.56,400
2025-11-06 14:48,LABU,119.73,119.73,119.73,119.73,100
2025-11-06 14:50,LABU,119.72,119.72,119.72,119.72,110
2025-11-06 14:51,LABU,119.7,119.71,119.7,119.71,300
2025-11-06 14:52,LABU,119.715,119.715,119.715,119.715,110
2025-11-06 14:53,LABU,119.7034,119.7034,119.7034,119.7034,400
2025-11-06 14:54,LABU,120.0,120.0,120.0,120.0,100
2025-11-06 14:55,LABU,119.92,119.92,119.92,119.92,400
2025-11-06 14:57,LABU,119.97,120.03,119.95,119.9551,825
2025-11-06 14:58,LABU,120.0,120.0,120.0,120.0,100
2025-11-06 14:59,LABU,119.86,119.86,119.86,119.86,100
2025-11-06 15:00,LABU,119.98,119.98,119.97,119.98,500
2025-11-06 15:02,LABU,119.61,119.62,119.57,119.62,500
2025-11-06 15:03,LABU,119.67,119.67,119.67,119.67,100
2025-11-06 15:05,LABU,119.55,119.72,119.55,119.71,900
2025-11-06 15:07,LABU,119.575,119.575,119.575,119.575,100
2025-11-06 15:08,LABU,119.63,119.63,119.63,119.63,605
2025-11-06 15:09,LABU,119.66,119.8,119.66,119.8,304
2025-11-06 15:12,LABU,119.53,119.65,119.53,119.54,1400
2025-11-06 15:13,LABU,119.61,119.61,119.61,119.61,2057
2025-11-06 15:15,LABU,119.64,119.65,119.6,119.61,675
2025-11-06 15:16,LABU,119.4,119.4,119.12,119.27,3416
2025-11-06 15:17,LABU,119.31,119.31,119.31,119.31,100
2025-11-06 15:18,LABU,119.1793,119.215,119.12,119.215,1400
2025-11-06 15:19,LABU,119.27,119.4539,119.27,119.4539,530
2025-11-06 15:21,LABU,119.41,119.41,119.22,119.29,800
2025-11-06 15:22,LABU,119.39,119.41,119.355,119.3971,1400
2025-11-06 15:23,LABU,119.56,119.56,119.56,119.56,100
2025-11-06 15:24,LABU,119.565,119.565,119.47,119.47,500
2025-11-06 15:26,LABU,119.55,120.0299,119.54,119.72,1480
2025-11-06 15:27,LABU,119.562,119.6,119.562,119.6,2330
2025-11-06 15:28,LABU,119.49,119.49,119.23,119.23,300
2025-11-06 15:29,LABU,119.45,119.45,119.35,119.35,300
2025-11-06 15:30,LABU,119.5,119.53,119.45,119.48,1100
2025-11-06 15:31,LABU,119.54,119.56,119.355,119.355,5755
2025-11-06 15:32,LABU,119.26,119.26,119.26,119.26,100
2025-11-06 15:33,LABU,119.32,119.33,119.11,119.26,1500
2025-11-06 15:34,LABU,119.27,119.29,119.2056,119.29,652
2025-11-06 15:35,LABU,119.25,119.25,119.205,119.205,802
2025-11-06 15:36,LABU,118.955,118.955,118.955,118.955,100
2025-11-06 15:37,LABU,119.0,119.02,118.96,119.02,300
2025-11-06 15:38,LABU,118.96,118.96,118.9,118.95,604
2025-11-06 15:39,LABU,118.725,118.725,118.6763,118.6763,800
2025-11-06 15:40,LABU,118.7186,118.72,118.62,118.72,2400
2025-11-06 15:41,LABU,118.5898,118.68,118.56,118.56,443
2025-11-06 15:42,LABU,118.65,118.72,118.6019,118.628,1727
2025-11-06 15:43,LABU,118.55,118.59,118.49,118.5,2129
2025-11-06 15:44,LABU,118.46,118.5,118.46,118.5,1090
2025-11-06 15:45,LABU,118.65,118.885,118.65,118.875,500
2025-11-06 15:46,LABU,118.855,118.855,118.72,118.72,375
2025-11-06 15:47,LABU,118.77,118.99,118.77,118.97,3050
2025-11-06 15:48,LABU,118.95,118.97,118.8755,118.935,1650
2025-11-06 15:49,LABU,118.75,118.75,118.75,118.75,300
2025-11-06 15:50,LABU,118.83,119.0,118.77,119.0,3047
2025-11-06 15:51,LABU,118.99,119.09,118.91,119.09,2000
2025-11-06 15:52,LABU,119.28,119.41,119.28,119.315,1088
2025-11-06 15:53,LABU,119.24,119.33,119.19,119.33,1403
2025-11-06 15:54,LABU,119.3,119.3,119.13,119.21,975
2025-11-06 15:55,LABU,119.3216,119.3216,119.2,119.2,1099
2025-11-06 15:56,LABU,119.3,119.3,119.3,119.3,100
2025-11-05 10:11,MSFU,50.41,50.45,50.35,50.45,3422
2025-11-05 10:12,MSFU,50.39,50.42,50.39,50.42,1383
2025-11-05 10:13,MSFU,50.44,50.45,50.42,50.45,477
2025-11-05 10:14,MSFU,50.4289,50.4289,50.4289,50.4289,300
2025-11-05 10:15,MSFU,50.4,50.45,50.39,50.45,1018
2025-11-05 10:16,MSFU,50.46,50.4897,50.46,50.489,4482
2025-11-05 10:17,MSFU,50.4699,50.4699,50.4699,50.4699,1000
2025-11-05 10:18,MSFU,50.4586,50.4586,50.415,50.434,638
2025-11-05 10:19,MSFU,50.42,50.42,50.35,50.37,5298
2025-11-05 10:20,MSFU,50.388,50.4099,50.37,50.391,850
2025-11-05 10:21,MSFU,50.34,50.41,50.34,50.4066,4222
2025-11-05 10:22,MSFU,50.3712,50.43,50.35,50.43,2603
2025-11-05 10:23,MSFU,50.56,50.605,50.56,50.5813,1413
2025-11-05 10:24,MSFU,50.62,50.68,50.62,50.668,810
2025-11-05 10:25,MSFU,50.665,50.68,50.665,50.68,662
2025-11-05 10:26,MSFU,50.68,50.7659,50.68,50.7659,2201
2025-11-05 10:27,MSFU,50.75,50.7773,50.75,50.7763,400
2025-11-05 10:28,MSFU,50.784,50.784,50.784,50.784,100
2025-11-05 10:30,MSFU,50.67,50.71,50.67,50.71,500
2025-11-05 10:31,MSFU,50.69,50.71,50.69,50.69,763
2025-11-05 10:32,MSFU,50.713,50.713,50.701,50.701,760
2025-11-05 10:33,MSFU,50.62,50.62,50.595,50.595,200
2025-11-05 10:34,MSFU,50.634,50.6472,50.62,50.62,3300
2025-11-05 10:35,MSFU,50.575,50.575,50.54,50.54,1450
2025-11-05 10:36,MSFU,50.5725,50.5725,50.5725,50.5725,200
2025-11-05 10:37,MSFU,50.5499,50.5499,50.5,50.5129,1850
2025-11-05 10:38,MSFU,50.4434,50.4805,50.4,50.46,1264
2025-11-05 10:39,MSFU,50.47,50.47,50.435,50.46,1133
2025-11-05 10:40,MSFU,50.46,50.47,50.439,50.439,600
2025-11-05 10:41,MSFU,50.45,50.46,50.37,50.37,805
2025-11-05 10:42,MSFU,50.38,50.38,50.3375,50.3375,2479
2025-11-05 10:44,MSFU,50.35,50.35,50.35,50.35,100
2025-11-05 10:45,MSFU,50.33,50.336,50.33,50.336,626
2025-11-05 10:46,MSFU,50.36,50.36,50.3493,50.3493,1515
2025-11-05 10:47,MSFU,50.37,50.3923,50.37,50.392,1010
2025-11-05 10:48,MSFU,50.39,50.39,50.36,50.36,623
2025-11-05 10:49,MSFU,50.3699,50.3699,50.3,50.33,1940
2025-11-05 10:50,MSFU,50.3728,50.3728,50.32,50.32,1600
2025-11-05 10:51,MSFU,50.32,50.34,50.32,50.34,1626
2025-11-05 10:52,MSFU,50.25,50.25,50.25,50.25,2403
2025-11-05 10:53,MSFU,50.22,50.22,50.19,50.2088,464
2025-11-05 10:54,MSFU,50.2,50.23,50.2,50.21,3261
2025-11-05 10:55,MSFU,50.2,50.2,50.17,50.17,2858
2025-11-05 10:56,MSFU,50.15,50.15,50.1,50.1,800
2025-11-05 10:57,MSFU,50.11,50.11,49.99,50.02,2670
2025-11-05 10:58,MSFU,49.98,49.98,49.98,49.98,961
2025-11-05 10:59,MSFU,50.0499,50.0499,49.98,49.98,1261
2025-11-05 11:00,MSFU,50.0,50.0,49.801,49.8673,6643
2025-11-05 11:01,MSFU,49.855,49.93,49.855,49.93,800
2025-11-05 11:02,MSFU,49.97,49.99,49.93,49.96,1776
2025-11-05 11:03,MSFU,49.96,49.96,49.85,49.857,1473
2025-11-05 11:04,MSFU,49.9126,49.988,49.9126,49.988,448
2025-11-05 11:05,MSFU,49.99,50.0,49.97,49.9973,3565
2025-11-05 11:06,MSFU,50.05,50.05,49.995,49.995,647
2025-11-05 11:07,MSFU,49.96,50.03,49.96,50.01,1199
2025-11-05 11:08,MSFU,49.96,49.9674,49.96,49.9674,2572
2025-11-05 11:09,MSFU,49.95,49.95,49.8904,49.9499,2705
2025-11-05 11:10,MSFU,49.96,49.96,49.9,49.9,310
2025-11-05 11:13,MSFU,49.9675,49.9899,49.95,49.9899,1150
2025-11-05 11:14,MSFU,49.98,49.98,49.9,49.9005,3899
2025-11-05 11:15,MSFU,49.91,49.915,49.8566,49.8635,4320
2025-11-05 11:16,MSFU,49.82,49.867,49.82,49.834,2400
2025-11-05 11:17,MSFU,49.82,49.82,49.7504,49.7504,25466
2025-11-05 11:18,MSFU,49.755,49.81,49.755,49.81,2000
2025-11-05 11:19,MSFU,49.79,49.79,49.785,49.785,300
2025-11-05 11:20,MSFU,49.75,49.75,49.7,49.7,2100
2025-11-05 11:21,MSFU,49.6727,49.7299,49.6727,49.72,1300
2025-11-05 11:22,MSFU,49.6838,49.72,49.6838,49.72,2650
2025-11-05 11:23,MSFU,49.71,49.71,49.665,49.6875,935
2025-11-05 11:24,MSFU,49.7591,49.7591,49.7591,49.7591,150
2025-11-05 11:25,MSFU,49.776,49.78,49.75,49.75,700
2025-11-05 11:26,MSFU,49.817,49.8279,49.6801,49.8,7346
2025-11-05 11:27,MSFU,49.77,49.8,49.72,49.8,1926
2025-11-05 11:28,MSFU,49.79,49.83,49.79,49.83,475
2025-11-05 11:29,MSFU,49.865,49.91,49.865,49.91,1024
2025-11-05 11:30,MSFU,49.88,49.89,49.8299,49.8299,3250
2025-11-05 11:31,MSFU,49.83,49.83,49.83,49.83,376
2025-11-05 11:32,MSFU,49.85,49.85,49.8,49.8,965
2025-11-05 11:33,MSFU,49.75,49.7899,49.73,49.7775,950
2025-11-05 11:34,MSFU,49.82,49.82,49.82,49.82,100
2025-11-05 11:35,MSFU,49.78,49.78,49.78,49.78,2000
2025-11-05 11:36,MSFU,49.7553,49.7695,49.565,49.61,2990
2025-11-05 11:37,MSFU,49.65,49.68,49.65,49.68,1313
2025-11-05 11:38,MSFU,49.698,49.7194,49.698,49.7194,904
2025-11-05 11:39,MSFU,49.71,49.71,49.6772,49.71,5900
2025-11-05 11:40,MSFU,49.7293,49.73,49.7,49.73,1028
2025-11-05 11:41,MSFU,49.7168,49.7168,49.692,49.699,325
2025-11-05 11:42,MSFU,49.715,49.715,49.6792,49.6792,400
2025-11-05 11:43,MSFU,49.69,49.72,49.69,49.69,1648
2025-11-05 11:44,MSFU,49.6896,49.6896,49.6494,49.6494,1972
2025-11-05 11:45,MSFU,49.675,49.7,49.675,49.68,900
2025-11-05 11:46,MSFU,49.7163,49.7182,49.71,49.71,1000
2025-11-05 11:47,MSFU,49.68,49.68,49.68,49.68,140
2025-11-05 11:48,MSFU,49.67,49.67,49.61,49.615,990
2025-11-05 11:49,MSFU,49.61,49.6299,49.6,49.61,4625
2025-11-05 11:50,MSFU,49.61,49.65,49.61,49.65,777
2025-11-05 11:51,MSFU,49.66,49.68,49.66,49.68,400
2025-11-05 11:52,MSFU,49.67,49.68,49.655,49.68,600
2025-11-05 11:53,MSFU,49.68,49.68,49.654536,49.6765,1089
2025-11-05 11:54,MSFU,49.66,49.66,49.66,49.66,308
2025-11-05 11:55,MSFU,49.6657,49.69,49.65,49.65,1900
2025-11-05 11:56,MSFU,49.665,49.68,49.63,49.63,9341
2025-11-05 11:57,MSFU,49.6,49.6,49.57,49.5962,2521
2025-11-05 11:58,MSFU,49.57,49.638,49.56,49.638,600
2025-11-05 11:59,MSFU,49.6693,49.689,49.644,49.689,500
2025-11-05 12:00,MSFU,49.68,49.68,49.68,49.68,200
2025-11-05 12:01,MSFU,49.66,49.66,49.651,49.651,299
2025-11-05 12:02,MSFU,49.64,49.64,49.64,49.64,830
2025-11-05 12:03,MSFU,49.645,49.655,49.63,49.6325,1700
2025-11-05 12:04,MSFU,49.6,49.6,49.58,49.58,674
2025-11-05 12:05,MSFU,49.649,49.649,49.64,49.64,200
2025-11-05 12:06,MSFU,49.69,49.69,49.64,49.64,500
2025-11-05 12:07,MSFU,49.65,49.65,49.65,49.65,200
2025-11-05 12:08,MSFU,49.625,49.625,49.6,49.6,800
2025-11-05 12:09,MSFU,49.6,49.64,49.6,49.618,700
2025-11-05 12:10,MSFU,49.609,49.63,49.609,49.63,600
2025-11-05 12:11,MSFU,49.68,49.68,49.68,49.68,152
2025-11-05 12:12,MSFU,49.68,49.72,49.68,49.72,2888
2025-11-05 12:13,MSFU,49.71,49.71,49.694,49.694,2135
2025-11-05 12:14,MSFU,49.71,49.73,49.7001,49.7001,396
2025-11-05 12:15,MSFU,49.7,49.7,49.7,49.7,1000
2025-11-05 12:16,MSFU,49.7,49.8,49.694,49.77,5076
2025-11-05 12:17,MSFU,49.77,49.77,49.7298,49.7298,1750
2025-11-05 12:19,MSFU,49.71,49.71,49.7,49.7,1757
2025-11-05 12:20,MSFU,49.68,49.68,49.65,49.65,3885
2025-11-05 12:21,MSFU,49.66,49.682,49.66,49.682,1242
2025-11-05 12:22,MSFU,49.66,49.6732,49.66,49.6732,200
2025-11-05 12:23,MSFU,49.69,49.69,49.6332,49.6332,2300
2025-11-05 12:24,MSFU,49.6,49.6,49.594,49.594,300
2025-11-05 12:26,MSFU,49.61,49.61,49.5942,49.5942,975
2025-11-05 12:27,MSFU,49.64,49.68,49.64,49.6725,600
2025-11-05 12:29,MSFU,49.66,49.66,49.65,49.65,628
2025-11-05 12:30,MSFU,49.65,49.658,49.65,49.658,1100
2025-11-05 12:31,MSFU,49.671,49.671,49.665,49.665,500
2025-11-05 12:32,MSFU,49.65,49.689,49.65,49.689,650
2025-11-05 12:33,MSFU,49.68,49.68,49.68,49.68,100
2025-11-05 12:34,MSFU,49.72,49.72,49.71,49.72,430
2025-11-05 12:35,MSFU,49.73,49.79,49.73,49.79,1001
2025-11-05 12:36,MSFU,49.8,49.8,49.78,49.78,2598
2025-11-05 12:37,MSFU,49.79,49.79,49.789,49.789,2549
2025-11-05 12:39,MSFU,49.775,49.775,49.74,49.74,1382
2025-11-05 12:40,MSFU,49.749,49.749,49.72,49.7292,802
2025-11-05 12:41,MSFU,49.7296,49.7296,49.67,49.67,1050
2025-11-05 12:42,MSFU,49.7,49.7,49.68,49.68,443
2025-11-05 12:43,MSFU,49.67,49.699,49.67,49.698,2935
2025-11-05 12:44,MSFU,49.7,49.7,49.7,49.7,400
2025-11-05 12:45,MSFU,49.7,49.71,49.7,49.7,10988
2025-11-05 12:46,MSFU,49.7,49.7,49.6604,49.6604,3249
2025-11-05 12:47,MSFU,49.6568,49.6568,49.6568,49.6568,127
2025-11-05 12:48,MSFU,49.74,49.74,49.74,49.74,200
2025-11-05 12:49,MSFU,49.6999,49.6999,49.6999,49.6999,167
2025-11-05 12:50,MSFU,49.675,49.6838,49.675,49.6838,216
2025-11-05 12:51,MSFU,49.68,49.68,49.68,49.68,229
2025-11-05 12:52,MSFU,49.689,49.69,49.68,49.69,1900
2025-11-05 12:53,MSFU,49.6895,49.69,49.6691,49.6691,3187
2025-11-05 12:54,MSFU,49.68,49.6865,49.68,49.68,5446
2025-11-05 12:55,MSFU,49.68,49.68,49.68,49.68,100
2025-11-05 12:56,MSFU,49.66,49.66,49.62,49.62,2650
2025-11-05 12:57,MSFU,49.62,49.625,49.62,49.62,482
2025-11-05 12:58,MSFU,49.61,49.61,49.6,49.6,4902
2025-11-05 12:59,MSFU,49.5937,49.6406,49.5937,49.627,1055
2025-11-05 13:00,MSFU,49.63,49.6358,49.614,49.614,1010
2025-11-05 13:01,MSFU,49.64,49.64,49.6365,49.6365,900
2025-11-05 13:02,MSFU,49.64,49.67,49.64,49.65,2079
2025-11-05 13:03,MSFU,49.65,49.6691,49.65,49.6691,400
2025-11-05 13:04,MSFU,49.68,49.6995,49.68,49.6935,802
2025-11-05 13:05,MSFU,49.7,49.709,49.6807,49.6893,602
2025-11-05 13:06,MSFU,49.7,49.72,49.7,49.7,903
2025-11-05 13:08,MSFU,49.69,49.691,49.67,49.67,1032
2025-11-05 13:09,MSFU,49.67,49.67,49.6699,49.6699,200
2025-11-05 13:10,MSFU,49.65,49.669,49.65,49.669,200
2025-11-05 13:11,MSFU,49.6434,49.6514,49.64,49.64,1952
2025-11-05 13:12,MSFU,49.63,49.68,49.63,49.67,1050
2025-11-05 13:15,MSFU,49.75,49.75,49.75,49.75,400
2025-11-05 13:16,MSFU,49.74,49.74,49.74,49.74,1000
2025-11-05 13:17,MSFU,49.76,49.8,49.76,49.8,6392
2025-11-05 13:18,MSFU,49.8,49.8,49.7726,49.7726,695
2025-11-05 13:20,MSFU,49.77,49.77,49.77,49.77,288
2025-11-05 13:21,MSFU,49.7652,49.79,49.7652,49.785,500
2025-11-05 13:22,MSFU,49.77,49.77,49.72,49.72,1340
2025-11-05 13:23,MSFU,49.715,49.715,49.69,49.69,660
2025-11-05 13:24,MSFU,49.685,49.685,49.63,49.6335,2440
2025-11-05 13:25,MSFU,49.639,49.639,49.57,49.57,300
2025-11-05 13:26,MSFU,49.59,49.59,49.57,49.57,2125
2025-11-05 13:27,MSFU,49.58,49.59,49.5725,49.5725,904
2025-11-05 13:28,MSFU,49.6213,49.6213,49.6213,49.6213,1050
2025-11-05 13:29,MSFU,49.656,49.656,49.656,49.656,100
2025-11-05 13:30,MSFU,49.6561,49.6561,49.6561,49.6561,575
2025-11-05 13:31,MSFU,49.6527,49.6527,49.6527,49.6527,150
2025-11-05 13:32,MSFU,49.63,49.64,49.63,49.64,872
2025-11-05 13:34,MSFU,49.6595,49.6595,49.658,49.658,307
2025-11-05 13:36,MSFU,49.7363,49.7363,49.71,49.735,600
2025-11-05 13:37,MSFU,49.74,49.7438,49.74,49.7438,377
2025-11-05 13:38,MSFU,49.7699,49.78,49.75,49.75,2455
2025-11-05 13:39,MSFU,49.7528,49.78,49.7414,49.7504,1325
2025-11-05 13:40,MSFU,49.7539,49.7799,49.7532,49.7799,800
2025-11-05 13:41,MSFU,49.77,49.79,49.77,49.79,1871
2025-11-05 13:42,MSFU,49.785,49.785,49.77,49.77,479
2025-11-05 13:43,MSFU,49.7835,49.7835,49.7835,49.7835,100
2025-11-05 13:44,MSFU,49.7916,49.7916,49.78,49.78,203
2025-11-05 13:45,MSFU,49.7901,49.8,49.7612,49.8,1100
2025-11-05 13:46,MSFU,49.78,49.78,49.723,49.725,749
2025-11-05 13:47,MSFU,49.7252,49.7252,49.68,49.68,1240
2025-11-05 13:48,MSFU,49.6784,49.7099,49.6682,49.7099,2700
2025-11-05 13:49,MSFU,49.6961,49.6961,49.6805,49.6805,400
2025-11-05 13:50,MSFU,49.72,49.72,49.7,49.7064,399
2025-11-05 13:52,MSFU,49.7,49.7,49.7,49.7,1000
2025-11-05 13:54,MSFU,49.71,49.71,49.688,49.688,200
2025-11-05 13:55,MSFU,49.696,49.697431,49.696,49.697431,1500
2025-11-05 13:56,MSFU,49.69,49.72,49.69,49.72,2180
2025-11-05 13:57,MSFU,49.76,49.76,49.76,49.76,100
2025-11-05 14:00,MSFU,49.76,49.76,49.724,49.724,457
2025-11-05 14:01,MSFU,49.738,49.7388,49.69,49.69,2240
2025-11-05 14:04,MSFU,49.695,49.7183,49.695,49.7183,300
2025-11-05 14:05,MSFU,49.7,49.7,49.69,49.69,200
2025-11-05 14:07,MSFU,49.67,49.6748,49.65,49.65,599
2025-11-05 14:08,MSFU,49.64,49.64,49.63,49.63,1080
2025-11-05 14:09,MSFU,49.645,49.645,49.645,49.645,100
2025-11-05 14:10,MSFU,49.63,49.6499,49.51,49.54,6954
2025-11-05 14:11,MSFU,49.53,49.59,49.46,49.59,6336
2025-11-05 14:12,MSFU,49.56,49.572,49.56,49.572,760
2025-11-05 14:14,MSFU,49.59,49.6303,49.59,49.6225,936
2025-11-05 14:15,MSFU,49.6125,49.65,49.6058,49.65,1599
2025-11-05 14:16,MSFU,49.6549,49.6549,49.634,49.634,1037
2025-11-05 14:17,MSFU,49.635,49.6395,49.6348,49.6348,700
2025-11-05 14:18,MSFU,49.63,49.63,49.63,49.63,400
2025-11-05 14:19,MSFU,49.615,49.615,49.5989,49.61,500
2025-11-05 14:20,MSFU,49.6,49.61,49.52,49.52,1000
2025-11-05 14:21,MSFU,49.515,49.53,49.515,49.53,700
2025-11-05 14:22,MSFU,49.55,49.574,49.55,49.574,300
2025-11-05 14:23,MSFU,49.6,49.6,49.6,49.6,200
2025-11-05 14:24,MSFU,49.62,49.62,49.62,49.62,100
2025-11-05 14:25,MSFU,49.6328,49.64,49.6295,49.64,700
2025-11-05 14:26,MSFU,49.644,49.65,49.644,49.65,300
2025-11-05 14:27,MSFU,49.62,49.62,49.62,49.62,200
2025-11-05 14:28,MSFU,49.5559,49.57,49.53,49.55,2726
2025-11-05 14:29,MSFU,49.5844,49.5844,49.566,49.566,300
2025-11-05 14:30,MSFU,49.55,49.5857,49.55,49.57,3200
2025-11-05 14:32,MSFU,49.57,49.57,49.5527,49.5527,200
2025-11-05 14:33,MSFU,49.55,49.55,49.53,49.53,522
2025-11-05 14:34,MSFU,49.56,49.56,49.56,49.56,100
2025-11-05 14:35,MSFU,49.5282,49.5282,49.5282,49.5282,100
2025-11-05 14:36,MSFU,49.55,49.55,49.53,49.53,200
2025-11-05 14:37,MSFU,49.555,49.56,49.555,49.56,200
2025-11-05 14:39,MSFU,49.54,49.54,49.53,49.5301,743
2025-11-05 14:40,MSFU,49.54,49.54,49.54,49.54,100
2025-11-05 14:42,MSFU,49.57,49.57,49.57,49.57,100
2025-11-05 14:43,MSFU,49.565,49.565,49.565,49.565,120
2025-11-05 14:44,MSFU,49.57,49.57,49.57,49.57,150
2025-11-05 14:45,MSFU,49.52,49.52,49.515,49.515,1151
2025-11-05 14:46,MSFU,49.515,49.518,49.515,49.515,300
2025-11-05 14:47,MSFU,49.5496,49.5496,49.5496,49.5496,3500
2025-11-05 14:48,MSFU,49.5365,49.5365,49.5105,49.523,995
2025-11-05 14:49,MSFU,49.54,49.55,49.5176,49.5371,5300
2025-11-05 14:50,MSFU,49.5103,49.54,49.5103,49.54,366
2025-11-05 14:51,MSFU,49.5436,49.5639,49.5436,49.5639,2200
2025-11-05 14:52,MSFU,49.565,49.59,49.565,49.5766,1662
2025-11-05 14:53,MSFU,49.5707,49.5801,49.54,49.54,880
2025-11-05 14:54,MSFU,49.52,49.53,49.52,49.53,684
2025-11-05 14:56,MSFU,49.53,49.53,49.5,49.5,1622
2025-11-05 14:57,MSFU,49.49,49.52,49.49,49.52,480
2025-11-05 14:58,MSFU,49.5017,49.5017,49.497,49.5,2450
2025-11-05 14:59,MSFU,49.515,49.565,49.515,49.565,400
2025-11-05 15:00,MSFU,49.545,49.56,49.53,49.555,1284
2025-11-05 15:02,MSFU,49.53,49.53,49.52,49.52,922
2025-11-05 15:03,MSFU,49.5262,49.5262,49.5,49.5,4058
2025-11-05 15:04,MSFU,49.5043,49.5043,49.5043,49.5043,301
2025-11-05 15:05,MSFU,49.505,49.505,49.505,49.505,100
2025-11-05 15:06,MSFU,49.509,49.509,49.45,49.45,6057
2025-11-05 15:07,MSFU,49.46,49.4965,49.46,49.467,1403
2025-11-05 15:08,MSFU,49.486,49.505,49.466,49.49,800
2025-11-05 15:10,MSFU,49.52,49.52,49.52,49.52,2071
2025-11-05 15:11,MSFU,49.5001,49.56,49.5001,49.5387,2642
2025-11-05 15:12,MSFU,49.53,49.53,49.52,49.52,1899
2025-11-05 15:13,MSFU,49.52,49.52,49.51,49.51,200
2025-11-05 15:14,MSFU,49.51,49.527,49.505,49.527,400
2025-11-05 15:15,MSFU,49.5296,49.5296,49.5158,49.525,400
2025-11-05 15:16,MSFU,49.53,49.53,49.53,49.53,6538
2025-11-05 15:17,MSFU,49.53,49.5395,49.53,49.5353,360
2025-11-05 15:18,MSFU,49.4935,49.4935,49.4935,49.4935,100
2025-11-05 15:19,MSFU,49.48,49.48,49.45,49.45,620
2025-11-05 15:20,MSFU,49.46,49.46,49.445,49.445,5690
2025-11-05 15:22,MSFU,49.4457,49.4457,49.4457,49.4457,120
2025-11-05 15:23,MSFU,49.4697,49.47,49.4697,49.47,450
2025-11-05 15:24,MSFU,49.46,49.46,49.45,49.45,899
2025-11-05 15:25,MSFU,49.47,49.4944,49.47,49.475,954
2025-11-05 15:26,MSFU,49.47,49.47,49.43,49.43,2621
2025-11-05 15:27,MSFU,49.42,49.43,49.4,49.4212,3438
2025-11-05 15:28,MSFU,49.4349,49.45,49.4149,49.45,2009
2025-11-05 15:29,MSFU,49.45,49.45,49.41,49.4161,1880
2025-11-05 15:30,MSFU,49.46,49.49,49.45,49.45,1976
2025-11-05 15:31,MSFU,49.4535,49.456,49.44,49.45,2295
2025-11-05 15:32,MSFU,49.4488,49.4699,49.4488,49.46,1751
2025-11-05 15:33,MSFU,49.49,49.49,49.49,49.49,500
2025-11-05 15:34,MSFU,49.49,49.49,49.469,49.469,500
2025-11-05 15:36,MSFU,49.47,49.47,49.45,49.45,300
2025-11-05 15:37,MSFU,49.4535,49.47,49.4535,49.47,247
2025-11-05 15:38,MSFU,49.44,49.44,49.37,49.3874,4753
2025-11-05 15:39,MSFU,49.38,49.38,49.3362,49.3362,3180
2025-11-05 15:40,MSFU,49.35,49.35,49.29,49.3347,5575
2025-11-05 15:41,MSFU,49.34,49.36,49.294,49.36,3566
2025-11-05 15:43,MSFU,49.35,49.36,49.34,49.34,1318
2025-11-05 15:44,MSFU,49.35,49.35,49.34,49.34,200
2025-11-05 15:45,MSFU,49.3825,49.39,49.3,49.32,4030
2025-11-05 15:46,MSFU,49.35,49.36,49.33,49.3501,6584
2025-11-05 15:47,MSFU,49.35,49.351,49.3301,49.3501,5234
2025-11-05 15:48,MSFU,49.375,49.4,49.375,49.4,391
2025-11-05 15:49,MSFU,49.3648,49.37,49.35,49.37,600
2025-11-05 15:50,MSFU,49.4,49.485,49.3806,49.3806,3178
2025-11-05 15:51,MSFU,49.4312,49.4312,49.38,49.38,4400
2025-11-05 15:52,MSFU,49.38,49.4099,49.355,49.36,2780
2025-11-05 15:53,MSFU,49.33,49.33,49.3,49.31,5437
2025-11-05 15:54,MSFU,49.32,49.44,49.32,49.44,2700
2025-11-05 15:55,MSFU,49.42,49.42,49.3188,49.3188,1770
2025-11-05 15:56,MSFU,49.32,49.32,49.25,49.259,900
2025-11-05 15:57,MSFU,49.23,49.24,49.2,49.24,5084
2025-11-05 15:58,MSFU,49.24,49.27,49.22,49.26,2964
2025-11-05 15:59,MSFU,49.2601,49.3446,49.2517,49.29,5681
2025-11-05 16:00,MSFU,49.31,49.31,49.25,49.25,3251
2025-11-05 16:01,MSFU,49.2,49.21,49.2,49.21,220
2025-11-05 16:02,MSFU,49.25,49.25,49.25,49.25,425
2025-11-05 16:04,MSFU,49.25,49.25,49.25,49.25,103
2025-11-05 16:08,MSFU,49.25,49.25,49.11,49.11,300
2025-11-05 16:09,MSFU,49.11,49.11,49.11,49.11,387
2025-11-05 16:10,MSFU,49.2,49.2,49.2,49.2,200
2025-11-05 16:12,MSFU,49.21,49.21,49.21,49.21,100
2025-11-05 16:13,MSFU,49.24,49.24,49.24,49.24,100
2025-11-05 16:14,MSFU,49.23,49.23,49.23,49.23,100
2025-11-05 16:16,MSFU,49.21,49.21,49.21,49.21,425
2025-11-05 16:18,MSFU,49.25,49.25,49.24,49.24,566
2025-11-05 16:20,MSFU,49.29,49.29,49.29,49.29,387
2025-11-05 16:22,MSFU,49.27,49.27,49.27,49.27,288
2025-11-05 16:23,MSFU,49.27,49.27,49.27,49.27,1000
2025-11-05 16:24,MSFU,49.27,49.27,49.2594,49.2594,200
2025-11-05 16:32,MSFU,49.26,49.26,49.26,49.26,600
2025-11-05 16:37,MSFU,49.25,49.28,49.23,49.23,1363
2025-11-05 16:38,MSFU,49.26,49.26,49.26,49.26,109
2025-11-05 16:40,MSFU,49.22,49.22,49.22,49.22,202
2025-11-05 16:47,MSFU,49.28,49.28,49.28,49.28,100
2025-11-05 16:48,MSFU,49.29,49.29,49.29,49.29,300
2025-11-05 16:49,MSFU,49.269,49.269,49.269,49.269,100
2025-11-05 16:50,MSFU,49.27,49.27,49.27,49.27,119
2025-11-05 16:51,MSFU,49.27,49.27,49.27,49.27,100
2025-11-05 16:59,MSFU,49.21,49.21,49.2,49.2,400
2025-11-05 17:01,MSFU,49.25,49.25,49.25,49.25,172
2025-11-05 17:06,MSFU,49.29,49.29,49.29,49.29,100
2025-11-05 17:16,MSFU,49.29,49.29,49.29,49.29,100
2025-11-05 17:17,MSFU,49.289,49.289,49.28,49.28,414
2025-11-05 17:18,MSFU,49.28,49.28,49.28,49.28,100
2025-11-05 17:22,MSFU,49.23,49.23,49.23,49.23,100
2025-11-05 17:26,MSFU,49.26,49.27,49.249,49.27,5100
2025-11-05 17:27,MSFU,49.279,49.29,49.279,49.2896,1437
2025-11-05 17:30,MSFU,49.29,49.29,49.29,49.29,100
2025-11-05 17:40,MSFU,49.25,49.25,49.25,49.25,800
2025-11-05 17:41,MSFU,49.25,49.25,49.25,49.25,200
2025-11-05 17:42,MSFU,49.31,49.31,49.31,49.31,5776
2025-11-05 17:44,MSFU,49.22,49.22,49.22,49.22,100
2025-11-05 17:49,MSFU,49.25,49.25,49.25,49.25,300
2025-11-05 17:53,MSFU,49.28,49.28,49.28,49.28,100
2025-11-05 18:02,MSFU,49.2,49.2,49.2,49.2,400
2025-11-05 18:08,MSFU,49.18,49.18,49.18,49.18,100
2025-11-05 18:18,MSFU,49.22,49.22,49.22,49.22,300
2025-11-05 18:29,MSFU,49.25,49.25,49.25,49.25,100
2025-11-05 18:34,MSFU,49.24,49.24,49.24,49.24,100
2025-11-05 18:35,MSFU,49.2,49.2,49.2,49.2,100
2025-11-05 19:02,MSFU,49.24,49.24,49.2385,49.2385,559
2025-11-05 19:03,MSFU,49.2,49.2,49.2,49.2,140
2025-11-05 19:10,MSFU,49.1996,49.1996,49.1996,49.1996,100
2025-11-05 19:14,MSFU,49.18,49.18,49.18,49.18,150
2025-11-05 19:20,MSFU,49.17,49.17,49.17,49.17,100
2025-11-05 19:21,MSFU,49.19,49.19,49.19,49.19,276
2025-11-05 19:24,MSFU,49.15,49.15,49.15,49.15,200
2025-11-05 19:26,MSFU,49.11,49.11,49.11,49.11,100
2025-11-05 19:27,MSFU,49.1,49.1,49.08,49.08,400
2025-11-05 19:35,MSFU,49.0809,49.0809,49.0809,49.0809,3105
2025-11-05 19:39,MSFU,49.0801,49.0801,49.0801,49.0801,138
2025-11-05 19:50,MSFU,49.14,49.14,49.11,49.11,200
2025-11-05 19:51,MSFU,49.1101,49.1101,49.1101,49.1101,200
2025-11-05 19:52,MSFU,49.14,49.14,49.14,49.14,190
2025-11-05 19:53,MSFU,49.14,49.14,49.14,49.14,380
2025-11-05 19:54,MSFU,49.1205,49.1205,49.12,49.12,390
2025-11-05 19:55,MSFU,49.14,49.1481,49.14,49.1481,380
2025-11-05 19:56,MSFU,49.14,49.14,49.14,49.14,190
2025-11-05 19:59,MSFU,49.25,49.25,49.25,49.25,100
2025-11-06 07:02,MSFU,49.2,49.2,49.2,49.2,153
2025-11-06 07:06,MSFU,49.19,49.19,49.18,49.18,253
2025-11-06 07:08,MSFU,49.18,49.18,49.18,49.18,100
2025-11-06 07:11,MSFU,49.18,49.18,49.18,49.18,153
2025-11-06 07:12,MSFU,49.15,49.15,49.15,49.15,400
2025-11-06 07:25,MSFU,49.14,49.14,49.14,49.14,115
2025-11-06 07:37,MSFU,49.16,49.16,49.15,49.15,238
2025-11-06 07:44,MSFU,49.13,49.13,49.13,49.13,400
2025-11-06 07:45,MSFU,49.13,49.13,49.13,49.13,987
2025-11-06 07:46,MSFU,49.17,49.17,49.15,49.15,550
2025-11-06 07:50,MSFU,49.13,49.13,49.13,49.13,100
2025-11-06 07:59,MSFU,49.18,49.18,49.18,49.18,700
2025-11-06 08:00,MSFU,49.1319,49.2,49.11,49.18,7332
2025-11-06 08:01,MSFU,49.18,49.39,49.05,49.05,5101
2025-11-06 08:02,MSFU,48.99,49.2,48.95,48.99,1230
2025-11-06 08:03,MSFU,49.19,49.2,49.19,49.2,261
2025-11-06 08:04,MSFU,49.19,49.2,49.19,49.2,2252
2025-11-06 08:05,MSFU,49.2,49.2,49.2,49.2,100
2025-11-06 08:06,MSFU,49.21,49.25,49.21,49.25,600
2025-11-06 08:09,MSFU,49.24,49.24,49.24,49.24,100
2025-11-06 08:10,MSFU,49.24,49.24,49.2374,49.2374,857
2025-11-06 08:11,MSFU,49.2379,49.2379,49.2379,49.2379,200
2025-11-06 08:16,MSFU,49.27,49.27,49.27,49.27,775
2025-11-06 08:17,MSFU,49.26,49.26,49.26,49.26,100
2025-11-06 08:18,MSFU,49.24,49.24,49.24,49.24,158
2025-11-06 08:20,MSFU,49.28,49.28,49.28,49.28,113
2025-11-06 08:21,MSFU,49.27,49.27,49.27,49.27,990
2025-11-06 08:23,MSFU,49.24,49.25,49.24,49.24,700
2025-11-06 08:24,MSFU,49.24,49.24,49.24,49.24,1555
2025-11-06 08:25,MSFU,49.23,49.23,49.23,49.23,112
2025-11-06 08:27,MSFU,49.27,49.27,49.27,49.27,313
2025-11-06 08:28,MSFU,49.24,49.24,49.23,49.23,200
2025-11-06 08:38,MSFU,49.22,49.22,49.22,49.22,1000
2025-11-06 08:40,MSFU,49.18,49.18,49.18,49.18,1000
2025-11-06 08:42,MSFU,49.22,49.22,49.22,49.22,100
2025-11-06 08:45,MSFU,49.3,49.3,49.3,49.3,100
2025-11-06 08:46,MSFU,49.35,49.35,49.28,49.28,856
2025-11-06 08:47,MSFU,49.22,49.23,49.22,49.23,200
2025-11-06 08:48,MSFU,49.25,49.25,49.25,49.25,100
2025-11-06 08:49,MSFU,49.23,49.23,49.23,49.23,100
2025-11-06 08:50,MSFU,49.22,49.22,49.22,49.22,204
2025-11-06 08:51,MSFU,49.213,49.2686,49.213,49.2686,300
2025-11-06 08:53,MSFU,49.26,49.26,49.26,49.26,350
2025-11-06 08:54,MSFU,49.29,49.29,49.29,49.29,300
2025-11-06 08:57,MSFU,49.21,49.21,49.2,49.2,550
2025-11-06 08:58,MSFU,49.19,49.19,49.19,49.19,200
2025-11-06 09:07,MSFU,49.11,49.11,49.11,49.11,100
2025-11-06 09:08,MSFU,49.1,49.1016,49.05,49.07,6585
2025-11-06 09:10,MSFU,49.07,49.08,49.07,49.08,1656
2025-11-06 09:14,MSFU,49.18,49.18,49.18,49.18,150
2025-11-06 09:16,MSFU,49.1,49.1,49.08,49.08,316
2025-11-06 09:18,MSFU,49.129,49.129,49.129,49.129,155
2025-11-06 09:23,MSFU,49.05,49.05,49.05,49.05,500
2025-11-06 09:26,MSFU,49.1374,49.1374,49.1374,49.1374,207
2025-11-06 09:27,MSFU,49.17,49.17,49.09,49.09,3177
2025-11-06 09:29,MSFU,49.06,49.08,49.06,49.08,200
2025-11-06 09:30,MSFU,49.03,49.03,48.6,48.805,15212
2025-11-06 09:31,MSFU,48.88,48.9199,48.68,48.7326,5313
2025-11-06 09:32,MSFU,48.8,48.8,48.53,48.6486,10653
2025-11-06 09:33,MSFU,48.66,48.66,48.5368,48.57,2375
2025-11-06 09:34,MSFU,48.59,48.65,48.59,48.61,600
2025-11-06 09:35,MSFU,48.58,48.58,48.45,48.56,13808
2025-11-06 09:36,MSFU,48.58,48.7,48.55,48.69,2815
2025-11-06 09:37,MSFU,48.71,48.71,48.61,48.63,3678
2025-11-06 09:38,MSFU,48.6795,48.6795,48.521,48.521,1658
2025-11-06 09:39,MSFU,48.5,48.576,48.5,48.5364,5746
2025-11-06 09:40,MSFU,48.55,48.55,48.39,48.41,10417
2025-11-06 09:41,MSFU,48.4,48.4,48.22,48.275,8171
2025-11-06 09:42,MSFU,48.3,48.41,48.29,48.4093,5442
2025-11-06 09:43,MSFU,48.36,48.4661,48.36,48.43,2711
2025-11-06 09:44,MSFU,48.4,48.4,48.3382,48.3382,8705
2025-11-06 09:45,MSFU,48.32,48.4425,48.3045,48.44,13029
2025-11-06 09:46,MSFU,48.435,48.435,48.3,48.39,5617
2025-11-06 09:47,MSFU,48.4,48.4085,48.26,48.2784,6905
2025-11-06 09:48,MSFU,48.24,48.31,48.23,48.2608,2551
2025-11-06 09:49,MSFU,48.27,48.27,48.18,48.18,1610
2025-11-06 09:50,MSFU,48.16,48.16,48.04,48.11,6631
2025-11-06 09:51,MSFU,48.105,48.118,48.03,48.045,7692
2025-11-06 09:52,MSFU,48.04,48.0599,48.0,48.032,6085
2025-11-06 09:53,MSFU,48.04,48.04,47.9372,47.99,11174
2025-11-06 09:54,MSFU,47.99,47.99,47.8,47.8004,10300
2025-11-06 09:55,MSFU,47.8114,47.84,47.66,47.7116,14051
2025-11-06 09:56,MSFU,47.66,47.825,47.64,47.81,15101
2025-11-06 09:57,MSFU,47.82,47.83,47.75,47.7975,10250
2025-11-06 09:58,MSFU,47.86,47.88,47.8,47.8,2234
2025-11-06 09:59,MSFU,47.83,47.84,47.75,47.77,7116
2025-11-06 10:00,MSFU,47.76,47.77,47.6792,47.69,7935
2025-11-06 10:01,MSFU,47.7,47.7495,47.7,47.7396,2100
2025-11-06 10:02,MSFU,47.7896,47.8,47.7511,47.7579,5779
2025-11-06 10:03,MSFU,47.77,47.89,47.76,47.8732,8369
2025-11-06 10:04,MSFU,47.83,47.83,47.76,47.76,2774
2025-11-06 10:05,MSFU,47.74,47.89,47.74,47.83,3782
2025-11-06 10:06,MSFU,47.87,47.9096,47.84,47.85,2570
2025-11-06 10:07,MSFU,47.9095,47.9642,47.9095,47.9642,904
2025-11-06 10:08,MSFU,47.96,47.99,47.88,47.88,8325
2025-11-06 10:09,MSFU,47.89,47.925,47.88,47.925,2910
2025-11-06 10:10,MSFU,47.97,48.07,47.97,48.07,5177
2025-11-06 10:11,MSFU,48.03,48.13,48.02,48.13,1869
2025-11-06 10:12,MSFU,48.0977,48.14,48.087,48.1,1600
2025-11-06 10:13,MSFU,48.083,48.083,47.9193,47.9193,1541
2025-11-06 10:14,MSFU,47.945,47.945,47.945,47.945,113
2025-11-06 10:15,MSFU,47.91,48.0,47.91,47.98,3196
2025-11-06 10:17,MSFU,48.1113,48.1113,48.1113,48.1113,136
2025-11-06 10:18,MSFU,48.14,48.2094,48.14,48.16,2197
2025-11-06 10:19,MSFU,48.1868,48.1868,48.065,48.065,900
2025-11-06 10:20,MSFU,48.085,48.11,48.075,48.075,650
2025-11-06 10:21,MSFU,48.1,48.18,48.1,48.1518,2540
2025-11-06 10:22,MSFU,48.21,48.26,48.21,48.248,1100
2025-11-06 10:23,MSFU,48.28,48.29,48.235,48.235,2010
2025-11-06 10:24,MSFU,48.26,48.26,48.2,48.22,1456
2025-11-06 10:25,MSFU,48.1895,48.21,48.1835,48.21,1702
2025-11-06 10:26,MSFU,48.22,48.22,48.19,48.19,200
2025-11-06 10:27,MSFU,48.14,48.14,48.11,48.12,500
2025-11-06 10:28,MSFU,48.14,48.16,48.14,48.16,300
2025-11-06 10:29,MSFU,48.139,48.19,48.13,48.19,2728
2025-11-06 10:30,MSFU,48.1921,48.1921,48.16,48.1795,731
2025-11-06 10:31,MSFU,48.1,48.105,48.075,48.075,2085
2025-11-06 10:32,MSFU,48.075,48.075,47.97,47.98,2058
2025-11-06 10:33,MSFU,47.9144,47.95,47.9144,47.95,1434
2025-11-06 10:34,MSFU,47.92,47.93,47.9028,47.93,3007
2025-11-06 10:36,MSFU,47.87,47.87,47.8,47.81,800
2025-11-06 10:37,MSFU,47.7,47.74,47.681,47.7299,4927
2025-11-06 10:38,MSFU,47.7007,47.8,47.7,47.77,11825
2025-11-06 10:39,MSFU,47.7,47.7275,47.7,47.7071,3352
2025-11-06 10:40,MSFU,47.7,47.735,47.46,47.4901,4190
2025-11-06 10:41,MSFU,47.5101,47.56,47.51,47.56,1072
2025-11-06 10:42,MSFU,47.54,47.54,47.49,47.5,500
2025-11-06 10:43,MSFU,47.49,47.505,47.4801,47.485,1547
2025-11-06 10:44,MSFU,47.46,47.46,47.4,47.41,1743
2025-11-06 10:45,MSFU,47.39,47.4996,47.39,47.47,4156
2025-11-06 10:46,MSFU,47.4956,47.4956,47.47,47.47,680
2025-11-06 10:47,MSFU,47.47,47.54,47.46,47.54,1899
2025-11-06 10:48,MSFU,47.547,47.6095,47.547,47.55,1381
2025-11-06 10:49,MSFU,47.4925,47.505,47.48,47.49,1762
2025-11-06 10:50,MSFU,47.4788,47.4788,47.3263,47.3263,2800
2025-11-06 10:51,MSFU,47.36,47.385,47.3279,47.385,910
2025-11-06 10:52,MSFU,47.32,47.32,47.2826,47.3073,995
2025-11-06 10:53,MSFU,47.3241,47.3241,47.25,47.25,6380
2025-11-06 10:54,MSFU,47.29,47.294267,47.23,47.25,1117
2025-11-06 10:55,MSFU,47.27,47.3193,47.26,47.2971,1473
2025-11-06 10:56,MSFU,47.31,47.31,47.2,47.2,1101
2025-11-06 10:57,MSFU,47.3194,47.325,47.2905,47.2905,1774
2025-11-06 10:58,MSFU,47.3182,47.3182,47.2767,47.2767,1191
2025-11-06 10:59,MSFU,47.249,47.249,47.145,47.145,1150
2025-11-06 11:00,MSFU,47.2,47.21,47.17,47.21,6180
2025-11-06 11:01,MSFU,47.31,47.31,47.265,47.2711,1000
2025-11-06 11:02,MSFU,47.24,47.25,47.2316,47.25,946
2025-11-06 11:03,MSFU,47.24,47.269,47.23,47.2451,3359
2025-11-06 11:04,MSFU,47.265,47.4068,47.25,47.399,3045
2025-11-06 11:05,MSFU,47.4094,47.4094,47.285,47.285,3100
2025-11-06 11:06,MSFU,47.37,47.37,47.3225,47.3225,1500
2025-11-06 11:07,MSFU,47.328,47.328,47.27,47.3142,1340
2025-11-06 11:08,MSFU,47.351,47.43,47.351,47.43,1400
2025-11-06 11:09,MSFU,47.4429,47.4429,47.37,47.37,456
2025-11-06 11:10,MSFU,47.345,47.345,47.295,47.3,707
2025-11-06 11:11,MSFU,47.34,47.386,47.3301,47.3715,2814
2025-11-06 11:12,MSFU,47.4076,47.4076,47.3036,47.34,1216
2025-11-06 11:14,MSFU,47.4,47.4,47.4,47.4,100
2025-11-06 11:15,MSFU,47.43,47.43,47.39,47.39,387
2025-11-06 11:16,MSFU,47.3927,47.3927,47.35,47.35,2155
2025-11-06 11:17,MSFU,47.32,47.3419,47.32,47.3419,1600
2025-11-06 11:18,MSFU,47.32,47.32,47.3,47.3,200
2025-11-06 11:20,MSFU,47.31,47.32,47.3,47.3,1221
2025-11-06 11:21,MSFU,47.25,47.27,47.245,47.27,1950
2025-11-06 11:22,MSFU,47.34,47.35,47.32,47.3497,2200
2025-11-06 11:23,MSFU,47.31,47.3353,47.2955,47.3353,4454
2025-11-06 11:25,MSFU,47.3345,47.3345,47.29,47.29,365
2025-11-06 11:26,MSFU,47.4175,47.4175,47.36,47.4,653
2025-11-06 11:27,MSFU,47.45,47.45,47.45,47.45,1000
2025-11-06 11:28,MSFU,47.47,47.47,47.47,47.47,200
2025-11-06 11:29,MSFU,47.49,47.51,47.49,47.51,400
2025-11-06 11:30,MSFU,47.52,47.5284,47.52,47.5284,450
2025-11-06 11:31,MSFU,47.565,47.565,47.545,47.545,1200
2025-11-06 11:32,MSFU,47.4989,47.51,47.4989,47.51,300
2025-11-06 11:33,MSFU,47.5068,47.5068,47.5068,47.5068,300
2025-11-06 11:34,MSFU,47.54,47.55,47.52,47.52,500
2025-11-06 11:35,MSFU,47.41,47.4202,47.35,47.38,3640
2025-11-06 11:37,MSFU,47.4,47.4304,47.38,47.38,650
2025-11-06 11:38,MSFU,47.4,47.4,47.36,47.3835,1747
2025-11-06 11:39,MSFU,47.3653,47.3653,47.33,47.33,5784
2025-11-06 11:40,MSFU,47.4,47.4622,47.4,47.4622,717
2025-11-06 11:41,MSFU,47.5,47.5,47.5,47.5,4018
2025-11-06 11:42,MSFU,47.5,47.5,47.5,47.5,100
2025-11-06 11:43,MSFU,47.42,47.42,47.41,47.41,1400
2025-11-06 11:44,MSFU,47.44,47.47,47.4373,47.4373,578
2025-11-06 11:45,MSFU,47.435,47.435,47.33,47.33,3618
2025-11-06 11:46,MSFU,47.32,47.32,47.32,47.32,156
2025-11-06 11:47,MSFU,47.33,47.355,47.33,47.355,1903
2025-11-06 11:48,MSFU,47.39,47.4,47.39,47.4,500
2025-11-06 11:49,MSFU,47.425,47.4395,47.425,47.4395,600
2025-11-06 11:50,MSFU,47.42,47.46,47.42,47.46,1100
2025-11-06 11:51,MSFU,47.52,47.52,47.5,47.511,2000
2025-11-06 11:52,MSFU,47.53,47.5409,47.53,47.5409,500
2025-11-06 11:53,MSFU,47.5275,47.5635,47.5275,47.56,1873
2025-11-06 11:54,MSFU,47.525,47.6306,47.51,47.6306,3000
2025-11-06 11:55,MSFU,47.61,47.61,47.5104,47.5104,1462
2025-11-06 11:56,MSFU,47.5,47.5,47.5,47.5,350
2025-11-06 11:57,MSFU,47.49,47.54,47.49,47.54,515
2025-11-06 11:58,MSFU,47.54,47.54,47.54,47.54,100
2025-11-06 11:59,MSFU,47.5,47.5,47.4563,47.47,1300
2025-11-06 12:00,MSFU,47.53,47.59,47.53,47.57,2580
2025-11-06 12:01,MSFU,47.5796,47.58,47.5275,47.5275,1909
2025-11-06 12:02,MSFU,47.54,47.548,47.54,47.548,400
2025-11-06 12:03,MSFU,47.58,47.58,47.53,47.53,700
2025-11-06 12:04,MSFU,47.53,47.555,47.53,47.53,1946
2025-11-06 12:05,MSFU,47.51,47.53,47.46,47.495,2370
2025-11-06 12:06,MSFU,47.49,47.49,47.49,47.49,100
2025-11-06 12:07,MSFU,47.48,47.49,47.399,47.399,1082
2025-11-06 12:08,MSFU,47.3651,47.3651,47.31,47.3105,611
2025-11-06 12:09,MSFU,47.325,47.3999,47.325,47.3999,1893
2025-11-06 12:10,MSFU,47.38,47.41,47.38,47.41,456
2025-11-06 12:11,MSFU,47.475,47.56,47.475,47.56,1062
2025-11-06 12:12,MSFU,47.55,47.55,47.54,47.54,400
2025-11-06 12:14,MSFU,47.5075,47.53,47.505,47.52,1155
2025-11-06 12:15,MSFU,47.49,47.5,47.4631,47.5,2054
2025-11-06 12:17,MSFU,47.5,47.5,47.5,47.5,400
2025-11-06 12:18,MSFU,47.581,47.581,47.581,47.581,400
2025-11-06 12:19,MSFU,47.5254,47.5254,47.49,47.49,896
2025-11-06 12:20,MSFU,47.485,47.485,47.41,47.42,565
2025-11-06 12:21,MSFU,47.409,47.409,47.37,47.37,405
2025-11-06 12:22,MSFU,47.3616,47.3616,47.3616,47.3616,800
2025-11-06 12:23,MSFU,47.4278,47.43,47.4,47.4,650
2025-11-06 12:25,MSFU,47.37,47.37,47.36,47.36,800
2025-11-06 12:26,MSFU,47.42,47.42,47.42,47.42,100
2025-11-06 12:27,MSFU,47.3967,47.45,47.3866,47.41,1453
2025-11-06 12:29,MSFU,47.427,47.427,47.427,47.427,500
2025-11-06 12:30,MSFU,47.44,47.48,47.42,47.444,1932
2025-11-06 12:31,MSFU,47.42,47.42,47.371,47.371,500
2025-11-06 12:33,MSFU,47.4,47.43,47.4,47.43,396
2025-11-06 12:34,MSFU,47.41,47.41,47.41,47.41,100
2025-11-06 12:35,MSFU,47.4,47.4496,47.4,47.4496,1396
2025-11-06 12:36,MSFU,47.45,47.46,47.44,47.46,400
2025-11-06 12:37,MSFU,47.45,47.45,47.45,47.45,136
2025-11-06 12:38,MSFU,47.47,47.489,47.47,47.489,1200
2025-11-06 12:39,MSFU,47.45,47.492833,47.44,47.44,7600
2025-11-06 12:40,MSFU,47.44,47.44,47.43,47.43,1204
2025-11-06 12:41,MSFU,47.47,47.47,47.47,47.47,100
2025-11-06 12:42,MSFU,47.5005,47.5005,47.4605,47.49,2250
2025-11-06 12:43,MSFU,47.485,47.4858,47.47,47.48,1810
2025-11-06 12:44,MSFU,47.5091,47.5091,47.455,47.455,400
2025-11-06 12:45,MSFU,47.4999,47.4999,47.47,47.47,326
2025-11-06 12:46,MSFU,47.47,47.47,47.46,47.46,251
2025-11-06 12:47,MSFU,47.44,47.45,47.43,47.45,600
2025-11-06 12:48,MSFU,47.45,47.45,47.42,47.42,500
2025-11-06 12:49,MSFU,47.425,47.425,47.425,47.425,100
2025-11-06 12:50,MSFU,47.4311,47.4807,47.43,47.4807,974
2025-11-06 12:51,MSFU,47.4892,47.4892,47.4696,47.4696,200
2025-11-06 12:53,MSFU,47.4341,47.46,47.4341,47.46,440
2025-11-06 12:54,MSFU,47.47,47.5,47.46,47.5,700
2025-11-06 12:55,MSFU,47.48,47.5425,47.48,47.5301,1263
2025-11-06 12:56,MSFU,47.58,47.58,47.58,47.58,100
2025-11-06 12:57,MSFU,47.57,47.57,47.55,47.55,600
2025-11-06 12:59,MSFU,47.5,47.5068,47.5,47.5068,650
2025-11-06 13:02,MSFU,47.43,47.43,47.41,47.41,200
2025-11-06 13:03,MSFU,47.33,47.33,47.28,47.28,764
2025-11-06 13:04,MSFU,47.3,47.3,47.3,47.3,100
2025-11-06 13:05,MSFU,47.27,47.2704,47.27,47.2704,400
2025-11-06 13:06,MSFU,47.2896,47.2896,47.25,47.27,400
2025-11-06 13:07,MSFU,47.27,47.27,47.27,47.27,200
2025-11-06 13:09,MSFU,47.27,47.27,47.27,47.27,100
2025-11-06 13:10,MSFU,47.26,47.27,47.26,47.27,300
2025-11-06 13:11,MSFU,47.25,47.25,47.25,47.25,100
2025-11-06 13:12,MSFU,47.2835,47.3,47.2835,47.3,1350
2025-11-06 13:13,MSFU,47.35,47.365,47.35,47.365,1100
2025-11-06 13:14,MSFU,47.33,47.33,47.33,47.33,200
2025-11-06 13:15,MSFU,47.35,47.38,47.35,47.38,611
2025-11-06 13:17,MSFU,47.35,47.35,47.35,47.35,100
2025-11-06 13:18,MSFU,47.35,47.35,47.31,47.31,717
2025-11-06 13:19,MSFU,47.28,47.295,47.28,47.295,200
2025-11-06 13:20,MSFU,47.27,47.27,47.27,47.27,300
2025-11-06 13:22,MSFU,47.265,47.265,47.265,47.265,100
2025-11-06 13:26,MSFU,47.43,47.45,47.43,47.45,4357
2025-11-06 13:27,MSFU,47.4541,47.4541,47.4541,47.4541,230
2025-11-06 13:29,MSFU,47.4266,47.4266,47.4266,47.4266,300
2025-11-06 13:30,MSFU,47.48,47.5,47.48,47.5,349
2025-11-06 13:32,MSFU,47.4872,47.4872,47.4872,47.4872,200
2025-11-06 13:33,MSFU,47.57,47.6,47.57,47.5708,4231
2025-11-06 13:34,MSFU,47.572,47.6149,47.572,47.6149,415
2025-11-06 13:35,MSFU,47.6,47.63,47.59,47.63,600
2025-11-06 13:36,MSFU,47.6001,47.69,47.6001,47.69,1450
2025-11-06 13:37,MSFU,47.6827,47.7,47.6827,47.7,698
2025-11-06 13:38,MSFU,47.68,47.68,47.68,47.68,100
2025-11-06 13:39,MSFU,47.6404,47.67,47.6404,47.67,5400
2025-11-06 13:40,MSFU,47.67,47.67,47.67,47.67,104
2025-11-06 13:41,MSFU,47.625,47.6435,47.625,47.6435,300
2025-11-06 13:42,MSFU,47.645,47.7,47.645,47.7,5328
2025-11-06 13:43,MSFU,47.725,47.725,47.725,47.725,100
2025-11-06 13:46,MSFU,47.74,47.74,47.73,47.7316,1050
2025-11-06 13:49,MSFU,47.69,47.69,47.69,47.69,300
2025-11-06 13:50,MSFU,47.68,47.68,47.635,47.635,310
2025-11-06 13:51,MSFU,47.66,47.66,47.6506,47.6506,200
2025-11-06 13:53,MSFU,47.6365,47.6365,47.6365,47.6365,298
2025-11-06 13:54,MSFU,47.67,47.67,47.67,47.67,200
2025-11-06 13:55,MSFU,47.6692,47.675,47.65,47.65,800
2025-11-06 13:56,MSFU,47.65,47.65,47.6,47.6,460
2025-11-06 13:57,MSFU,47.62,47.62,47.62,47.62,1130
2025-11-06 13:58,MSFU,47.61,47.61,47.61,47.61,100
2025-11-06 13:59,MSFU,47.64,47.64,47.64,47.64,100
2025-11-06 14:00,MSFU,47.64,47.64,47.62,47.62,200
2025-11-06 14:01,MSFU,47.6135,47.6325,47.6135,47.6325,600
2025-11-06 14:02,MSFU,47.58,47.58,47.55,47.55,850
2025-11-06 14:03,MSFU,47.56,47.56,47.56,47.56,100
2025-11-06 14:04,MSFU,47.585,47.6275,47.585,47.6275,400
2025-11-06 14:05,MSFU,47.67,47.67,47.67,47.67,104
2025-11-06 14:06,MSFU,47.72,47.72,47.72,47.72,100
2025-11-06 14:07,MSFU,47.7,47.7072,47.69,47.69,650
2025-11-06 14:08,MSFU,47.69,47.69,47.69,47.69,100
2025-11-06 14:09,MSFU,47.6873,47.7195,47.6873,47.7195,200
2025-11-06 14:10,MSFU,47.75,47.75,47.75,47.75,893
2025-11-06 14:11,MSFU,47.73,47.73,47.7216,47.7216,500
2025-11-06 14:12,MSFU,47.73,47.73,47.73,47.73,100
2025-11-06 14:13,MSFU,47.71,47.71,47.71,47.71,100
2025-11-06 14:14,MSFU,47.755,47.76,47.755,47.76,4199
2025-11-06 14:15,MSFU,47.74,47.74,47.72,47.725,1045
2025-11-06 14:16,MSFU,47.7175,47.7499,47.7175,47.7499,1000
2025-11-06 14:17,MSFU,47.75,47.76,47.72,47.72,400
2025-11-06 14:19,MSFU,47.735,47.735,47.735,47.735,100
2025-11-06 14:22,MSFU,47.81,47.81,47.81,47.81,100
2025-11-06 14:23,MSFU,47.85,47.85,47.83,47.83,500
2025-11-06 14:24,MSFU,47.825,47.825,47.825,47.825,100
2025-11-06 14:25,MSFU,47.86,47.86,47.86,47.86,100
2025-11-06 14:26,MSFU,47.85,47.85,47.85,47.85,100
2025-11-06 14:27,MSFU,47.85,47.85,47.8437,47.8437,250
2025-11-06 14:29,MSFU,47.87,47.87,47.87,47.87,201
2025-11-06 14:30,MSFU,47.8699,47.8699,47.8699,47.8699,104
2025-11-06 14:31,MSFU,47.8,47.8,47.795,47.795,2100
2025-11-06 14:32,MSFU,47.7971,47.8022,47.7971,47.8022,394
2025-11-06 14:34,MSFU,47.8216,47.8216,47.8216,47.8216,100
2025-11-06 14:35,MSFU,47.7993,47.7993,47.7993,47.7993,100
2025-11-06 14:37,MSFU,47.87,47.87,47.87,47.87,500
2025-11-06 14:38,MSFU,47.94,47.94,47.92,47.92,732
2025-11-06 14:39,MSFU,47.97,48.005,47.97,47.995,1100
2025-11-06 14:40,MSFU,47.99,47.992,47.99,47.992,600
2025-11-06 14:41,MSFU,47.9201,47.9201,47.9201,47.9201,250
2025-11-06 14:43,MSFU,47.99,47.99,47.89,47.92,1440
2025-11-06 14:46,MSFU,48.02,48.02,48.02,48.02,1399
2025-11-06 14:48,MSFU,48.0,48.0,48.0,48.0,1000
2025-11-06 14:49,MSFU,47.933,47.933,47.933,47.933,200
2025-11-06 14:50,MSFU,47.91,47.91,47.885,47.885,400
2025-11-06 14:51,MSFU,47.9415,47.9415,47.9415,47.9415,1000
2025-11-06 14:52,MSFU,47.9,47.9,47.9,47.9,250
2025-11-06 14:53,MSFU,47.91,47.99,47.91,47.99,700
2025-11-06 14:55,MSFU,47.975,47.975,47.975,47.975,200
2025-11-06 14:57,MSFU,47.9966,48.0,47.9966,48.0,236
2025-11-06 14:58,MSFU,48.0095,48.0095,48.0,48.0,5200
2025-11-06 14:59,MSFU,47.97,47.97,47.97,47.97,100
2025-11-06 15:00,MSFU,47.9507,47.9507,47.9507,47.9507,800
2025-11-06 15:01,MSFU,47.9,47.9,47.9,47.9,5000
2025-11-06 15:03,MSFU,47.8675,47.8675,47.8675,47.8675,500
2025-11-06 15:06,MSFU,47.89,47.89,47.89,47.89,200
2025-11-06 15:07,MSFU,47.9219,47.9219,47.9219,47.9219,100
2025-11-06 15:09,MSFU,47.8757,47.8757,47.8757,47.8757,400
2025-11-06 15:13,MSFU,47.8,47.8,47.8,47.8,100
2025-11-06 15:15,MSFU,47.81,47.81,47.81,47.81,100
2025-11-06 15:16,MSFU,47.8502,47.8795,47.83,47.8795,846
2025-11-06 15:17,MSFU,47.81,47.83,47.81,47.83,200
2025-11-06 15:18,MSFU,47.808,47.808,47.808,47.808,100
2025-11-06 15:22,MSFU,47.839,47.839,47.83,47.83,953
2025-11-06 15:23,MSFU,47.825,47.825,47.825,47.825,255
2025-11-06 15:24,MSFU,47.85,47.85,47.84,47.84,400
2025-11-06 15:25,MSFU,47.9,47.9,47.865,47.865,2200
2025-11-06 15:26,MSFU,47.84,47.84,47.8,47.8,5122
2025-11-06 15:27,MSFU,47.78,47.795,47.78,47.795,300
2025-11-06 15:28,MSFU,47.75,47.75,47.7,47.7,3800
2025-11-06 15:29,MSFU,47.7,47.7,47.7,47.7,100
2025-11-06 15:30,MSFU,47.7134,47.7134,47.7134,47.7134,1000
2025-11-06 15:31,MSFU,47.7273,47.7273,47.7,47.7,4103
2025-11-06 15:32,MSFU,47.62,47.7,47.61,47.7,400
2025-11-06 15:33,MSFU,47.67,47.67,47.6075,47.64,1882
2025-11-06 15:34,MSFU,47.66,47.66,47.64,47.65,901
2025-11-06 15:36,MSFU,47.66,47.66,47.57,47.57,742
2025-11-06 15:37,MSFU,47.62,47.62,47.62,47.62,150
2025-11-06 15:38,MSFU,47.52,47.52,47.48,47.51,2299
2025-11-06 15:39,MSFU,47.49,47.49,47.4735,47.4735,300
2025-11-06 15:40,MSFU,47.51,47.51,47.5,47.51,1404
2025-11-06 15:41,MSFU,47.49,47.52,47.49,47.52,300
2025-11-06 15:42,MSFU,47.54,47.55,47.54,47.55,2200
2025-11-06 15:43,MSFU,47.55,47.5541,47.55,47.5541,502
2025-11-06 15:44,MSFU,47.5025,47.5025,47.465,47.465,393
2025-11-06 15:46,MSFU,47.37,47.37,47.35,47.37,471
2025-11-06 15:47,MSFU,47.35,47.37,47.319323,47.36,2712
2025-11-06 15:48,MSFU,47.3796,47.47,47.3796,47.4416,3526
2025-11-06 15:49,MSFU,47.395,47.395,47.33,47.33,1500
2025-11-06 15:50,MSFU,47.4025,47.4025,47.35,47.4,680
2025-11-06 15:51,MSFU,47.47,47.47,47.445,47.445,739
2025-11-06 15:52,MSFU,47.4375,47.4886,47.41,47.44,3851
2025-11-06 15:53,MSFU,47.5,47.5,47.45,47.45,2917
2025-11-06 15:54,MSFU,47.46,47.46,47.285,47.3034,3633
2025-11-06 15:55,MSFU,47.26,47.5,47.25,47.5,2342
2025-11-05 14:24,MSTX,11.735,11.74,11.73,11.73,11596
2025-11-05 14:25,MSTX,11.74,11.765,11.73,11.76,3021
2025-11-05 14:26,MSTX,11.7559,11.77,11.755,11.76,2275
2025-11-05 14:27,MSTX,11.7545,11.7576,11.75,11.755,2709
2025-11-05 14:28,MSTX,11.76,11.76,11.76,11.76,1000
2025-11-05 14:29,MSTX,11.76,11.76,11.76,11.76,827
2025-11-05 14:30,MSTX,11.76,11.7999,11.76,11.7999,3000
2025-11-05 14:31,MSTX,11.81,11.85,11.81,11.835,12190
2025-11-05 14:32,MSTX,11.84,11.865,11.84,11.86,12850
2025-11-05 14:33,MSTX,11.8682,11.89,11.855,11.8797,7162
2025-11-05 14:34,MSTX,11.8799,11.93,11.875,11.915,7480
2025-11-05 14:35,MSTX,11.91,11.97,11.91,11.97,6066
2025-11-05 14:36,MSTX,11.9701,11.98,11.945,11.945,5980
2025-11-05 14:37,MSTX,11.95,11.99,11.95,11.98,7700
2025-11-05 14:38,MSTX,11.98,11.98,11.9701,11.9722,2644
2025-11-05 14:39,MSTX,11.98,11.9855,11.97,11.9787,14154
2025-11-05 14:40,MSTX,11.9799,11.985,11.97,11.98,10284
2025-11-05 14:41,MSTX,11.99,12.015,11.9799,12.015,28190
2025-11-05 14:42,MSTX,12.015,12.025,11.98,11.985,20579
2025-11-05 14:43,MSTX,11.985,12.001,11.98,12.001,4369
2025-11-05 14:44,MSTX,12.005,12.015,12.0,12.0085,17366
2025-11-05 14:45,MSTX,12.005,12.02,11.9842,11.9842,14225
2025-11-05 14:46,MSTX,11.989,12.035,11.989,12.035,9302
2025-11-05 14:47,MSTX,12.03,12.03,12.01,12.014,12600
2025-11-05 14:48,MSTX,11.995,11.995,11.97,11.98,11165
2025-11-05 14:49,MSTX,11.99,12.0,11.9765,11.9765,6556
2025-11-05 14:50,MSTX,11.9716,12.0014,11.965,12.0014,8166
2025-11-05 14:51,MSTX,12.0098,12.0098,11.98,11.98,3174
2025-11-05 14:52,MSTX,11.98,12.0,11.98,11.995,4371
2025-11-05 14:53,MSTX,12.0001,12.02,12.0001,12.0199,6914
2025-11-05 14:54,MSTX,12.015,12.0164,12.0,12.0,4552
2025-11-05 14:55,MSTX,12.005,12.01,11.99,11.9901,6168
2025-11-05 14:56,MSTX,12.0006,12.015,12.0,12.0,2811
2025-11-05 14:57,MSTX,12.0001,12.005,11.99,12.0,46948
2025-11-05 14:58,MSTX,11.985,11.99,11.985,11.99,1612
2025-11-05 14:59,MSTX,11.99,11.99,11.9701,11.975,7135
2025-11-05 15:00,MSTX,11.975,11.975,11.89,11.89,7459
2025-11-05 15:01,MSTX,11.9,11.9245,11.9,11.9214,33273
2025-11-05 15:02,MSTX,11.925,11.93,11.9,11.9,28923
2025-11-05 15:03,MSTX,11.895,11.8999,11.87,11.87,3903
2025-11-05 15:04,MSTX,11.865,11.91,11.865,11.91,10418
2025-11-05 15:05,MSTX,11.95,11.98,11.94,11.95,4475
2025-11-05 15:06,MSTX,11.96,11.99,11.96,11.99,8095
2025-11-05 15:07,MSTX,11.9875,11.9875,11.97,11.97,7350
2025-11-05 15:08,MSTX,11.95,11.95,11.939,11.9401,1975
2025-11-05 15:09,MSTX,11.949,11.95,11.94,11.94,3350
2025-11-05 15:10,MSTX,11.945,11.98,11.945,11.98,13655
2025-11-05 15:11,MSTX,11.9744,11.975,11.9645,11.975,7096
2025-11-05 15:12,MSTX,11.975,12.005,11.9745,12.005,9019
2025-11-05 15:13,MSTX,12.0,12.0,11.975,11.98,5782
2025-11-05 15:14,MSTX,11.99,12.0,11.99,11.9901,2100
2025-11-05 15:15,MSTX,11.99,12.0,11.98,11.99,2277
2025-11-05 15:16,MSTX,11.9899,11.995,11.98,11.985,8829
2025-11-05 15:17,MSTX,11.99,11.9999,11.9601,11.9636,9353
2025-11-05 15:18,MSTX,11.965,11.985,11.965,11.985,4121
2025-11-05 15:19,MSTX,11.98,11.98,11.96,11.96,1500
2025-11-05 15:20,MSTX,11.96,11.9658,11.96,11.9658,800
2025-11-05 15:21,MSTX,11.9765,12.02,11.9745,12.008,22690
2025-11-05 15:22,MSTX,11.9999,12.02,11.9999,12.02,6350
2025-11-05 15:23,MSTX,12.0272,12.04,12.005,12.04,4353
2025-11-05 15:24,MSTX,12.03,12.042,12.03,12.0418,5925
2025-11-05 15:25,MSTX,12.035,12.045,12.025,12.025,8049
2025-11-05 15:26,MSTX,12.03,12.043,12.0101,12.02,6815
2025-11-05 15:27,MSTX,12.02,12.0203,12.0149,12.02,2500
2025-11-05 15:28,MSTX,12.02,12.03,12.015,12.025,2045
2025-11-05 15:29,MSTX,12.0201,12.0201,12.0,12.005,13005
2025-11-05 15:30,MSTX,12.005,12.005,11.96,11.97,16107
2025-11-05 15:31,MSTX,11.975,12.01,11.975,12.01,5044
2025-11-05 15:32,MSTX,12.01,12.02,12.0,12.0197,10246
2025-11-05 15:33,MSTX,12.02,12.05,12.02,12.045,4706
2025-11-05 15:34,MSTX,12.045,12.055,12.0301,12.0303,81550
2025-11-05 15:35,MSTX,12.0301,12.06,12.03,12.0488,6307
2025-11-05 15:36,MSTX,12.0452,12.0499,12.04,12.04,26789
2025-11-05 15:37,MSTX,12.04,12.041,12.0101,12.0356,39974
2025-11-05 15:38,MSTX,12.04,12.0504,12.0301,12.045,17849
2025-11-05 15:39,MSTX,12.05,12.0755,12.04,12.0755,8160
2025-11-05 15:40,MSTX,12.07,12.1,12.06,12.09,28585
2025-11-05 15:41,MSTX,12.0945,12.11,12.0814,12.0814,10151
2025-11-05 15:42,MSTX,12.09,12.09,12.045,12.045,10701
2025-11-05 15:43,MSTX,12.04,12.08,12.04,12.08,10240
2025-11-05 15:44,MSTX,12.1,12.12,12.09,12.115,11235
2025-11-05 15:45,MSTX,12.12,12.15,12.12,12.1255,27101
2025-11-05 15:46,MSTX,12.13,12.13,12.06,12.06,15207
2025-11-05 15:47,MSTX,12.05,12.1,12.04,12.09,24974
2025-11-05 15:48,MSTX,12.09,12.1,12.07,12.09,6678
2025-11-05 15:49,MSTX,12.09,12.115,12.085,12.115,10434
2025-11-05 15:50,MSTX,12.11,12.17,12.11,12.14,37701
2025-11-05 15:51,MSTX,12.15,12.15,12.13,12.14,4449
2025-11-05 15:52,MSTX,12.1455,12.215,12.1455,12.215,13407
2025-11-05 15:53,MSTX,12.215,12.2348,12.215,12.225,22167
2025-11-05 15:54,MSTX,12.22,12.24,12.17,12.22,45471
2025-11-05 15:55,MSTX,12.21,12.28,12.17,12.28,37367
2025-11-05 15:56,MSTX,12.285,12.285,12.24,12.25,21253
2025-11-05 15:57,MSTX,12.2589,12.2589,12.215,12.2301,15713
2025-11-05 15:58,MSTX,12.2354,12.255,12.23,12.235,13235
2025-11-05 15:59,MSTX,12.23,12.27,12.21,12.265,29221
2025-11-05 16:00,MSTX,12.25,12.25,12.203,12.203,4025
2025-11-05 16:01,MSTX,12.17,12.2,12.16,12.16,2405
2025-11-05 16:02,MSTX,12.17,12.25,12.12,12.12,4373
2025-11-05 16:03,MSTX,12.2,12.2,12.19,12.19,2074
2025-11-05 16:04,MSTX,12.25,12.25,12.25,12.25,100
2025-11-05 16:05,MSTX,12.2585,12.26,12.2585,12.26,1600
2025-11-05 16:06,MSTX,12.2,12.33,12.2,12.33,1281
2025-11-05 16:07,MSTX,12.33,12.38,12.23,12.38,5325
2025-11-05 16:08,MSTX,12.35,12.45,12.21,12.38,5365
2025-11-05 16:09,MSTX,12.38,12.38,12.32,12.3201,680
2025-11-05 16:10,MSTX,12.39,12.39,12.39,12.39,1041
2025-11-05 16:11,MSTX,12.32,12.33,12.32,12.33,2300
2025-11-05 16:12,MSTX,12.31,12.31,12.31,12.31,1820
2025-11-05 16:13,MSTX,12.3,12.3,12.28,12.28,985
2025-11-05 16:14,MSTX,12.3,12.3,12.3,12.3,700
2025-11-05 16:15,MSTX,12.3,12.33,12.2804,12.33,13112
2025-11-05 16:16,MSTX,12.33,12.33,12.33,12.33,224
2025-11-05 16:18,MSTX,12.29,12.29,12.29,12.29,700
2025-11-05 16:21,MSTX,12.32,12.32,12.32,12.32,2100
2025-11-05 16:22,MSTX,12.33,12.33,12.3292,12.3292,1930
2025-11-05 16:24,MSTX,12.3007,12.3007,12.3007,12.3007,2000
2025-11-05 16:25,MSTX,12.3496,12.35,12.34,12.34,500
2025-11-05 16:26,MSTX,12.35,12.35,12.3499,12.3499,9406
2025-11-05 16:27,MSTX,12.34,12.34,12.32,12.32,737
2025-11-05 16:30,MSTX,12.3,12.3,12.25,12.25,1436
2025-11-05 16:31,MSTX,12.26,12.26,12.26,12.26,380
2025-11-05 16:32,MSTX,12.25,12.25,12.25,12.25,100
2025-11-05 16:33,MSTX,12.25,12.25,12.25,12.25,600
2025-11-05 16:34,MSTX,12.26,12.26,12.26,12.26,400
2025-11-05 16:35,MSTX,12.25,12.2699,12.25,12.2699,1239
2025-11-05 16:36,MSTX,12.23,12.23,12.23,12.23,750
2025-11-05 16:39,MSTX,12.2495,12.2495,12.2495,12.2495,250
2025-11-05 16:40,MSTX,12.23,12.24,12.23,12.24,6200
2025-11-05 16:41,MSTX,12.26,12.26,12.26,12.26,100
2025-11-05 16:42,MSTX,12.26,12.26,12.22,12.22,1247
2025-11-05 16:44,MSTX,12.24,12.24,12.24,12.24,645
2025-11-05 16:45,MSTX,12.23,12.23,12.23,12.23,200
2025-11-05 16:46,MSTX,12.24,12.24,12.24,12.24,200
2025-11-05 16:47,MSTX,12.2,12.24,12.2,12.24,350
2025-11-05 16:48,MSTX,12.2381,12.24,12.2381,12.24,1300
2025-11-05 16:49,MSTX,12.2004,12.23,12.2004,12.23,327
2025-11-05 16:51,MSTX,12.23,12.23,12.23,12.23,411
2025-11-05 16:52,MSTX,12.23,12.23,12.23,12.23,3130
2025-11-05 16:53,MSTX,12.21,12.2196,12.21,12.2196,384
2025-11-05 16:54,MSTX,12.2005,12.2005,12.2,12.2,3500
2025-11-05 16:56,MSTX,12.21,12.23,12.2,12.23,894
2025-11-05 16:59,MSTX,12.23,12.23,12.23,12.23,1000
2025-11-05 17:01,MSTX,12.2,12.2,12.2,12.2,700
2025-11-05 17:02,MSTX,12.18,12.18,12.18,12.18,240
2025-11-05 17:03,MSTX,12.18,12.18,12.18,12.18,250
2025-11-05 17:04,MSTX,12.2,12.2,12.18,12.18,3900
2025-11-05 17:06,MSTX,12.18,12.18,12.18,12.18,200
2025-11-05 17:07,MSTX,12.16,12.17,12.16,12.17,1300
2025-11-05 17:08,MSTX,12.15,12.17,12.15,12.17,2000
2025-11-05 17:09,MSTX,12.1501,12.1501,12.1501,12.1501,250
2025-11-05 17:11,MSTX,12.15,12.1996,12.15,12.1996,2373
2025-11-05 17:12,MSTX,12.1991,12.1991,12.19,12.19,400
2025-11-05 17:13,MSTX,12.19,12.19,12.19,12.19,300
2025-11-05 17:17,MSTX,12.19,12.19,12.19,12.19,3000
2025-11-05 17:18,MSTX,12.19,12.19,12.19,12.19,215
2025-11-05 17:19,MSTX,12.18,12.18,12.18,12.18,1570
2025-11-05 17:21,MSTX,12.18,12.18,12.18,12.18,1840
2025-11-05 17:22,MSTX,12.1974,12.1974,12.1974,12.1974,1300
2025-11-05 17:23,MSTX,12.1616,12.1616,12.1616,12.1616,143
2025-11-05 17:24,MSTX,12.2,12.2,12.2,12.2,4428
2025-11-05 17:25,MSTX,12.2,12.2,12.2,12.2,901
2025-11-05 17:28,MSTX,12.2,12.2,12.2,12.2,300
2025-11-05 17:29,MSTX,12.17,12.17,12.17,12.17,300
2025-11-05 17:30,MSTX,12.16,12.16,12.16,12.16,669
2025-11-05 17:32,MSTX,12.16,12.17,12.15,12.17,668
2025-11-05 17:34,MSTX,12.19,12.2,12.19,12.2,1617
2025-11-05 17:35,MSTX,12.24,12.24,12.24,12.24,400
2025-11-05 17:38,MSTX,12.24,12.24,12.24,12.24,600
2025-11-05 17:41,MSTX,12.21,12.21,12.21,12.21,400
2025-11-05 17:42,MSTX,12.21,12.21,12.21,12.21,700
2025-11-05 17:44,MSTX,12.2,12.2,12.2,12.2,779
2025-11-05 17:45,MSTX,12.22,12.22,12.22,12.22,300
2025-11-05 17:47,MSTX,12.22,12.22,12.22,12.22,400
2025-11-05 17:48,MSTX,12.22,12.24,12.22,12.24,3642
2025-11-05 17:51,MSTX,12.24,12.24,12.24,12.24,947
2025-11-05 17:52,MSTX,12.24,12.25,12.24,12.25,1140
2025-11-05 17:53,MSTX,12.28,12.3,12.28,12.3,850
2025-11-05 17:54,MSTX,12.2994,12.2994,12.2994,12.2994,1000
2025-11-05 17:55,MSTX,12.2562,12.2585,12.24,12.24,2548
2025-11-05 17:57,MSTX,12.28,12.28,12.28,12.28,205
2025-11-05 18:05,MSTX,12.2218,12.2218,12.22,12.22,2850
2025-11-05 18:08,MSTX,12.24,12.24,12.24,12.24,400
2025-11-05 18:15,MSTX,12.24,12.24,12.24,12.24,1000
2025-11-05 18:18,MSTX,12.2394,12.2394,12.2394,12.2394,200
2025-11-05 18:23,MSTX,12.24,12.24,12.2102,12.2102,1250
2025-11-05 18:26,MSTX,12.24,12.24,12.24,12.24,200
2025-11-05 18:30,MSTX,12.24,12.24,12.22,12.22,6452
2025-11-05 18:32,MSTX,12.22,12.22,12.21,12.22,3750
2025-11-05 18:34,MSTX,12.24,12.25,12.24,12.25,2690
2025-11-05 18:39,MSTX,12.29,12.29,12.29,12.29,226
2025-11-05 18:40,MSTX,12.2899,12.31,12.2899,12.31,1890
2025-11-05 18:42,MSTX,12.31,12.31,12.29,12.29,1120
2025-11-05 18:48,MSTX,12.2903,12.2903,12.2903,12.2903,500
2025-11-05 18:49,MSTX,12.3,12.33,12.3,12.3,3330
2025-11-05 18:50,MSTX,12.3,12.3,12.3,12.3,502
2025-11-05 18:51,MSTX,12.2998,12.2998,12.2998,12.2998,750
2025-11-05 18:53,MSTX,12.3,12.3,12.3,12.3,1400
2025-11-05 18:54,MSTX,12.29,12.3,12.29,12.3,500
2025-11-05 18:56,MSTX,12.29,12.29,12.29,12.29,1000
2025-11-05 18:57,MSTX,12.2997,12.2997,12.2997,12.2997,980
2025-11-05 19:02,MSTX,12.29,12.29,12.25,12.27,1876
2025-11-05 19:03,MSTX,12.25,12.25,12.23,12.23,600
2025-11-05 19:04,MSTX,12.23,12.23,12.2103,12.2103,300
2025-11-05 19:06,MSTX,12.22,12.25,12.2001,12.2001,6341
2025-11-05 19:07,MSTX,12.22,12.25,12.22,12.22,1720
2025-11-05 19:09,MSTX,12.2015,12.2015,12.2015,12.2015,1416
2025-11-05 19:11,MSTX,12.21,12.21,12.21,12.21,250
2025-11-05 19:15,MSTX,12.28,12.28,12.28,12.28,140
2025-11-05 19:16,MSTX,12.21,12.26,12.21,12.26,526
2025-11-05 19:18,MSTX,12.22,12.22,12.22,12.22,3015
2025-11-05 19:20,MSTX,12.279,12.3,12.22,12.22,540
2025-11-05 19:21,MSTX,12.21,12.21,12.21,12.21,250
2025-11-05 19:23,MSTX,12.2,12.22,12.2,12.22,390
2025-11-05 19:24,MSTX,12.25,12.25,12.25,12.25,800
2025-11-05 19:26,MSTX,12.21,12.21,12.2,12.2,1000
2025-11-05 19:27,MSTX,12.2,12.2,12.2,12.2,600
2025-11-05 19:28,MSTX,12.2,12.2001,12.2,12.2,2237
2025-11-05 19:33,MSTX,12.2,12.21,12.2,12.21,1560
2025-11-05 19:36,MSTX,12.23,12.23,12.2296,12.2296,1100
2025-11-05 19:42,MSTX,12.23,12.23,12.23,12.23,500
2025-11-05 19:44,MSTX,12.19,12.19,12.19,12.19,4374
2025-11-05 19:45,MSTX,12.2294,12.2294,12.2294,12.2294,100
2025-11-05 19:49,MSTX,12.19,12.19,12.19,12.19,6716
2025-11-05 19:50,MSTX,12.19,12.19,12.19,12.19,133
2025-11-05 19:51,MSTX,12.21,12.21,12.21,12.21,600
2025-11-05 19:52,MSTX,12.19,12.19,12.19,12.19,145
2025-11-05 19:53,MSTX,12.2,12.21,12.2,12.21,938
2025-11-05 19:55,MSTX,12.19,12.19,12.19,12.19,210
2025-11-05 19:59,MSTX,12.1414,12.1414,12.14,12.14,1100
2025-11-06 07:00,MSTX,12.06,12.06,12.05,12.05,3896
2025-11-06 07:01,MSTX,12.05,12.05,12.02,12.04,9415
2025-11-06 07:02,MSTX,12.04,12.04,12.0,12.0,1214
2025-11-06 07:03,MSTX,12.0,12.0,11.98,11.98,1638
2025-11-06 07:04,MSTX,12.0,12.0,12.0,12.0,3150
2025-11-06 07:05,MSTX,12.0,12.0,12.0,12.0,2499
2025-11-06 07:06,MSTX,12.0,12.01,12.0,12.01,1536
2025-11-06 07:07,MSTX,12.03,12.03,12.03,12.03,200
2025-11-06 07:08,MSTX,12.05,12.05,12.02,12.03,1210
2025-11-06 07:10,MSTX,12.03,12.03,12.03,12.03,120
2025-11-06 07:11,MSTX,12.03,12.03,12.03,12.03,948
2025-11-06 07:12,MSTX,12.02,12.02,12.02,12.02,1480
2025-11-06 07:14,MSTX,12.01,12.01,12.0,12.0,1832
2025-11-06 07:15,MSTX,11.97,11.97,11.96,11.97,3356
2025-11-06 07:16,MSTX,11.95,11.95,11.95,11.95,290
2025-11-06 07:17,MSTX,11.97,11.97,11.97,11.97,2410
2025-11-06 07:18,MSTX,11.97,11.97,11.97,11.97,250
2025-11-06 07:19,MSTX,11.97,11.97,11.97,11.97,3300
2025-11-06 07:20,MSTX,11.96,11.96,11.96,11.96,950
2025-11-06 07:23,MSTX,11.96,11.97,11.95,11.96,850
2025-11-06 07:24,MSTX,11.94,11.94,11.92,11.92,1280
2025-11-06 07:25,MSTX,11.92,11.92,11.92,11.92,280
2025-11-06 07:26,MSTX,11.92,11.92,11.9,11.9,1201
2025-11-06 07:28,MSTX,11.92,11.92,11.92,11.92,150
2025-11-06 07:30,MSTX,11.92,11.94,11.92,11.94,864
2025-11-06 07:32,MSTX,11.95,11.98,11.95,11.98,2286
2025-11-06 07:33,MSTX,11.98,11.98,11.98,11.98,120
2025-11-06 07:35,MSTX,11.98,11.98,11.98,11.98,400
2025-11-06 07:36,MSTX,11.95,11.95,11.95,11.95,2300
2025-11-06 07:37,MSTX,11.95,11.955,11.95,11.95,500
2025-11-06 07:38,MSTX,11.95,11.95,11.94,11.94,1146
2025-11-06 07:39,MSTX,11.94,11.95,11.94,11.94,2336
2025-11-06 07:40,MSTX,11.94,11.94,11.93,11.93,1000
2025-11-06 07:41,MSTX,11.94,11.94,11.94,11.94,241
2025-11-06 07:42,MSTX,11.94,11.94,11.89,11.89,2770
2025-11-06 07:43,MSTX,11.88,11.9,11.88,11.89,2505
2025-11-06 07:44,MSTX,11.89,11.89,11.86,11.86,4803
2025-11-06 07:45,MSTX,11.86,11.89,11.85,11.89,4412
2025-11-06 07:46,MSTX,11.9,11.9,11.85,11.85,3936
2025-11-06 07:47,MSTX,11.85,11.85,11.85,11.85,200
2025-11-06 07:48,MSTX,11.86,11.875,11.86,11.875,1175
2025-11-06 07:49,MSTX,11.87,11.87,11.85,11.85,8179
2025-11-06 07:50,MSTX,11.86,11.87,11.86,11.87,2511
2025-11-06 07:51,MSTX,11.87,11.88,11.87,11.88,830
2025-11-06 07:52,MSTX,11.88,11.89,11.88,11.89,1035
2025-11-06 07:53,MSTX,11.89,11.89,11.88,11.88,560
2025-11-06 07:54,MSTX,11.89,11.89,11.89,11.89,4490
2025-11-06 07:55,MSTX,11.88,11.88,11.87,11.88,800
2025-11-06 07:56,MSTX,11.88,11.88,11.845,11.845,4802
2025-11-06 07:57,MSTX,11.845,11.85,11.84,11.85,1973
2025-11-06 07:58,MSTX,11.86,11.865,11.84,11.865,12014
2025-11-06 07:59,MSTX,11.87,11.88,11.87,11.87,3130
2025-11-06 08:00,MSTX,12.03,12.1,11.83,11.87,126132
2025-11-06 08:01,MSTX,11.88,12.37,11.875,12.05,63611
2025-11-06 08:02,MSTX,12.06,12.12,11.88,11.9,33693
2025-11-06 08:03,MSTX,11.88,11.89,11.88,11.88,1099
2025-11-06 08:04,MSTX,11.9,11.93,11.9,11.92,4837
2025-11-06 08:05,MSTX,11.92,11.93,11.92,11.93,1900
2025-11-06 08:06,MSTX,11.93,11.945,11.93,11.94,10100
2025-11-06 08:07,MSTX,11.95,11.98,11.95,11.96,9634
2025-11-06 08:09,MSTX,11.98,11.98,11.98,11.98,100
2025-11-06 08:10,MSTX,11.95,11.98,11.95,11.98,4122
2025-11-06 08:11,MSTX,11.99,11.99,11.95,11.95,1670
2025-11-06 08:12,MSTX,11.95,11.9501,11.95,11.9501,4275
2025-11-06 08:13,MSTX,11.95,11.96,11.95,11.96,2256
2025-11-06 08:14,MSTX,11.98,11.98,11.96,11.97,2640
2025-11-06 08:15,MSTX,11.9799,11.9799,11.97,11.9799,1299
2025-11-06 08:16,MSTX,11.97,12.02,11.97,12.02,3071
2025-11-06 08:17,MSTX,12.03,12.03,12.0175,12.0175,4289
2025-11-06 08:18,MSTX,12.0,12.0,12.0,12.0,880
2025-11-06 08:19,MSTX,11.99,12.0,11.99,12.0,1500
2025-11-06 08:20,MSTX,12.02,12.02,12.02,12.02,200
2025-11-06 08:21,MSTX,11.99,11.99,11.99,11.99,120
2025-11-06 08:22,MSTX,12.01,12.02,12.01,12.02,450
2025-11-06 08:23,MSTX,12.03,12.04,12.0,12.0,10416
2025-11-06 08:24,MSTX,12.02,12.1,12.02,12.1,12355
2025-11-06 08:25,MSTX,12.1,12.12,12.1,12.12,3988
2025-11-06 08:26,MSTX,12.13,12.145,12.11,12.14,7458
2025-11-06 08:27,MSTX,12.15,12.16,12.1,12.1,4306
2025-11-06 08:29,MSTX,12.12,12.12,12.11,12.11,1168
2025-11-06 08:32,MSTX,12.06,12.08,12.06,12.08,2420
2025-11-06 08:34,MSTX,12.05,12.05,12.05,12.05,100
2025-11-06 08:35,MSTX,12.05,12.05,12.05,12.05,910
2025-11-06 08:36,MSTX,12.06,12.06,12.06,12.06,600
2025-11-06 08:37,MSTX,12.07,12.07,12.04,12.04,1150
2025-11-06 08:38,MSTX,12.0498,12.0498,12.04,12.04,758
2025-11-06 08:39,MSTX,12.04,12.05,12.04,12.05,700
2025-11-06 08:40,MSTX,12.05,12.05,12.05,12.05,599
2025-11-06 08:41,MSTX,12.04,12.05,12.03,12.05,2400
2025-11-06 08:42,MSTX,12.05,12.05,12.05,12.05,700
2025-11-06 08:43,MSTX,12.06,12.08,12.06,12.08,3300
2025-11-06 08:44,MSTX,12.09,12.09,12.06,12.06,3480
2025-11-06 08:45,MSTX,12.07,12.12,12.07,12.12,2096
2025-11-06 08:46,MSTX,12.1,12.1,12.1,12.1,1150
2025-11-06 08:48,MSTX,12.1093,12.1093,12.1,12.1,934
2025-11-06 08:50,MSTX,12.1,12.11,12.1,12.11,7013
2025-11-06 08:51,MSTX,12.11,12.11,12.1,12.11,900
2025-11-06 08:52,MSTX,12.1,12.1,12.09,12.09,1100
2025-11-06 08:53,MSTX,12.09,12.09,12.09,12.09,800
2025-11-06 08:54,MSTX,12.1,12.11,12.09,12.09,5016
2025-11-06 08:55,MSTX,12.09,12.0975,12.08,12.08,2200
2025-11-06 08:56,MSTX,12.07,12.07,12.05,12.06,1148
2025-11-06 08:57,MSTX,12.07,12.09,12.07,12.08,3360
2025-11-06 08:58,MSTX,12.08,12.08,12.07,12.07,2870
2025-11-06 08:59,MSTX,12.07,12.07,12.07,12.07,450
2025-11-06 09:00,MSTX,12.06,12.07,12.06,12.0624,2510
2025-11-06 09:01,MSTX,12.07,12.07,12.05,12.05,1710
2025-11-06 09:02,MSTX,12.07,12.07,12.07,12.07,480
2025-11-06 09:03,MSTX,12.09,12.095,12.08,12.09,1718
2025-11-06 09:04,MSTX,12.08,12.08,12.08,12.08,300
2025-11-06 09:05,MSTX,12.05,12.05,12.03,12.04,3033
2025-11-06 09:06,MSTX,12.04,12.04,12.02,12.02,1927
2025-11-06 09:07,MSTX,12.01,12.01,11.99,12.0,10721
2025-11-06 09:08,MSTX,11.97,11.98,11.97,11.97,1850
2025-11-06 09:09,MSTX,11.98,11.99,11.94,11.94,3066
2025-11-06 09:10,MSTX,11.94,11.97,11.91,11.97,8489
2025-11-06 09:11,MSTX,11.97,12.0,11.97,12.0,2100
2025-11-06 09:12,MSTX,11.99,12.02,11.99,12.01,1902
2025-11-06 09:13,MSTX,12.01,12.03,12.0003,12.02,980
2025-11-06 09:14,MSTX,12.02,12.0599,12.02,12.0599,2710
2025-11-06 09:15,MSTX,12.04,12.04,12.01,12.01,2553
2025-11-06 09:17,MSTX,12.01,12.03,12.01,12.03,5095
2025-11-06 09:18,MSTX,12.02,12.05,12.02,12.03,2036
2025-11-06 09:19,MSTX,12.03,12.03,12.03,12.03,500
2025-11-06 09:20,MSTX,12.03,12.03,12.02,12.02,2005
2025-11-06 09:21,MSTX,12.02,12.03,12.0,12.0,2112
2025-11-06 09:22,MSTX,12.01,12.01,12.01,12.01,300
2025-11-06 09:23,MSTX,11.98,12.01,11.98,12.01,9312
2025-11-06 09:24,MSTX,12.0,12.0,11.96,11.99,2219
2025-11-06 09:25,MSTX,11.98,11.98,11.95,11.96,1480
2025-11-06 09:26,MSTX,11.96,11.98,11.951,11.951,8659
2025-11-06 09:27,MSTX,11.98,11.98,11.9793,11.9793,650
2025-11-06 09:28,MSTX,11.96,11.96,11.95,11.95,250
2025-11-06 09:30,MSTX,11.98,11.99,11.77,11.775,84548
2025-11-06 09:31,MSTX,11.775,11.79,11.71,11.73,58927
2025-11-06 09:32,MSTX,11.7271,11.835,11.71,11.815,112127
2025-11-06 09:33,MSTX,11.81,11.81,11.68,11.7,38031
2025-11-06 09:34,MSTX,11.71,11.795,11.71,11.77,23030
2025-11-06 09:35,MSTX,11.77,11.785,11.69,11.7116,35940
2025-11-06 09:36,MSTX,11.71,11.81,11.7,11.7583,52763
2025-11-06 09:37,MSTX,11.77,11.845,11.75,11.84,37701
2025-11-06 09:38,MSTX,11.84,11.9,11.83,11.86,27903
2025-11-06 09:39,MSTX,11.86,11.86,11.74,11.74,31534
2025-11-06 09:40,MSTX,11.74,11.76,11.7,11.71,66653
2025-11-06 09:41,MSTX,11.71,11.7286,11.65,11.7286,52580
2025-11-06 09:42,MSTX,11.72,11.8358,11.71,11.8001,43097
2025-11-06 09:43,MSTX,11.8,11.8186,11.735,11.77,27079
2025-11-06 09:44,MSTX,11.7628,11.79,11.76,11.775,41985
2025-11-06 09:45,MSTX,11.77,11.79,11.74,11.755,28509
2025-11-06 09:46,MSTX,11.755,11.7656,11.725,11.74,24922
2025-11-06 09:47,MSTX,11.73,11.78,11.7186,11.77,22151
2025-11-06 09:48,MSTX,11.7645,11.7645,11.6558,11.6558,39182
2025-11-06 09:49,MSTX,11.66,11.6655,11.53,11.549,93700
2025-11-06 09:50,MSTX,11.56,11.5999,11.515,11.56,29468
2025-11-06 09:51,MSTX,11.56,11.56,11.455,11.4699,51889
2025-11-06 09:52,MSTX,11.48,11.48,11.385,11.431,97893
2025-11-06 09:53,MSTX,11.43,11.54,11.43,11.5035,82083
2025-11-06 09:54,MSTX,11.505,11.525,11.49,11.49,30667
2025-11-06 09:55,MSTX,11.51,11.55,11.48,11.548,27703
2025-11-06 09:56,MSTX,11.55,11.55,11.49,11.5,15776
2025-11-06 09:57,MSTX,11.5,11.51,11.465,11.5,33717
2025-11-06 09:58,MSTX,11.515,11.52,11.43,11.44,27606
2025-11-06 09:59,MSTX,11.445,11.45,11.38,11.39,33967
2025-11-06 10:00,MSTX,11.38,11.38,11.33,11.3567,45651
2025-11-06 10:01,MSTX,11.355,11.37,11.295,11.295,28270
2025-11-06 10:02,MSTX,11.3,11.32,11.19,11.2,44635
2025-11-06 10:03,MSTX,11.23,11.28,11.19,11.26,43309
2025-11-06 10:04,MSTX,11.25,11.25,11.16,11.165,63343
2025-11-06 10:05,MSTX,11.16,11.31,11.1572,11.3,64448
2025-11-06 10:06,MSTX,11.295,11.4,11.29,11.365,22501
2025-11-06 10:07,MSTX,11.36,11.36,11.285,11.29,27827
2025-11-06 10:08,MSTX,11.2708,11.29,11.215,11.235,21134
2025-11-06 10:09,MSTX,11.225,11.225,11.185,11.19,38015
2025-11-06 10:10,MSTX,11.185,11.3084,11.17,11.305,49669
2025-11-06 10:11,MSTX,11.305,11.31,11.26,11.27,15773
2025-11-06 10:12,MSTX,11.28,11.28,11.18,11.185,24774
2025-11-06 10:13,MSTX,11.19,11.23,11.19,11.2001,26279
2025-11-06 10:14,MSTX,11.2004,11.21,11.14,11.14,50459
2025-11-06 10:15,MSTX,11.13,11.14,11.08,11.1039,105466
2025-11-06 10:16,MSTX,11.11,11.15,11.09,11.12,50175
2025-11-06 10:17,MSTX,11.12,11.21,11.12,11.1648,58176
2025-11-06 10:18,MSTX,11.18,11.265,11.175,11.255,21043
2025-11-06 10:19,MSTX,11.2546,11.2665,11.215,11.255,26304
2025-11-06 10:20,MSTX,11.26,11.37,11.24,11.335,36233
2025-11-06 10:21,MSTX,11.3382,11.349,11.235,11.2437,40206
2025-11-06 10:22,MSTX,11.25,11.286474,11.237,11.27,28238
2025-11-06 10:23,MSTX,11.26,11.265,11.23,11.25,8478
2025-11-06 10:24,MSTX,11.26,11.2752,11.22,11.225,12327
2025-11-06 10:25,MSTX,11.235,11.2899,11.235,11.2773,30368
2025-11-06 10:26,MSTX,11.28,11.28,11.1574,11.1574,47363
2025-11-06 10:27,MSTX,11.16,11.1775,11.13,11.165,28367
2025-11-06 10:28,MSTX,11.185,11.2096,11.175,11.205,33086
2025-11-06 10:29,MSTX,11.1956,11.205,11.16,11.16,18692
2025-11-06 10:30,MSTX,11.17,11.1999,11.14,11.165,25722
2025-11-06 10:31,MSTX,11.1545,11.185,11.1421,11.1814,21868
2025-11-06 10:32,MSTX,11.185,11.185,11.13,11.1347,10605
2025-11-06 10:33,MSTX,11.13,11.135,11.0601,11.0601,53726
2025-11-06 10:34,MSTX,11.075,11.1,11.05,11.095,75408
2025-11-06 10:35,MSTX,11.09,11.1083,11.0518,11.055,33941
2025-11-06 10:36,MSTX,11.06,11.06,10.96,10.964,116379
2025-11-06 10:37,MSTX,10.9657,10.9657,10.88,10.88,74376
2025-11-06 10:38,MSTX,10.88,10.96,10.8782,10.96,73390
2025-11-06 10:39,MSTX,10.95,10.955,10.915,10.92,69978
2025-11-06 10:40,MSTX,10.93,10.93,10.85,10.8586,79393
2025-11-06 10:41,MSTX,10.85,10.87,10.83,10.8435,54710
2025-11-06 10:42,MSTX,10.845,10.865,10.79,10.8199,157688
2025-11-06 10:43,MSTX,10.81,10.8156,10.77,10.78,50734
2025-11-06 10:44,MSTX,10.775,10.8,10.72,10.735,134695
2025-11-06 10:45,MSTX,10.74,10.82,10.74,10.8051,156245
2025-11-06 10:46,MSTX,10.815,10.819,10.7414,10.76,66135
2025-11-06 10:47,MSTX,10.76,10.7696,10.7299,10.74,22430
2025-11-06 10:48,MSTX,10.735,10.78,10.725,10.76,40369
2025-11-06 10:49,MSTX,10.755,10.78,10.725,10.7699,18659
2025-11-06 10:50,MSTX,10.77,10.815,10.745,10.78,25055
2025-11-06 10:51,MSTX,10.78,10.8297,10.78,10.785,18463
2025-11-06 10:52,MSTX,10.79,10.79,10.73,10.7746,17019
2025-11-06 10:53,MSTX,10.76,10.76,10.7123,10.7123,86151
2025-11-06 10:54,MSTX,10.71,10.75,10.68,10.745,56334
2025-11-06 10:55,MSTX,10.7394,10.77,10.73,10.7499,46249
2025-11-06 10:56,MSTX,10.75,10.75,10.68,10.68,42219
2025-11-06 10:57,MSTX,10.685,10.685,10.65,10.6509,25862
2025-11-06 10:58,MSTX,10.6586,10.68,10.645,10.67,34929
2025-11-06 10:59,MSTX,10.67,10.7452,10.67,10.7452,24129
2025-11-06 11:00,MSTX,10.75,10.805,10.7492,10.805,38084
2025-11-06 11:01,MSTX,10.8,10.87,10.7845,10.7896,130579
2025-11-06 11:02,MSTX,10.7801,10.822,10.7801,10.805,28811
2025-11-06 11:03,MSTX,10.81,10.84,10.785,10.795,40547
2025-11-06 11:04,MSTX,10.795,10.89,10.795,10.865,59451
2025-11-06 11:05,MSTX,10.865,10.94,10.835,10.9335,36546
2025-11-06 11:06,MSTX,10.925,10.94,10.885,10.89,26738
2025-11-06 11:07,MSTX,10.895,10.9299,10.885,10.895,43032
2025-11-06 11:08,MSTX,10.895,11.0297,10.895,11.025,63639
2025-11-06 11:09,MSTX,11.025,11.0499,10.97,10.99,32440
2025-11-06 11:10,MSTX,10.99,11.0,10.9401,10.95,36985
2025-11-06 11:11,MSTX,10.9444,10.98,10.93,10.98,14311
2025-11-06 11:12,MSTX,10.98,10.98,10.8808,10.89,10476
2025-11-06 11:13,MSTX,10.895,10.925,10.89,10.9,18272
2025-11-06 11:14,MSTX,10.895,10.91,10.875,10.8775,19198
2025-11-06 11:15,MSTX,10.88,10.91,10.878,10.9,20810
2025-11-06 11:16,MSTX,10.87,10.92,10.85,10.86,40433
2025-11-06 11:17,MSTX,10.86,10.93,10.86,10.93,19256
2025-11-06 11:18,MSTX,10.9021,10.91,10.855,10.86,47920
2025-11-06 11:19,MSTX,10.86,10.89,10.8501,10.865,13643
2025-11-06 11:20,MSTX,10.87,10.91,10.856,10.91,8330
2025-11-06 11:21,MSTX,10.91,10.92,10.8966,10.92,68035
2025-11-06 11:22,MSTX,10.9,10.9,10.8,10.8,14770
2025-11-06 11:23,MSTX,10.8,10.82,10.79,10.8,29813
2025-11-06 11:24,MSTX,10.79,10.81,10.755,10.8,46283
2025-11-06 11:25,MSTX,10.81,10.86,10.8093,10.86,23478
2025-11-06 11:26,MSTX,10.855,10.91,10.855,10.91,5480
2025-11-06 11:27,MSTX,10.901,10.901,10.8507,10.8507,5788
2025-11-06 11:28,MSTX,10.86,10.885,10.8401,10.86,7031
2025-11-06 11:29,MSTX,10.87,10.9,10.87,10.895,10779
2025-11-06 11:30,MSTX,10.865,10.865,10.825,10.835,6848
2025-11-06 11:31,MSTX,10.845,10.86,10.825,10.835,7385
2025-11-06 11:32,MSTX,10.835,10.845,10.825,10.8335,7591
2025-11-06 11:33,MSTX,10.83,10.85,10.82,10.835,11791
2025-11-06 11:34,MSTX,10.835,10.835,10.795,10.795,65121
2025-11-06 11:35,MSTX,10.7999,10.81,10.72,10.7255,90180
2025-11-06 11:36,MSTX,10.72,10.745,10.705,10.73,18562
2025-11-06 11:37,MSTX,10.725,10.74,10.625,10.625,36720
2025-11-06 11:38,MSTX,10.6201,10.66,10.6201,10.635,35741
2025-11-06 11:39,MSTX,10.635,10.65,10.61,10.63,19186
2025-11-06 11:40,MSTX,10.62,10.64,10.605,10.605,33342
2025-11-06 11:41,MSTX,10.61,10.62,10.6,10.605,70007
2025-11-06 11:42,MSTX,10.6067,10.62,10.57,10.6048,25587
2025-11-06 11:43,MSTX,10.605,10.625,10.57005,10.62,61283
2025-11-06 11:44,MSTX,10.61,10.665,10.6096,10.665,34987
2025-11-06 11:45,MSTX,10.66,10.66,10.6135,10.625,24172
2025-11-06 11:46,MSTX,10.625,10.665,10.616859,10.6272,25842
2025-11-06 11:47,MSTX,10.635,10.655,10.625,10.6467,21212
2025-11-06 11:48,MSTX,10.655,10.655,10.605,10.635,23824
2025-11-06 11:49,MSTX,10.6378,10.6378,10.60005,10.6035,41068
2025-11-06 11:50,MSTX,10.605,10.6099,10.55,10.5535,65230
2025-11-06 11:51,MSTX,10.56,10.65,10.5599,10.6201,39631
2025-11-06 11:52,MSTX,10.6308,10.76,10.6308,10.76,23189
2025-11-06 11:53,MSTX,10.77,10.77,10.735,10.76,26984
2025-11-06 11:54,MSTX,10.75,10.78,10.75,10.755,12188
2025-11-06 11:55,MSTX,10.74,10.74,10.6199,10.6199,15451
2025-11-06 11:56,MSTX,10.615,10.63,10.52,10.535,18615
2025-11-06 11:57,MSTX,10.545,10.605,10.545,10.605,15653
2025-11-06 11:58,MSTX,10.61,10.6557,10.605,10.62,60395
2025-11-06 11:59,MSTX,10.63,10.65,10.5836,10.59,7763
2025-11-06 12:00,MSTX,10.6,10.67,10.6,10.67,12779
2025-11-06 12:01,MSTX,10.67,10.67,10.62,10.6501,77846
2025-11-06 12:02,MSTX,10.65,10.73,10.635,10.725,25303
2025-11-06 12:03,MSTX,10.7145,10.7145,10.665,10.695,16501
2025-11-06 12:04,MSTX,10.695,10.745,10.67,10.675,40520
2025-11-06 12:05,MSTX,10.67,10.67,10.64,10.67,11914
2025-11-06 12:06,MSTX,10.67,10.67,10.62,10.63,13823
2025-11-06 12:07,MSTX,10.63,10.63,10.555,10.555,30814
2025-11-06 12:08,MSTX,10.56,10.58,10.555,10.575,16842
2025-11-06 12:09,MSTX,10.58,10.67,10.5706,10.67,38309
2025-11-06 12:10,MSTX,10.7,10.76,10.7,10.755,20889
2025-11-06 12:11,MSTX,10.7547,10.8,10.74,10.775,90564
2025-11-06 12:12,MSTX,10.78,10.84,10.751,10.755,26679
2025-11-06 12:13,MSTX,10.75,10.775,10.72,10.72,15379
2025-11-06 12:14,MSTX,10.7199,10.72,10.6801,10.6801,18500
2025-11-06 12:15,MSTX,10.68,10.68,10.6536,10.6536,7553
2025-11-06 12:16,MSTX,10.655,10.68,10.65,10.659,49558
2025-11-06 12:17,MSTX,10.66,10.6748,10.6417,10.65,11170
2025-11-06 12:18,MSTX,10.65,10.7,10.65,10.68,12938
2025-11-06 12:19,MSTX,10.665,10.69,10.665,10.68,6400
2025-11-06 12:20,MSTX,10.68,10.68,10.65,10.65,15932
2025-11-06 12:21,MSTX,10.65,10.655,10.57,10.57,8625
2025-11-06 12:22,MSTX,10.58,10.6301,10.58,10.63,7104
2025-11-06 12:23,MSTX,10.63,10.645,10.605,10.61,10432
2025-11-06 12:24,MSTX,10.6,10.61,10.6,10.605,9861
2025-11-06 12:25,MSTX,10.6,10.61,10.58,10.5813,8932
2025-11-06 12:26,MSTX,10.59,10.61,10.5601,10.5601,16327
2025-11-06 12:27,MSTX,10.57,10.605,10.565,10.605,11877
2025-11-06 12:28,MSTX,10.6,10.62,10.6,10.61,12740
2025-11-06 12:29,MSTX,10.6148,10.65,10.61,10.6299,21608
2025-11-06 12:30,MSTX,10.62,10.62,10.565,10.58,14149
2025-11-06 12:31,MSTX,10.58,10.61,10.574,10.585,12454
2025-11-06 12:32,MSTX,10.59,10.655,10.59,10.63,6168
2025-11-06 12:33,MSTX,10.64,10.68,10.635,10.66,10646
2025-11-06 12:34,MSTX,10.66,10.67,10.605,10.61,11197
2025-11-06 12:35,MSTX,10.6198,10.7,10.6198,10.6999,25460
2025-11-06 12:36,MSTX,10.695,10.73,10.675,10.69,39714
2025-11-06 12:37,MSTX,10.69,10.73,10.69,10.71,14429
2025-11-06 12:38,MSTX,10.7097,10.745,10.7097,10.74,11506
2025-11-06 12:39,MSTX,10.735,10.74,10.68,10.68,45660
2025-11-06 12:40,MSTX,10.69,10.705,10.68,10.705,7449
2025-11-06 12:41,MSTX,10.705,10.72,10.695,10.695,7370
2025-11-06 12:42,MSTX,10.7,10.73,10.6988,10.73,49431
2025-11-06 12:43,MSTX,10.74,10.7799,10.735,10.7799,22116
2025-11-06 12:44,MSTX,10.77,10.77,10.7501,10.76,22490
2025-11-06 12:45,MSTX,10.7655,10.79,10.76,10.77,14823
2025-11-06 12:46,MSTX,10.77,10.79,10.765,10.77,14785
2025-11-06 12:47,MSTX,10.775,10.86,10.775,10.86,167151
2025-11-06 12:48,MSTX,10.855,10.8699,10.84,10.8699,9978
2025-11-06 12:49,MSTX,10.87,10.91,10.8552,10.87,52607
2025-11-06 12:50,MSTX,10.87,10.899866,10.86,10.899866,26751
2025-11-06 12:51,MSTX,10.8877,10.89,10.86,10.875,30080
2025-11-06 12:52,MSTX,10.876,10.89,10.86,10.8891,24708
2025-11-06 12:53,MSTX,10.888,10.888,10.83,10.85,19124
2025-11-06 12:54,MSTX,10.85,10.9,10.85,10.897,12494
2025-11-06 12:55,MSTX,10.9,10.9176,10.865,10.8904,31017
2025-11-06 12:56,MSTX,10.895,10.91,10.8736,10.875,44342
2025-11-06 12:57,MSTX,10.875,10.8945,10.865,10.87,26214
2025-11-06 12:58,MSTX,10.875,10.91,10.8701,10.9,33880
2025-11-06 12:59,MSTX,10.895,10.9,10.88,10.885,42452
2025-11-06 13:00,MSTX,10.865,10.87,10.84,10.855,23482
2025-11-06 13:01,MSTX,10.855,10.8771,10.85,10.865,13266
2025-11-06 13:02,MSTX,10.855,10.86,10.795,10.82,29359
2025-11-06 13:03,MSTX,10.81,10.81,10.745,10.7582,11291
2025-11-06 13:04,MSTX,10.75,10.75,10.715,10.7324,15601
2025-11-06 13:05,MSTX,10.73,10.74,10.71,10.7112,8621
2025-11-06 13:06,MSTX,10.71,10.71,10.66,10.66,14685
2025-11-06 13:07,MSTX,10.66,10.7,10.66,10.695,40248
2025-11-06 13:08,MSTX,10.69,10.695,10.675,10.68,12551
2025-11-06 13:09,MSTX,10.68,10.68,10.6644,10.665,9932
2025-11-06 13:10,MSTX,10.661,10.678,10.65,10.65,13862
2025-11-06 13:11,MSTX,10.65,10.665,10.6314,10.66,12839
2025-11-06 13:12,MSTX,10.65,10.6599,10.64,10.64,8709
2025-11-06 13:13,MSTX,10.65,10.65,10.63,10.635,23456
2025-11-06 13:14,MSTX,10.64,10.65,10.615,10.65,14799
2025-11-06 13:15,MSTX,10.65,10.655,10.615,10.62,69126
2025-11-06 13:16,MSTX,10.62,10.62,10.6,10.605,13154
2025-11-06 13:17,MSTX,10.6,10.605,10.5901,10.605,12541
2025-11-06 13:18,MSTX,10.61,10.635,10.605,10.635,17043
2025-11-06 13:19,MSTX,10.6398,10.64,10.62,10.6345,6486
2025-11-06 13:20,MSTX,10.6386,10.6458,10.63,10.64,12027
2025-11-06 13:21,MSTX,10.6458,10.6799,10.6335,10.65,21170
2025-11-06 13:22,MSTX,10.65,10.68,10.645,10.67,24078
2025-11-06 13:23,MSTX,10.675,10.73,10.675,10.73,12201
2025-11-06 13:24,MSTX,10.73,10.76,10.725,10.76,17161
2025-11-06 13:25,MSTX,10.75,10.8,10.75,10.8,15239
2025-11-06 13:26,MSTX,10.79,10.86,10.785,10.86,16589
2025-11-06 13:27,MSTX,10.87,10.875,10.82,10.825,21884
2025-11-06 13:28,MSTX,10.82,10.84,10.815,10.82,27271
2025-11-06 13:29,MSTX,10.8286,10.84,10.8,10.8,10533
2025-11-06 13:30,MSTX,10.805,10.84,10.805,10.83,19669
2025-11-06 13:31,MSTX,10.8397,10.84,10.795,10.7999,19042
2025-11-06 13:32,MSTX,10.79,10.8102,10.785,10.8057,25699
2025-11-06 13:33,MSTX,10.805,10.83,10.7975,10.7975,13212
2025-11-06 13:34,MSTX,10.8,10.82,10.7902,10.8,14706
2025-11-06 13:35,MSTX,10.805,10.85,10.805,10.845,21003
2025-11-06 13:36,MSTX,10.84,10.86,10.835,10.86,11781
2025-11-06 13:37,MSTX,10.855,10.86,10.845,10.85,18803
2025-11-06 13:38,MSTX,10.85,10.8699,10.81,10.825,32580
2025-11-06 13:39,MSTX,10.8201,10.835,10.8,10.815,21128
2025-11-06 13:40,MSTX,10.82,10.85,10.82,10.83,20445
2025-11-06 13:41,MSTX,10.825,10.825,10.79,10.805,32025
2025-11-06 13:42,MSTX,10.8099,10.83,10.805,10.83,15422
2025-11-06 13:43,MSTX,10.83,10.83,10.81,10.81,7290
2025-11-06 13:44,MSTX,10.805,10.8192,10.7975,10.7975,6306
2025-11-06 13:45,MSTX,10.8,10.81,10.793,10.805,8882
2025-11-06 13:46,MSTX,10.8,10.805,10.75,10.75,21620
2025-11-06 13:47,MSTX,10.74,10.79,10.74,10.785,13578
2025-11-06 13:48,MSTX,10.79,10.8599,10.79,10.8544,12225
2025-11-06 13:49,MSTX,10.855,10.87,10.85,10.869,16234
2025-11-06 13:50,MSTX,10.87,10.8799,10.825,10.8277,31296
2025-11-06 13:51,MSTX,10.825,10.83,10.775,10.79,22693
2025-11-06 13:52,MSTX,10.79,10.8,10.785,10.795,6567
2025-11-06 13:53,MSTX,10.7965,10.815,10.78,10.81,19329
2025-11-06 13:54,MSTX,10.81,10.825,10.8,10.82,11354
2025-11-06 13:55,MSTX,10.825,10.825,10.77,10.775,7236
2025-11-06 13:56,MSTX,10.78,10.785,10.7703,10.785,5126
2025-11-06 13:57,MSTX,10.785,10.8,10.78,10.78,8444
2025-11-06 13:58,MSTX,10.78,10.7899,10.77,10.775,10519
2025-11-06 13:59,MSTX,10.7755,10.815,10.7752,10.81,14028
2025-11-06 14:00,MSTX,10.81,10.85,10.8,10.835,62321
2025-11-06 14:01,MSTX,10.825,10.86,10.825,10.855,14190
2025-11-06 14:02,MSTX,10.86,10.865,10.845,10.8546,65821
2025-11-06 14:03,MSTX,10.855,10.885,10.85,10.8801,40384
2025-11-06 14:04,MSTX,10.885,10.95,10.87353,10.935,23707
2025-11-06 14:05,MSTX,10.9384,10.995,10.93,10.9856,20153
2025-11-06 14:06,MSTX,10.99,11.0499,10.99,11.015,31707
2025-11-06 14:07,MSTX,11.015,11.02,11.0001,11.0111,20616
2025-11-06 14:08,MSTX,11.015,11.05,11.0,11.0244,30959
2025-11-06 14:09,MSTX,11.025,11.045,11.01,11.035,14595
2025-11-06 14:10,MSTX,11.04,11.0527,11.04,11.04,7024
2025-11-06 14:11,MSTX,11.04,11.085,11.0386,11.08,9121
2025-11-06 14:12,MSTX,11.09,11.0999,11.0699,11.095,14860
2025-11-06 14:13,MSTX,11.09,11.12,11.06,11.07,24650
2025-11-06 14:14,MSTX,11.07,11.11,11.07,11.105,3750
2025-11-06 14:15,MSTX,11.11,11.1399,11.11,11.1207,30625
2025-11-06 14:16,MSTX,11.13,11.1301,11.0784,11.09,18378
2025-11-06 14:17,MSTX,11.1,11.12,11.07,11.0807,5269
2025-11-06 14:18,MSTX,11.075,11.095,11.0689,11.07,13483
2025-11-06 14:19,MSTX,11.075,11.1145,11.075,11.1145,6780
2025-11-06 14:20,MSTX,11.11,11.1122,11.0617,11.0617,17679
2025-11-06 14:21,MSTX,11.0589,11.065,11.04,11.05,14361
2025-11-06 14:22,MSTX,11.045,11.07,11.0,11.04,32424
2025-11-06 14:23,MSTX,11.0454,11.07,11.045,11.065,14083
2025-11-06 14:24,MSTX,11.065,11.075,11.045,11.045,18086
2025-11-06 14:25,MSTX,11.05,11.05,11.02,11.025,20487
2025-11-06 14:26,MSTX,11.025,11.025,10.97,11.02,23350
2025-11-06 14:27,MSTX,11.015,11.03,10.96,10.96,14164
2025-11-06 14:28,MSTX,10.96,11.01,10.96,11.0,19790
2025-11-06 14:29,MSTX,11.01,11.02,10.975,10.99,26926
2025-11-06 14:30,MSTX,10.98,10.98,10.885,10.89,18227
2025-11-06 14:31,MSTX,10.89,10.935,10.89,10.93,36080
2025-11-06 14:32,MSTX,10.93,10.99,10.93,10.99,20814
2025-11-06 14:33,MSTX,10.99,11.0,10.9248,10.93,8805
2025-11-06 14:34,MSTX,10.93,10.93,10.9001,10.9136,31703
2025-11-06 14:35,MSTX,10.93,10.945,10.91,10.915,7636
2025-11-06 14:36,MSTX,10.91,10.955,10.91,10.94,26801
2025-11-06 14:37,MSTX,10.94,10.94,10.93,10.94,7601
2025-11-06 14:38,MSTX,10.9303,10.965,10.9303,10.965,26597
2025-11-06 14:39,MSTX,10.955,10.9599,10.8848,10.8848,31198
2025-11-06 14:40,MSTX,10.87,10.875,10.8345,10.8345,11300
2025-11-06 14:41,MSTX,10.825,10.825,10.73,10.74,21683
2025-11-06 14:42,MSTX,10.745,10.745,10.7,10.7,13640
2025-11-06 14:43,MSTX,10.705,10.71,10.7,10.7,38360
2025-11-06 14:44,MSTX,10.705,10.74,10.705,10.73,66919
2025-11-06 14:45,MSTX,10.7299,10.7345,10.71,10.73,27568
2025-11-06 14:46,MSTX,10.74,10.74,10.705,10.71,9923
2025-11-06 14:47,MSTX,10.715,10.72,10.6801,10.715,27512
2025-11-06 14:48,MSTX,10.7035,10.7098,10.64,10.64,33672
2025-11-06 14:49,MSTX,10.64,10.665,10.64,10.65,33054
2025-11-06 14:50,MSTX,10.655,10.655,10.6401,10.65,13809
2025-11-06 14:51,MSTX,10.65,10.65,10.6,10.61,50479
2025-11-06 14:52,MSTX,10.605,10.605,10.575,10.5799,33857
2025-11-06 14:53,MSTX,10.57,10.5999,10.565,10.5999,26204
2025-11-06 14:54,MSTX,10.5945,10.61,10.58,10.58,18675
2025-11-06 14:55,MSTX,10.58,10.59,10.56291,10.5871,25008
2025-11-06 14:56,MSTX,10.59,10.615,10.58,10.615,10173
2025-11-06 14:57,MSTX,10.61,10.66,10.59,10.66,14246
2025-11-06 14:58,MSTX,10.66,10.68,10.65,10.67,25855
2025-11-06 14:59,MSTX,10.67,10.6783,10.6607,10.6783,16532
2025-11-06 15:00,MSTX,10.68,10.77,10.68,10.7574,23680
2025-11-06 15:01,MSTX,10.76,10.78,10.74,10.745,20116
2025-11-06 15:02,MSTX,10.75,10.795,10.72,10.74,13961
2025-11-06 15:03,MSTX,10.75,10.785,10.75,10.77,20512
2025-11-06 15:04,MSTX,10.77,10.795,10.76,10.795,8525
2025-11-06 15:05,MSTX,10.8,10.83,10.77,10.78,20349
2025-11-06 15:06,MSTX,10.77,10.77,10.74,10.7476,11222
2025-11-06 15:07,MSTX,10.74,10.74,10.7,10.71,11064
2025-11-06 15:08,MSTX,10.715,10.76,10.71,10.71,21935
2025-11-06 15:09,MSTX,10.705,10.72,10.695,10.72,16989
2025-11-06 15:10,MSTX,10.71,10.71,10.69,10.7,8325
2025-11-06 15:11,MSTX,10.695,10.7,10.67,10.675,17431
2025-11-06 15:12,MSTX,10.68,10.72,10.65,10.65,33325
2025-11-06 15:13,MSTX,10.645,10.66,10.61,10.61,19788
2025-11-06 15:14,MSTX,10.61,10.61,10.57,10.5701,32982
2025-11-06 15:15,MSTX,10.5798,10.59,10.56,10.5601,21539
2025-11-06 15:16,MSTX,10.55,10.56,10.5328,10.55,49149
2025-11-06 15:17,MSTX,10.55,10.6,10.5445,10.5948,52038
2025-11-06 15:18,MSTX,10.5874,10.61,10.572,10.61,20671
2025-11-06 15:19,MSTX,10.61,10.6299,10.61,10.6201,18569
2025-11-06 15:20,MSTX,10.62,10.66,10.6066,10.64,20154
2025-11-06 15:21,MSTX,10.63,10.6499,10.6001,10.63,18577
2025-11-06 15:22,MSTX,10.63,10.64,10.61,10.625,7979
2025-11-06 15:23,MSTX,10.625,10.66,10.6201,10.66,33784
2025-11-06 15:24,MSTX,10.67,10.67,10.645,10.645,12549
2025-11-06 15:25,MSTX,10.6491,10.655,10.615,10.625,18281
2025-11-06 15:26,MSTX,10.6297,10.66,10.615,10.645,11838
2025-11-06 15:27,MSTX,10.64,10.645,10.615,10.645,19335
2025-11-06 15:28,MSTX,10.6454,10.65,10.635,10.645,10266
2025-11-06 15:29,MSTX,10.645,10.65,10.62,10.6277,27748
2025-11-06 15:30,MSTX,10.6256,10.715,10.625,10.715,18976
2025-11-06 15:31,MSTX,10.72,10.72,10.66,10.66,4226
2025-11-06 15:32,MSTX,10.66,10.6693,10.62,10.665,20142
2025-11-06 15:33,MSTX,10.6635,10.7,10.6635,10.6959,27652
2025-11-06 15:34,MSTX,10.6982,10.75,10.695,10.75,13410
2025-11-06 15:35,MSTX,10.7799,10.8,10.771,10.8,16923
2025-11-06 15:36,MSTX,10.805,10.8391,10.79,10.8,42596
2025-11-06 15:37,MSTX,10.79,10.82,10.79,10.7972,15882
2025-11-06 15:38,MSTX,10.79,10.825,10.78,10.825,25588
2025-11-06 15:39,MSTX,10.8199,10.8199,10.76,10.77,3103
2025-11-06 15:40,MSTX,10.7778,10.781,10.7452,10.7452,2255
2025-11-06 15:41,MSTX,10.7401,10.745,10.715,10.74,3150
2025-11-06 15:42,MSTX,10.73,10.73,10.7,10.705,6362
2025-11-06 15:43,MSTX,10.7,10.71,10.69,10.7,7836
2025-11-06 15:44,MSTX,10.6801,10.69,10.655,10.66,3465
2025-11-06 15:45,MSTX,10.655,10.69,10.65,10.66,11960
2025-11-06 15:46,MSTX,10.67,10.67,10.5,10.505,73958
2025-11-06 15:47,MSTX,10.5,10.51,10.45,10.45,75067
2025-11-06 15:48,MSTX,10.45,10.455,10.41,10.415,93376
2025-11-06 15:49,MSTX,10.415,10.415,10.34,10.34,43137
2025-11-06 15:50,MSTX,10.35,10.47,10.34,10.47,65722
2025-11-06 15:51,MSTX,10.47,10.48,10.4294,10.465,47787
2025-11-06 15:52,MSTX,10.46,10.5598,10.46,10.555,31395
2025-11-06 15:53,MSTX,10.55,10.555,10.49,10.51,25050
2025-11-06 15:54,MSTX,10.51,10.535,10.4555,10.52,24492
2025-11-06 15:55,MSTX,10.54,10.74,10.54,10.62,40323
2025-11-04 15:56,NUGT,119.02,119.1168,119.01,119.01,3961
2025-11-04 15:57,NUGT,118.96,119.08,118.91,119.04,4810
2025-11-04 15:58,NUGT,118.97,119.21,118.94,119.11,2058
2025-11-04 15:59,NUGT,119.15,119.27,119.04,119.15,7993
2025-11-04 16:00,NUGT,119.07,119.07,119.07,119.07,3587
2025-11-04 16:01,NUGT,119.88,119.88,119.88,119.88,100
2025-11-04 16:05,NUGT,119.45,119.45,119.45,119.45,100
2025-11-04 16:14,NUGT,119.33,119.33,119.2,119.2,300
2025-11-04 16:23,NUGT,119.01,119.01,118.5,118.5,4616
2025-11-04 16:33,NUGT,118.8,118.8,118.8,118.8,200
2025-11-04 16:36,NUGT,118.73,118.73,118.73,118.73,100
2025-11-04 16:38,NUGT,118.69,118.69,118.69,118.69,397
2025-11-04 16:48,NUGT,119.18,119.18,119.18,119.18,100
2025-11-04 17:07,NUGT,119.7,119.7,119.7,119.7,505
2025-11-04 17:23,NUGT,119.68,119.68,119.68,119.68,100
2025-11-04 17:39,NUGT,118.3179,118.3179,118.3179,118.3179,230
2025-11-04 17:45,NUGT,119.39,119.39,119.39,119.39,200
2025-11-04 18:06,NUGT,118.75,118.75,118.75,118.75,150
2025-11-04 18:29,NUGT,118.7,118.7,118.7,118.7,100
2025-11-04 18:30,NUGT,118.7,118.7,118.7,118.7,500
2025-11-04 18:49,NUGT,119.1,119.1,119.1,119.1,200
2025-11-04 18:51,NUGT,118.8,118.8,118.8,118.8,400
2025-11-04 18:59,NUGT,118.48,118.51,118.48,118.48,540
2025-11-04 19:01,NUGT,118.3621,118.3621,118.3621,118.3621,100
2025-11-04 19:04,NUGT,118.68,118.68,118.68,118.68,400
2025-11-04 19:16,NUGT,119.0,119.0,118.88,118.88,500
2025-11-04 19:34,NUGT,118.88,118.88,118.88,118.88,166
2025-11-04 19:37,NUGT,119.099,119.099,119.099,119.099,230
2025-11-05 07:00,NUGT,123.0,123.0,122.39,122.39,488
2025-11-05 07:01,NUGT,122.2,122.2,122.2,122.2,493
2025-11-05 07:04,NUGT,122.0,122.2,122.0,122.2,1028
2025-11-05 07:05,NUGT,122.4,122.4,122.4,122.4,125
2025-11-05 07:07,NUGT,122.12,122.12,122.12,122.12,180
2025-11-05 07:17,NUGT,122.31,122.31,122.31,122.31,200
2025-11-05 07:21,NUGT,122.45,122.45,122.45,122.45,300
2025-11-05 07:36,NUGT,122.4,122.4,122.4,122.4,100
2025-11-05 07:38,NUGT,122.5,122.5,122.5,122.5,200
2025-11-05 07:44,NUGT,122.5,122.5,122.5,122.5,100
2025-11-05 07:57,NUGT,122.8,122.8,122.8,122.8,291
2025-11-05 08:01,NUGT,122.75,122.75,122.75,122.75,1000
2025-11-05 08:02,NUGT,123.01,123.01,123.01,123.01,600
2025-11-05 08:12,NUGT,123.22,123.22,123.22,123.22,100
2025-11-05 08:15,NUGT,123.0,123.0,123.0,123.0,125
2025-11-05 08:17,NUGT,123.18,123.18,123.0,123.0,200
2025-11-05 08:23,NUGT,123.5,123.5,123.5,123.5,100
2025-11-05 08:24,NUGT,123.72,123.72,123.72,123.72,125
2025-11-05 08:26,NUGT,123.71,123.71,123.71,123.71,106
2025-11-05 08:33,NUGT,123.5,123.5,123.5,123.5,218
2025-11-05 08:35,NUGT,123.7,123.7,123.7,123.7,172
2025-11-05 08:38,NUGT,123.54,123.54,123.54,123.54,200
2025-11-05 08:41,NUGT,123.84,123.84,123.84,123.84,200
2025-11-05 08:44,NUGT,123.95,124.09,123.95,124.09,886
2025-11-05 08:46,NUGT,123.85,123.871,123.85,123.85,2795
2025-11-05 08:47,NUGT,123.8,123.8,123.8,123.8,1000
2025-11-05 08:48,NUGT,123.851,123.851,123.81,123.81,900
2025-11-05 08:49,NUGT,123.95,124.09,123.95,124.09,400
2025-11-05 08:50,NUGT,124.09,124.09,124.09,124.09,400
2025-11-05 08:51,NUGT,123.941,124.09,123.85,124.0,2474
2025-11-05 08:55,NUGT,124.4897,124.4897,124.4897,124.4897,300
2025-11-05 08:56,NUGT,124.49,124.49,124.49,124.49,977
2025-11-05 08:57,NUGT,124.04,124.04,124.04,124.04,830
2025-11-05 09:04,NUGT,124.25,124.25,124.25,124.25,125
2025-11-05 09:05,NUGT,124.37,124.37,124.37,124.37,100
2025-11-05 09:06,NUGT,124.25,124.25,124.25,124.25,117
2025-11-05 09:08,NUGT,124.5,124.5,124.215,124.215,280
2025-11-05 09:11,NUGT,124.5,124.5,124.5,124.5,100
2025-11-05 09:12,NUGT,124.59,124.59,124.59,124.59,101
2025-11-05 09:13,NUGT,124.65,124.65,124.5,124.5,200
2025-11-05 09:16,NUGT,124.66,124.66,124.66,124.66,1000
2025-11-05 09:18,NUGT,124.65,124.65,124.65,124.65,120
2025-11-05 09:20,NUGT,124.44,124.45,124.44,124.45,700
2025-11-05 09:24,NUGT,124.51,124.51,124.51,124.51,300
2025-11-05 09:25,NUGT,124.79,124.79,124.469,124.469,300
2025-11-05 09:28,NUGT,124.65,124.65,124.64,124.64,200
2025-11-05 09:29,NUGT,124.8,124.8,124.78,124.78,200
2025-11-05 09:30,NUGT,124.72,125.5,124.12,125.18,29731
2025-11-05 09:31,NUGT,125.35,125.73,124.65,124.72,9374
2025-11-05 09:32,NUGT,124.79,125.3817,124.64,124.765,4500
2025-11-05 09:33,NUGT,124.8,125.7,124.53,125.44,6825
2025-11-05 09:34,NUGT,125.68,125.9985,125.35,125.9985,2330
2025-11-05 09:35,NUGT,126.0,126.0,125.3507,125.57,7265
2025-11-05 09:36,NUGT,125.64,125.92,125.5,125.92,3000
2025-11-05 09:37,NUGT,125.889,127.09,125.76,127.045,12962
2025-11-05 09:38,NUGT,126.5878,126.72,126.03,126.385,4118
2025-11-05 09:39,NUGT,126.21,126.5,125.75,126.5,4214
2025-11-05 09:40,NUGT,126.4,126.6344,126.09,126.18,4320
2025-11-05 09:41,NUGT,126.25,126.25,125.4,125.54,4027
2025-11-05 09:42,NUGT,125.4962,125.59,125.33,125.5,2131
2025-11-05 09:43,NUGT,125.5031,125.57,125.33,125.34,2187
2025-11-05 09:44,NUGT,125.26,125.29,124.7205,124.89,7638
2025-11-05 09:45,NUGT,124.9864,125.19,124.88,124.88,7754
2025-11-05 09:46,NUGT,124.83,125.17,124.8,125.17,1855
2025-11-05 09:47,NUGT,124.99,124.99,124.3418,124.44,1336
2025-11-05 09:48,NUGT,124.47,124.5,124.01,124.1838,1789
2025-11-05 09:49,NUGT,124.0523,124.1,123.8,123.87,13046
2025-11-05 09:50,NUGT,124.38,124.38,123.74,123.74,4036
2025-11-05 09:51,NUGT,123.73,123.9217,123.73,123.9217,1400
2025-11-05 09:52,NUGT,124.3,124.47,124.18,124.47,2720
2025-11-05 09:53,NUGT,124.19,124.51,124.19,124.51,1300
2025-11-05 09:54,NUGT,124.63,125.16,124.63,124.9611,980
2025-11-05 09:55,NUGT,124.64,124.75,124.64,124.685,1850
2025-11-05 09:56,NUGT,124.88,125.15,124.8772,125.0268,5650
2025-11-05 09:57,NUGT,124.732,124.94,124.72,124.94,1300
2025-11-05 09:58,NUGT,124.661,124.67,124.6,124.67,1543
2025-11-05 09:59,NUGT,124.5004,124.79,124.5004,124.64,2473
2025-11-05 10:00,NUGT,124.1,124.1,123.18,123.535,6734
2025-11-05 10:01,NUGT,123.47,124.33,123.47,124.3,6590
2025-11-05 10:02,NUGT,124.045,124.4681,123.9696,124.4681,5701
2025-11-05 10:03,NUGT,124.111,124.529,124.0,124.25,6188
2025-11-05 10:04,NUGT,124.1361,124.6652,124.1361,124.65,12158
2025-11-05 10:05,NUGT,124.61,124.93,124.61,124.67,4874
2025-11-05 10:06,NUGT,124.88,124.88,124.615,124.615,2170
2025-11-05 10:07,NUGT,124.64,124.8582,124.47,124.47,3090
2025-11-05 10:08,NUGT,124.6,124.695,124.385,124.385,2200
2025-11-05 10:09,NUGT,124.3901,124.44,124.1,124.22,3680
2025-11-05 10:10,NUGT,124.13,124.32,124.1,124.22,730
2025-11-05 10:11,NUGT,124.1579,124.1579,123.9,124.145,2385
2025-11-05 10:12,NUGT,124.1,124.62,124.1,124.48,3670
2025-11-05 10:13,NUGT,124.28,124.5299,124.237,124.237,4000
2025-11-05 10:14,NUGT,124.1445,124.1445,123.73,123.73,2519
2025-11-05 10:15,NUGT,123.76,124.03,123.76,124.0,1019
2025-11-05 10:16,NUGT,124.08,124.09,123.87,123.87,915
2025-11-05 10:17,NUGT,124.1475,124.34,124.12,124.18,2198
2025-11-05 10:18,NUGT,124.5,124.9,124.5,124.9,2200
2025-11-05 10:19,NUGT,124.82,124.82,124.59,124.64,1771
2025-11-05 10:20,NUGT,124.3841,124.3841,124.3841,124.3841,200
2025-11-05 10:21,NUGT,124.44,124.69,124.4201,124.4201,2500
2025-11-05 10:22,NUGT,124.42,124.42,124.42,124.42,172
2025-11-05 10:24,NUGT,124.57,124.57,124.36,124.4,640
2025-11-05 10:25,NUGT,124.44,124.895,124.44,124.81,4060
2025-11-05 10:26,NUGT,125.0,125.65,124.99,125.51,7001
2025-11-05 10:27,NUGT,125.4001,125.54,125.4001,125.51,2827
2025-11-05 10:28,NUGT,125.68,125.86,125.68,125.86,1200
2025-11-05 10:29,NUGT,125.88,126.25,125.88,126.1,2866
2025-11-05 10:30,NUGT,126.1,126.3,126.1,126.262,1848
2025-11-05 10:31,NUGT,126.47,126.655,126.4,126.47,2343
2025-11-05 10:32,NUGT,126.64,126.7499,126.55,126.62,1825
2025-11-05 10:33,NUGT,126.59,126.59,126.33,126.33,2400
2025-11-05 10:34,NUGT,126.435,126.4849,126.28,126.28,800
2025-11-05 10:35,NUGT,125.97,126.2222,125.91,126.175,1320
2025-11-05 10:36,NUGT,126.095,126.095,125.9147,125.9147,620
2025-11-05 10:37,NUGT,126.09,126.145,126.0,126.03,1910
2025-11-05 10:38,NUGT,125.9781,125.9781,125.925,125.925,200
2025-11-05 10:39,NUGT,126.015,126.015,126.0,126.0,1635
2025-11-05 10:40,NUGT,125.89,125.89,125.89,125.89,250
2025-11-05 10:41,NUGT,125.96,125.96,125.9099,125.9099,748
2025-11-05 10:42,NUGT,125.75,125.77,125.65,125.77,800
2025-11-05 10:44,NUGT,125.94,125.94,125.935,125.935,270
2025-11-05 10:45,NUGT,125.85,125.88,125.8213,125.88,425
2025-11-05 10:46,NUGT,125.99,126.0,125.845,125.845,1134
2025-11-05 10:47,NUGT,125.92,126.025,125.92,125.95,443
2025-11-05 10:48,NUGT,125.835,125.835,125.835,125.835,420
2025-11-05 10:49,NUGT,125.94,125.98,125.94,125.98,450
2025-11-05 10:50,NUGT,125.98,125.98,125.915,125.915,400
2025-11-05 10:51,NUGT,125.97,126.01,125.92,125.92,450
2025-11-05 10:52,NUGT,125.99,126.03,125.885,125.94,1899
2025-11-05 10:53,NUGT,125.93,126.05,125.7501,126.0,1525
2025-11-05 10:54,NUGT,126.05,126.05,126.0,126.0,815
2025-11-05 10:55,NUGT,125.87,125.87,125.84,125.84,200
2025-11-05 10:56,NUGT,125.513,125.513,125.513,125.513,115
2025-11-05 10:57,NUGT,125.46,125.46,125.44,125.44,200
2025-11-05 10:58,NUGT,125.7699,125.7699,125.58,125.58,980
2025-11-05 11:00,NUGT,125.38,125.56,125.34,125.56,600
2025-11-05 11:01,NUGT,125.56,125.56,125.1,125.1,2900
2025-11-05 11:02,NUGT,125.16,125.54,125.12,125.54,6067
2025-11-05 11:03,NUGT,125.41,125.41,125.41,125.41,100
2025-11-05 11:04,NUGT,125.35,125.52,125.35,125.52,724
2025-11-05 11:06,NUGT,125.535,125.535,125.535,125.535,400
2025-11-05 11:07,NUGT,125.435,125.435,125.435,125.435,100
2025-11-05 11:08,NUGT,125.53,125.53,125.53,125.53,100
2025-11-05 11:09,NUGT,125.53,125.8099,125.53,125.706,637
2025-11-05 11:10,NUGT,125.7,125.72,125.67,125.68,1496
2025-11-05 11:11,NUGT,125.92,125.92,125.815,125.83,400
2025-11-05 11:12,NUGT,125.8962,125.9,125.8,125.8,500
2025-11-05 11:15,NUGT,125.65,125.92,125.65,125.92,750
2025-11-05 11:16,NUGT,125.915,125.94,125.79,125.8,1726
2025-11-05 11:18,NUGT,125.2301,125.31,125.22,125.31,5753
2025-11-05 11:19,NUGT,125.22,125.22,124.96,124.96,603
2025-11-05 11:20,NUGT,124.94,125.2,124.94,125.2,1425
2025-11-05 11:22,NUGT,125.253,125.253,125.253,125.253,300
2025-11-05 11:23,NUGT,125.5,125.5,125.5,125.5,594
2025-11-05 11:24,NUGT,125.55,125.55,125.5,125.5,319
2025-11-05 11:26,NUGT,125.4101,125.4101,125.4101,125.4101,2000
2025-11-05 11:27,NUGT,125.41,125.44,125.305,125.44,350
2025-11-05 11:28,NUGT,125.67,125.67,125.67,125.67,1200
2025-11-05 11:29,NUGT,125.49,125.49,125.341,125.341,200
2025-11-05 11:30,NUGT,125.6,125.72,125.59,125.72,1480
2025-11-05 11:31,NUGT,125.67,125.67,125.67,125.67,100
2025-11-05 11:32,NUGT,125.5,125.56,125.5,125.56,200
2025-11-05 11:33,NUGT,125.5,125.67,125.5,125.67,259
2025-11-05 11:34,NUGT,125.84,125.88,125.78,125.87,600
2025-11-05 11:35,NUGT,125.928,125.928,125.59,125.59,680
2025-11-05 11:36,NUGT,125.615,125.695,125.615,125.695,705
2025-11-05 11:37,NUGT,125.73,125.81,125.73,125.81,1336
2025-11-05 11:39,NUGT,126.0,126.011,125.99,125.9902,1221
2025-11-05 11:42,NUGT,125.945,126.0,125.945,126.0,200
2025-11-05 11:44,NUGT,126.07,126.16,126.07,126.11,350
2025-11-05 11:45,NUGT,126.24,126.33,126.06,126.06,2236
2025-11-05 11:46,NUGT,126.17,126.4005,126.17,126.4005,400
2025-11-05 11:47,NUGT,126.5,126.7,126.5,126.639,3479
2025-11-05 11:48,NUGT,126.48,126.54,126.3475,126.3475,610
2025-11-05 11:49,NUGT,126.4499,126.5175,126.4499,126.5175,550
2025-11-05 11:50,NUGT,126.539,126.55,126.39,126.55,5350
2025-11-05 11:51,NUGT,126.525,126.6,126.525,126.6,300
2025-11-05 11:52,NUGT,126.8,126.8,126.8,126.8,200
2025-11-05 11:53,NUGT,126.7,126.7,126.7,126.7,536
2025-11-05 11:54,NUGT,126.625,126.625,126.625,126.625,1400
2025-11-05 11:55,NUGT,126.48,126.51,126.48,126.51,600
2025-11-05 11:56,NUGT,126.51,126.51,126.51,126.51,438
2025-11-05 11:57,NUGT,126.52,126.52,126.3901,126.3901,3100
2025-11-05 11:58,NUGT,126.64,126.7083,126.64,126.6458,850
2025-11-05 11:59,NUGT,126.6201,126.6911,126.61,126.6911,3350
2025-11-05 12:01,NUGT,126.8,127.0,126.8,127.0,2097
2025-11-05 12:02,NUGT,126.98,127.18,126.98,127.18,300
2025-11-05 12:03,NUGT,127.12,127.1212,127.02,127.1212,3164
2025-11-05 12:04,NUGT,127.16,127.2506,127.16,127.21,1300
2025-11-05 12:05,NUGT,127.15,127.15,127.15,127.15,150
2025-11-05 12:06,NUGT,127.23,127.23,127.1339,127.1339,600
2025-11-05 12:08,NUGT,126.84,126.84,126.675,126.675,475
2025-11-05 12:09,NUGT,126.66,126.7544,126.66,126.7544,510
2025-11-05 12:10,NUGT,126.72,126.72,126.72,126.72,100
2025-11-05 12:11,NUGT,126.76,126.82,126.76,126.82,300
2025-11-05 12:12,NUGT,126.691,126.7215,126.691,126.7215,360
2025-11-05 12:16,NUGT,126.79,126.79,126.79,126.79,260
2025-11-05 12:17,NUGT,126.8842,126.955,126.742,126.955,1500
2025-11-05 12:18,NUGT,126.78,126.78,126.78,126.78,200
2025-11-05 12:19,NUGT,126.8188,126.83,126.77,126.82,850
2025-11-05 12:20,NUGT,126.7,126.842,126.7,126.8,870
2025-11-05 12:21,NUGT,126.685,126.685,126.67,126.67,230
2025-11-05 12:23,NUGT,126.75,126.76,126.75,126.76,200
2025-11-05 12:24,NUGT,126.772,126.8658,126.772,126.8658,314
2025-11-05 12:25,NUGT,127.0,127.1,127.0,127.035,1168
2025-11-05 12:26,NUGT,127.05,127.05,127.05,127.05,273
2025-11-05 12:27,NUGT,127.0805,127.0805,127.0805,127.0805,100
2025-11-05 12:28,NUGT,127.1371,127.1371,127.1371,127.1371,250
2025-11-05 12:29,NUGT,127.2115,127.2115,127.2115,127.2115,200
2025-11-05 12:30,NUGT,126.9204,127.0226,126.9204,127.0226,829
2025-11-05 12:31,NUGT,126.805,126.805,126.5,126.7099,775
2025-11-05 12:32,NUGT,126.66,126.67,126.66,126.67,411
2025-11-05 12:33,NUGT,126.82,126.85,126.82,126.85,850
2025-11-05 12:34,NUGT,126.79,126.835,126.79,126.835,200
2025-11-05 12:35,NUGT,126.9,126.9074,126.86,126.86,1504
2025-11-05 12:36,NUGT,127.079,127.079,127.0685,127.0685,219
2025-11-05 12:38,NUGT,127.075,127.075,127.075,127.075,100
2025-11-05 12:39,NUGT,127.06,127.06,127.06,127.06,100
2025-11-05 12:40,NUGT,127.05,127.1,127.03,127.1,746
2025-11-05 12:41,NUGT,127.05,127.2,126.72,127.16,7572
2025-11-05 12:42,NUGT,127.16,127.16,127.045,127.045,200
2025-11-05 12:43,NUGT,127.27,127.5,127.27,127.5,2858
2025-11-05 12:44,NUGT,127.4656,127.4656,127.249,127.249,1600
2025-11-05 12:45,NUGT,127.1,127.1,127.1,127.1,140
2025-11-05 12:46,NUGT,126.86,126.8615,126.85,126.8615,752
2025-11-05 12:47,NUGT,126.9588,127.03,126.945313,127.03,1300
2025-11-05 12:48,NUGT,126.975,126.975,126.965,126.965,250
2025-11-05 12:49,NUGT,126.785,126.85,126.721,126.85,515
2025-11-05 12:50,NUGT,126.88,126.88,126.88,126.88,150
2025-11-05 12:51,NUGT,126.88,126.88,126.88,126.88,125
2025-11-05 12:52,NUGT,126.88,126.88,126.88,126.88,100
2025-11-05 12:53,NUGT,126.78,126.9594,126.78,126.9594,450
2025-11-05 12:55,NUGT,126.82,126.82,126.82,126.82,250
2025-11-05 12:56,NUGT,127.0,127.0,126.89,126.89,412
2025-11-05 12:57,NUGT,126.69,126.73,126.64,126.73,750
2025-11-05 12:58,NUGT,126.81,126.865,126.81,126.865,250
2025-11-05 12:59,NUGT,126.81,126.845,126.81,126.845,400
2025-11-05 13:00,NUGT,126.61,126.61,126.61,126.61,500
2025-11-05 13:01,NUGT,126.61,126.61,126.61,126.61,130
2025-11-05 13:02,NUGT,126.81,126.81,126.81,126.81,499
2025-11-05 13:03,NUGT,126.7,126.7,126.7,126.7,339
2025-11-05 13:04,NUGT,126.62,126.62,126.6185,126.6185,200
2025-11-05 13:06,NUGT,126.47,126.58,126.47,126.54,1144
2025-11-05 13:07,NUGT,126.645,126.645,126.5951,126.63,301
2025-11-05 13:09,NUGT,126.6,126.6,126.6,126.6,120
2025-11-05 13:10,NUGT,126.54,126.54,126.54,126.54,100
2025-11-05 13:11,NUGT,126.42,126.47,126.42,126.47,721
2025-11-05 13:12,NUGT,126.5093,126.5878,126.5093,126.5878,2129
2025-11-05 13:13,NUGT,126.63,126.63,126.63,126.63,100
2025-11-05 13:15,NUGT,126.9,126.9,126.9,126.9,100
2025-11-05 13:16,NUGT,126.875,126.875,126.875,126.875,100
2025-11-05 13:17,NUGT,126.98,127.01,126.98,127.01,663
2025-11-05 13:18,NUGT,127.02,127.02,126.75,126.75,453
2025-11-05 13:23,NUGT,126.69,126.69,126.69,126.69,500
2025-11-05 13:24,NUGT,126.63,126.6666,126.63,126.6666,783
2025-11-05 13:25,NUGT,126.59,126.68,126.571,126.68,990
2025-11-05 13:26,NUGT,126.7,126.7,126.68,126.68,222
2025-11-05 13:27,NUGT,126.59,126.59,126.59,126.59,100
2025-11-05 13:28,NUGT,126.5878,126.5878,126.5878,126.5878,1000
2025-11-05 13:30,NUGT,126.69,126.69,126.57,126.57,250
2025-11-05 13:32,NUGT,126.6,126.6,126.6,126.6,100
2025-11-05 13:34,NUGT,126.47,126.47,126.47,126.47,365
2025-11-05 13:35,NUGT,126.58,126.62,126.58,126.62,200
2025-11-05 13:37,NUGT,126.635,126.635,126.635,126.635,120
2025-11-05 13:38,NUGT,126.56,126.56,126.56,126.56,150
2025-11-05 13:39,NUGT,126.77,126.77,126.77,126.77,100
2025-11-05 13:41,NUGT,126.77,126.797,126.77,126.797,300
2025-11-05 13:42,NUGT,126.594,126.61,126.594,126.61,900
2025-11-05 13:44,NUGT,126.755,126.87,126.755,126.87,903
2025-11-05 13:46,NUGT,126.88,126.905,126.88,126.905,650
2025-11-05 13:48,NUGT,126.79,126.79,126.79,126.79,100
2025-11-05 13:49,NUGT,126.87,126.87,126.87,126.87,200
2025-11-05 13:50,NUGT,126.87,126.96,126.87,126.96,250
2025-11-05 13:51,NUGT,127.0,127.0,126.96,126.96,347
2025-11-05 13:53,NUGT,127.0399,127.2386,127.0399,127.2386,1521
2025-11-05 13:54,NUGT,127.2011,127.2011,127.18,127.18,350
2025-11-05 13:55,NUGT,127.2,127.2,127.1317,127.1317,1500
2025-11-05 13:56,NUGT,127.13,127.13,127.13,127.13,300
2025-11-05 13:57,NUGT,127.1443,127.1443,127.1443,127.1443,1000
2025-11-05 13:58,NUGT,127.1635,127.2245,127.1635,127.21,500
2025-11-05 13:59,NUGT,127.1996,127.22,127.19,127.2,1300
2025-11-05 14:01,NUGT,127.5,127.76,127.5,127.76,1644
2025-11-05 14:02,NUGT,127.84,127.85,127.62,127.62,4791
2025-11-05 14:03,NUGT,127.655,127.655,127.655,127.655,1000
2025-11-05 14:04,NUGT,127.7001,127.7437,127.61,127.61,1250
2025-11-05 14:05,NUGT,127.67,127.67,127.67,127.67,200
2025-11-05 14:06,NUGT,127.33,127.33,127.19,127.1901,414
2025-11-05 14:08,NUGT,126.98,126.99,126.92,126.99,3270
2025-11-05 14:09,NUGT,126.79,126.81,126.725,126.725,2410
2025-11-05 14:11,NUGT,126.68,126.7,126.6725,126.7,569
2025-11-05 14:12,NUGT,126.685,126.76,126.685,126.76,1767
2025-11-05 14:13,NUGT,126.8,126.8,126.8,126.8,220
2025-11-05 14:14,NUGT,126.71,126.71,126.71,126.71,100
2025-11-05 14:15,NUGT,126.93,126.93,126.93,126.93,150
2025-11-05 14:16,NUGT,127.025,127.06,127.025,127.06,1093
2025-11-05 14:20,NUGT,127.16,127.16,127.16,127.16,500
2025-11-05 14:21,NUGT,127.2,127.2,127.2,127.2,240
2025-11-05 14:22,NUGT,127.22,127.22,127.22,127.22,100
2025-11-05 14:23,NUGT,127.2988,127.2988,127.1986,127.1986,2700
2025-11-05 14:24,NUGT,127.19,127.195,127.16,127.18,603
2025-11-05 14:25,NUGT,127.1,127.1,127.1,127.1,100
2025-11-05 14:27,NUGT,127.1,127.1,127.055,127.055,500
2025-11-05 14:28,NUGT,127.015,127.015,127.015,127.015,100
2025-11-05 14:30,NUGT,127.2,127.2,127.2,127.2,250
2025-11-05 14:31,NUGT,127.195,127.195,127.16,127.19,740
2025-11-05 14:33,NUGT,127.06,127.06,127.06,127.06,100
2025-11-05 14:36,NUGT,126.78,126.78,126.78,126.78,110
2025-11-05 14:37,NUGT,126.91,126.91,126.91,126.91,192
2025-11-05 14:38,NUGT,127.25,127.25,127.25,127.25,200
2025-11-05 14:39,NUGT,127.22,127.25,127.22,127.25,473
2025-11-05 14:40,NUGT,127.34,127.34,127.215,127.215,400
2025-11-05 14:42,NUGT,127.5,127.5,127.5,127.5,100
2025-11-05 14:43,NUGT,127.38,127.38,127.38,127.38,200
2025-11-05 14:44,NUGT,127.26,127.2912,127.26,127.28,300
2025-11-05 14:45,NUGT,127.32,127.32,127.32,127.32,100
2025-11-05 14:48,NUGT,127.2,127.2,127.1,127.12,1195
2025-11-05 14:50,NUGT,127.205,127.205,127.205,127.205,100
2025-11-05 14:51,NUGT,127.17,127.19,127.157,127.19,300
2025-11-05 14:52,NUGT,127.23,127.23,127.23,127.23,167
2025-11-05 14:53,NUGT,127.17,127.37,127.17,127.37,400
2025-11-05 14:54,NUGT,127.38,127.38,127.375,127.38,478
2025-11-05 14:56,NUGT,127.39,127.44,127.39,127.44,200
2025-11-05 14:57,NUGT,127.5,127.5,127.5,127.5,151
2025-11-05 14:59,NUGT,127.385,127.385,127.329,127.329,200
2025-11-05 15:00,NUGT,127.305,127.37,127.305,127.37,250
2025-11-05 15:01,NUGT,127.42,127.42,127.42,127.42,100
2025-11-05 15:02,NUGT,127.28,127.28,127.28,127.28,100
2025-11-05 15:04,NUGT,127.22,127.22,127.22,127.22,120
2025-11-05 15:05,NUGT,127.375,127.375,127.375,127.375,100
2025-11-05 15:06,NUGT,127.575,127.575,127.575,127.575,250
2025-11-05 15:07,NUGT,127.56,127.56,127.455,127.455,300
2025-11-05 15:08,NUGT,127.44,127.48,127.44,127.48,350
2025-11-05 15:11,NUGT,127.715,127.77,127.6985,127.6985,1660
2025-11-05 15:12,NUGT,127.7,127.7,127.7,127.7,211
2025-11-05 15:13,NUGT,127.5199,127.54,127.49,127.54,585
2025-11-05 15:14,NUGT,127.48,127.48,127.4504,127.4504,260
2025-11-05 15:15,NUGT,127.6261,127.6261,127.6261,127.6261,200
2025-11-05 15:18,NUGT,127.57,127.8099,127.57,127.6132,630
2025-11-05 15:19,NUGT,127.6093,127.652,127.6,127.652,450
2025-11-05 15:20,NUGT,127.64,127.66,127.64,127.66,400
2025-11-05 15:21,NUGT,127.72,127.72,127.66,127.66,1066
2025-11-05 15:22,NUGT,127.76,127.76,127.6612,127.6612,500
2025-11-05 15:23,NUGT,127.7213,127.76,127.7213,127.76,629
2025-11-05 15:24,NUGT,127.63,127.63,127.63,127.63,100
2025-11-05 15:25,NUGT,127.65,127.65,127.63,127.63,200
2025-11-05 15:26,NUGT,127.63,127.64,127.63,127.64,1190
2025-11-05 15:27,NUGT,127.5426,127.5426,127.5426,127.5426,100
2025-11-05 15:28,NUGT,127.835,127.835,127.835,127.835,173
2025-11-05 15:29,NUGT,127.78,127.85,127.78,127.85,746
2025-11-05 15:31,NUGT,127.78,127.92,127.755,127.92,3312
2025-11-05 15:32,NUGT,127.96,127.97,127.87,127.87,400
2025-11-05 15:33,NUGT,128.0,128.0,127.9999,127.9999,1975
2025-11-05 15:34,NUGT,128.01,128.01,128.01,128.01,200
2025-11-05 15:35,NUGT,127.9,127.9,127.88,127.88,300
2025-11-05 15:36,NUGT,128.03,128.0751,127.99,127.99,3031
2025-11-05 15:37,NUGT,127.9801,128.045,127.9754,127.9754,741
2025-11-05 15:38,NUGT,127.98,128.0,127.9505,128.0,1425
2025-11-05 15:39,NUGT,128.036,128.08,128.036,128.08,700
2025-11-05 15:40,NUGT,128.05,128.12,128.03,128.03,1050
2025-11-05 15:41,NUGT,128.09,128.09,128.02,128.02,570
2025-11-05 15:42,NUGT,127.98,127.98,127.93,127.965,625
2025-11-05 15:43,NUGT,127.88,127.89,127.8012,127.84,550
2025-11-05 15:44,NUGT,127.814,127.83,127.81,127.8115,650
2025-11-05 15:45,NUGT,127.78,127.85,127.78,127.85,1920
2025-11-05 15:46,NUGT,127.84,127.8704,127.78,127.8704,1044
2025-11-05 15:47,NUGT,127.781,127.83,127.675,127.675,1850
2025-11-05 15:48,NUGT,127.66,127.66,127.58,127.605,529
2025-11-05 15:49,NUGT,127.65,127.65,127.46,127.46,1510
2025-11-05 15:50,NUGT,127.45,127.5,127.32,127.48,1665
2025-11-05 15:51,NUGT,127.57,127.57,127.51,127.53,4894
2025-11-05 15:52,NUGT,127.49,127.5526,127.49,127.539424,829
2025-11-05 15:53,NUGT,127.55,127.644,127.54,127.644,1213
2025-11-05 15:54,NUGT,127.57,127.7,127.45,127.54,2379
2025-11-05 15:55,NUGT,127.615,127.8,127.615,127.69,3486
2025-11-05 15:56,NUGT,127.69,127.82,127.69,127.735,900
2025-11-05 15:57,NUGT,127.65,127.78,127.63,127.78,988
2025-11-05 15:58,NUGT,127.69,127.7099,127.35,127.35,1740
2025-11-05 15:59,NUGT,127.39,127.46,127.27,127.45,11477
2025-11-05 16:00,NUGT,127.29,127.55,127.29,127.55,1566
2025-11-05 16:18,NUGT,127.03,127.03,127.03,127.03,105
2025-11-05 16:26,NUGT,127.56,127.56,127.56,127.56,117
2025-11-05 16:34,NUGT,127.19,127.19,127.19,127.19,100
2025-11-05 16:41,NUGT,127.18,127.18,127.18,127.18,350
2025-11-05 16:43,NUGT,127.15,127.15,127.15,127.15,300
2025-11-05 18:00,NUGT,126.81,126.81,126.81,126.81,100
2025-11-05 18:02,NUGT,126.34,126.34,126.34,126.34,500
2025-11-05 18:54,NUGT,126.59,126.59,126.59,126.59,160
2025-11-05 19:19,NUGT,126.59,126.59,126.59,126.59,236
2025-11-05 19:28,NUGT,126.62,126.62,126.62,126.62,100
2025-11-05 19:30,NUGT,126.52,126.52,126.52,126.52,200
2025-11-05 19:32,NUGT,126.99,126.99,126.99,126.99,100
2025-11-05 19:33,NUGT,126.9,126.9,126.9,126.9,100
2025-11-05 19:58,NUGT,126.61,126.68,126.61,126.61,500
2025-11-06 07:00,NUGT,131.0,131.0,131.0,131.0,332
2025-11-06 07:01,NUGT,130.99,131.2,130.99,131.2,402
2025-11-06 07:13,NUGT,130.98,131.0,130.98,131.0,248
2025-11-06 07:16,NUGT,131.08,131.1,131.08,131.09,1470
2025-11-06 07:17,NUGT,131.09,131.09,131.09,131.09,300
2025-11-06 07:21,NUGT,131.0,131.0,131.0,131.0,700
2025-11-06 07:25,NUGT,131.149,131.22,131.149,131.2,5911
2025-11-06 07:35,NUGT,131.0,131.0,131.0,131.0,200
2025-11-06 07:38,NUGT,131.0,131.0,131.0,131.0,100
2025-11-06 07:53,NUGT,130.8,130.8,130.79,130.79,2618
2025-11-06 08:00,NUGT,130.99,131.2499,130.6,130.98,9397
2025-11-06 08:01,NUGT,130.7,130.7,127.5,129.34,1517
2025-11-06 08:02,NUGT,130.6,130.6,130.6,130.6,2210
2025-11-06 08:03,NUGT,130.4,130.4,130.4,130.4,100
2025-11-06 08:04,NUGT,130.4,130.4,130.4,130.4,100
2025-11-06 08:06,NUGT,130.8,131.0,130.8,131.0,408
2025-11-06 08:08,NUGT,131.25,131.25,131.13,131.13,479
2025-11-06 08:16,NUGT,131.04,131.04,131.04,131.04,100
2025-11-06 08:20,NUGT,131.4,131.4,131.4,131.4,1000
2025-11-06 08:21,NUGT,131.25,131.25,131.25,131.25,110
2025-11-06 08:22,NUGT,131.17,131.4,131.01,131.01,600
2025-11-06 08:31,NUGT,131.3,131.3,131.3,131.3,100
2025-11-06 08:34,NUGT,131.3,131.5,131.3,131.5,1300
2025-11-06 08:35,NUGT,131.35,131.35,131.35,131.35,300
2025-11-06 08:36,NUGT,131.4,131.5,131.4,131.5,1300
2025-11-06 08:50,NUGT,131.8612,131.8612,131.8612,131.8612,100
2025-11-06 08:57,NUGT,131.69,131.71,131.69,131.71,3020
2025-11-06 08:58,NUGT,131.5,131.5,131.5,131.5,200
2025-11-06 09:02,NUGT,131.0,131.02,130.85,130.9,1400
2025-11-06 09:09,NUGT,131.04,131.04,130.9,130.9,273
2025-11-06 09:10,NUGT,131.04,131.04,131.04,131.04,100
2025-11-06 09:12,NUGT,130.8199,130.8199,130.8199,130.8199,328
2025-11-06 09:19,NUGT,130.4,130.4,130.4,130.4,200
2025-11-06 09:20,NUGT,130.41,130.41,130.0,130.0,1862
2025-11-06 09:22,NUGT,129.62,129.62,129.62,129.62,200
2025-11-06 09:24,NUGT,129.7,129.7,129.7,129.7,400
2025-11-06 09:28,NUGT,129.66,129.66,129.65,129.65,400
2025-11-06 09:29,NUGT,129.59,129.62,129.59,129.62,2100
2025-11-06 09:30,NUGT,129.64,131.48,129.31,131.48,20821
2025-11-06 09:31,NUGT,131.4,132.0,130.825,131.82,14038
2025-11-06 09:32,NUGT,131.91,132.18,131.245,131.4843,11832
2025-11-06 09:33,NUGT,131.42,132.27,131.32,132.27,12638
2025-11-06 09:34,NUGT,131.7131,132.84,131.5401,132.3801,14022
2025-11-06 09:35,NUGT,132.23,132.6582,132.22,132.6582,8629
2025-11-06 09:36,NUGT,132.92,133.0879,132.62,132.875,12337
2025-11-06 09:37,NUGT,132.86,133.42,132.815,133.0,7558
2025-11-06 09:38,NUGT,133.115,133.65,133.0,133.5901,6861
2025-11-06 09:39,NUGT,133.62,133.8,132.6568,132.695,26538
2025-11-06 09:40,NUGT,132.87,133.14,132.67,132.91,10583
2025-11-06 09:41,NUGT,132.88,132.88,132.4,132.655,8078
2025-11-06 09:42,NUGT,132.56,133.0768,132.56,133.0768,5222
2025-11-06 09:43,NUGT,132.86,132.9255,132.28,132.28,4198
2025-11-06 09:44,NUGT,132.6201,133.18,132.61,133.17,4375
2025-11-06 09:45,NUGT,133.25,133.85,133.23,133.75,7833
2025-11-06 09:46,NUGT,133.755,134.3351,133.5475,134.2951,4745
2025-11-06 09:47,NUGT,134.3201,134.65,134.06,134.47,7635
2025-11-06 09:48,NUGT,134.291,134.7903,134.291,134.6,3868
2025-11-06 09:49,NUGT,134.705,134.8,134.5101,134.525,4431
2025-11-06 09:50,NUGT,134.46,134.46,134.16,134.34,4324
2025-11-06 09:51,NUGT,134.4103,134.5,133.725,134.005,22700
2025-11-06 09:52,NUGT,133.9,134.09,133.8808,134.09,2954
2025-11-06 09:53,NUGT,134.2608,134.73,134.17,134.65,3034
2025-11-06 09:54,NUGT,134.67,134.67,133.97,133.97,2299
2025-11-06 09:55,NUGT,134.0426,134.1,133.5,133.91,2987
2025-11-06 09:56,NUGT,133.99,134.0,133.66,133.76,2947
2025-11-06 09:57,NUGT,133.71,133.9711,133.66,133.79,4352
2025-11-06 09:58,NUGT,133.7,133.91,133.62,133.76,1200
2025-11-06 09:59,NUGT,133.5701,133.8645,133.55,133.7,2635
2025-11-06 10:00,NUGT,133.69,133.69,132.83,132.94,4511
2025-11-06 10:01,NUGT,132.96,133.1,132.63,132.63,5437
2025-11-06 10:02,NUGT,132.43,132.43,132.0918,132.15,9641
2025-11-06 10:03,NUGT,132.08,132.12,131.72,131.93,6544
2025-11-06 10:04,NUGT,131.91,131.91,131.1,131.155,8344
2025-11-06 10:05,NUGT,131.076163,131.66,131.076163,131.43,7484
2025-11-06 10:06,NUGT,131.68,132.14,131.68,132.14,1782
2025-11-06 10:07,NUGT,132.095,132.49,131.95,132.135,2322
2025-11-06 10:08,NUGT,132.135,132.36,131.84,132.13,3875
2025-11-06 10:09,NUGT,132.1,132.1339,131.92,131.95,2597
2025-11-06 10:10,NUGT,131.82,132.34,131.82,132.33,17265
2025-11-06 10:11,NUGT,132.32,132.8,132.32,132.72,10700
2025-11-06 10:12,NUGT,132.69,132.69,132.23,132.26,3011
2025-11-06 10:13,NUGT,132.4,132.41,132.06,132.41,3660
2025-11-06 10:14,NUGT,132.6278,132.63,132.255,132.269,5111
2025-11-06 10:15,NUGT,132.1535,132.1535,131.71,131.73,8125
2025-11-06 10:16,NUGT,131.775,131.9,131.3501,131.9,19872
2025-11-06 10:17,NUGT,131.93,132.57,131.93,132.42,32513
2025-11-06 10:18,NUGT,132.32,132.84,132.1819,132.76,140615
2025-11-06 10:19,NUGT,132.72,132.76,132.03,132.175,12550
2025-11-06 10:20,NUGT,132.09,132.56,132.05,132.56,25489
2025-11-06 10:21,NUGT,132.56,132.63,132.56,132.63,800
2025-11-06 10:22,NUGT,132.67,132.73,132.43,132.43,1955
2025-11-06 10:23,NUGT,132.57,132.76,132.56,132.73,4864
2025-11-06 10:24,NUGT,132.74,132.76,132.38,132.42,5610
2025-11-06 10:25,NUGT,132.475,132.5,132.175,132.5,1700
2025-11-06 10:26,NUGT,132.76,132.76,132.38,132.38,5592
2025-11-06 10:27,NUGT,132.35,132.3699,131.5639,131.5639,58252
2025-11-06 10:28,NUGT,131.5836,131.96,131.5836,131.96,6302
2025-11-06 10:29,NUGT,132.085,132.085,132.0116,132.0116,200
2025-11-06 10:30,NUGT,131.88,131.895,131.45,131.45,4424
2025-11-06 10:31,NUGT,131.445,131.62,131.445,131.62,725
2025-11-06 10:32,NUGT,131.7785,131.82,131.7785,131.82,523
2025-11-06 10:33,NUGT,131.89,131.89,131.43,131.43,900
2025-11-06 10:34,NUGT,131.3,131.45,131.26,131.38,1800
2025-11-06 10:35,NUGT,131.6,131.6,131.6,131.6,100
2025-11-06 10:36,NUGT,131.56,131.76,131.55,131.76,844
2025-11-06 10:37,NUGT,131.52,131.52,130.34,130.34,4183
2025-11-06 10:38,NUGT,130.341,130.59,130.25,130.54,5721
2025-11-06 10:39,NUGT,130.47,130.625,130.25,130.59,2877
2025-11-06 10:40,NUGT,130.59,130.85,130.4,130.79,13034
2025-11-06 10:41,NUGT,130.7018,130.84,130.585,130.585,2029
2025-11-06 10:42,NUGT,130.3683,130.4987,130.2837,130.4987,2049
2025-11-06 10:43,NUGT,130.52,130.66,130.07,130.07,2747
2025-11-06 10:44,NUGT,130.02,130.0335,129.8214,129.87,5296
2025-11-06 10:45,NUGT,129.698,129.98,129.698,129.84,912
2025-11-06 10:46,NUGT,130.19,130.47,130.165,130.47,300
2025-11-06 10:47,NUGT,130.4,130.4848,130.0,130.22,1739
2025-11-06 10:48,NUGT,129.89,130.43,129.89,130.36,3112
2025-11-06 10:49,NUGT,130.23,130.26,129.96,130.26,1100
2025-11-06 10:50,NUGT,130.5199,130.5199,130.0,130.0,731
2025-11-06 10:51,NUGT,130.0716,130.4125,130.0716,130.36,3995
2025-11-06 10:52,NUGT,130.0,130.0,130.0,130.0,600
2025-11-06 10:53,NUGT,130.1654,130.2,130.1006,130.16,1783
2025-11-06 10:54,NUGT,130.11,130.39,130.11,130.39,1350
2025-11-06 10:55,NUGT,130.5,130.785,130.5,130.7068,2328
2025-11-06 10:56,NUGT,130.55,130.55,130.2,130.2755,1384
2025-11-06 10:57,NUGT,130.335,130.335,130.0,130.1,1591
2025-11-06 10:58,NUGT,130.27,130.28,130.134,130.134,1130
2025-11-06 10:59,NUGT,130.08,130.13,130.08,130.13,656
2025-11-06 11:00,NUGT,129.9642,130.02,129.9642,130.02,250
2025-11-06 11:01,NUGT,130.44,130.6611,130.44,130.6611,2550
2025-11-06 11:02,NUGT,130.79,131.0,130.64,130.79,1420
2025-11-06 11:03,NUGT,130.77,130.77,130.6,130.6,400
2025-11-06 11:04,NUGT,130.65,130.9,130.65,130.9,2100
2025-11-06 11:05,NUGT,131.0,131.12,130.7275,130.7275,1180
2025-11-06 11:06,NUGT,130.91,130.91,130.91,130.91,200
2025-11-06 11:07,NUGT,130.96,130.96,130.85,130.85,320
2025-11-06 11:08,NUGT,130.82,130.87,130.71,130.87,800
2025-11-06 11:09,NUGT,130.72,130.72,130.72,130.72,200
2025-11-06 11:10,NUGT,130.835,130.89,130.8,130.8,700
2025-11-06 11:11,NUGT,130.88,130.89,130.88,130.89,300
2025-11-06 11:12,NUGT,130.75,130.81,130.465,130.465,1400
2025-11-06 11:13,NUGT,130.47,130.77,130.47,130.77,1347
2025-11-06 11:14,NUGT,130.95,130.95,130.95,130.95,1888
2025-11-06 11:15,NUGT,131.11,131.23,131.11,131.23,657
2025-11-06 11:16,NUGT,131.2397,131.3799,130.945,130.945,4000
2025-11-06 11:17,NUGT,130.9199,130.9199,130.9199,130.9199,150
2025-11-06 11:18,NUGT,130.66,130.7384,130.35,130.41,2825
2025-11-06 11:19,NUGT,130.26,130.28,130.2,130.26,5082
2025-11-06 11:20,NUGT,130.03,130.03,129.82,130.0,23305
2025-11-06 11:21,NUGT,130.16,130.17,130.16,130.17,400
2025-11-06 11:22,NUGT,130.02,130.02,130.02,130.02,100
2025-11-06 11:23,NUGT,130.157,130.26,130.157,130.26,200
2025-11-06 11:24,NUGT,130.45,130.513,130.45,130.513,350
2025-11-06 11:26,NUGT,130.72,130.72,130.716,130.716,300
2025-11-06 11:27,NUGT,130.61,130.619,130.61,130.619,200
2025-11-06 11:28,NUGT,130.68,130.77,130.605,130.77,700
2025-11-06 11:29,NUGT,130.735,131.0,130.735,131.0,800
2025-11-06 11:30,NUGT,130.875,130.93,130.8,130.8,400
2025-11-06 11:31,NUGT,130.8,130.919,130.8,130.81,600
2025-11-06 11:32,NUGT,131.03,131.03,131.03,131.03,100
2025-11-06 11:33,NUGT,131.37,131.49,131.37,131.43,1600
2025-11-06 11:34,NUGT,131.4125,131.4125,131.0103,131.0103,1330
2025-11-06 11:35,NUGT,130.75,130.76,130.69,130.76,570
2025-11-06 11:37,NUGT,131.13,131.13,131.13,131.13,300
2025-11-06 11:38,NUGT,130.9642,131.29,130.9642,131.29,1801
2025-11-06 11:39,NUGT,131.25,131.281,131.12,131.12,1285
2025-11-06 11:40,NUGT,131.026,131.026,130.9,130.9,430
2025-11-06 11:41,NUGT,130.67,130.67,130.66,130.66,400
2025-11-06 11:42,NUGT,130.61,130.63,130.42,130.63,700
2025-11-06 11:43,NUGT,130.84,130.84,130.7,130.7,475
2025-11-06 11:44,NUGT,130.915,130.915,130.915,130.915,100
2025-11-06 11:45,NUGT,131.135,131.135,131.135,131.135,100
2025-11-06 11:46,NUGT,131.23,131.2604,131.17,131.17,1025
2025-11-06 11:47,NUGT,130.95,130.95,130.765,130.765,200
2025-11-06 11:48,NUGT,130.85,130.8982,130.85,130.8982,201
2025-11-06 11:49,NUGT,130.775,130.92,130.775,130.92,1125
2025-11-06 11:50,NUGT,131.324,131.324,131.324,131.324,500
2025-11-06 11:51,NUGT,131.16,131.3299,131.16,131.2761,3975
2025-11-06 11:52,NUGT,131.27,131.5,131.27,131.5,1265
2025-11-06 11:53,NUGT,131.64,131.67,131.6312,131.6312,1516
2025-11-06 11:55,NUGT,131.32,131.32,130.745,130.745,1560
2025-11-06 11:56,NUGT,130.99,130.99,130.91,130.91,380
2025-11-06 11:57,NUGT,130.6043,130.735,130.6043,130.735,1200
2025-11-06 11:58,NUGT,130.6808,130.84,130.6808,130.79,900
2025-11-06 11:59,NUGT,130.86,130.86,130.85,130.85,1000
2025-11-06 12:00,NUGT,131.11,131.11,131.11,131.11,125
2025-11-06 12:02,NUGT,131.0801,131.27,131.0801,131.27,955
2025-11-06 12:03,NUGT,131.19,131.19,130.97,130.97,1561
2025-11-06 12:04,NUGT,131.18,131.18,131.1,131.12,895
2025-11-06 12:06,NUGT,131.02,131.02,131.01,131.02,400
2025-11-06 12:08,NUGT,130.78,130.78,130.755,130.775,581
2025-11-06 12:09,NUGT,131.0,131.0,131.0,131.0,270
2025-11-06 12:10,NUGT,131.16,131.16,131.15,131.15,200
2025-11-06 12:11,NUGT,131.445,131.604,131.39,131.604,600
2025-11-06 12:12,NUGT,131.515,131.515,131.38,131.39,893
2025-11-06 12:13,NUGT,131.1,131.1,130.94,130.975,1559
2025-11-06 12:14,NUGT,130.805,130.805,130.805,130.805,100
2025-11-06 12:15,NUGT,130.48,130.5,130.48,130.48,400
2025-11-06 12:16,NUGT,130.63,130.63,130.37,130.37,605
2025-11-06 12:17,NUGT,130.295,130.295,130.27,130.2939,1500
2025-11-06 12:18,NUGT,130.4,130.4,130.34,130.34,2742
2025-11-06 12:19,NUGT,130.4375,130.4375,130.4375,130.4375,100
2025-11-06 12:20,NUGT,130.45,130.45,130.4359,130.4359,1500
2025-11-06 12:21,NUGT,130.09,130.09,129.77,129.81,4000
2025-11-06 12:22,NUGT,129.6,129.76,129.45,129.69,2868
2025-11-06 12:23,NUGT,129.7,129.7,129.29,129.38,3140
2025-11-06 12:24,NUGT,129.24,129.36,129.18,129.36,7430
2025-11-06 12:25,NUGT,129.39,129.51,129.305,129.41,1510
2025-11-06 12:26,NUGT,129.37,129.37,128.86,128.87,6497
2025-11-06 12:27,NUGT,128.87,129.2418,128.87,129.18,1895
2025-11-06 12:28,NUGT,129.28,129.34,129.23,129.34,800
2025-11-06 12:29,NUGT,128.9525,128.9785,128.9525,128.9785,200
2025-11-06 12:30,NUGT,128.89,128.89,128.47,128.47,2420
2025-11-06 12:31,NUGT,128.25,128.25,127.76,128.025,7939
2025-11-06 12:32,NUGT,128.09,128.335,128.07,128.32,2390
2025-11-06 12:33,NUGT,128.34,128.7,128.34,128.6404,1100
2025-11-06 12:35,NUGT,128.64,128.93,128.54,128.845,1801
2025-11-06 12:36,NUGT,129.04,129.08,129.04,129.07,800
2025-11-06 12:37,NUGT,129.152,129.16,129.03,129.09,1920
2025-11-06 12:38,NUGT,128.79,129.31,128.79,129.31,800
2025-11-06 12:39,NUGT,129.26,129.285,129.08,129.13,1500
2025-11-06 12:40,NUGT,129.23,129.455,129.22,129.22,400
2025-11-06 12:41,NUGT,129.32,129.39,129.32,129.39,210
2025-11-06 12:42,NUGT,129.42,129.765,129.42,129.765,700
2025-11-06 12:43,NUGT,129.795,129.99,129.795,129.85,26517
2025-11-06 12:44,NUGT,129.89,129.89,129.89,129.89,100
2025-11-06 12:45,NUGT,130.2296,130.2296,130.2296,130.2296,200
2025-11-06 12:46,NUGT,130.12,130.22,130.12,130.1382,752
2025-11-06 12:47,NUGT,130.0168,130.0168,129.915,129.915,850
2025-11-06 12:48,NUGT,129.97,130.15,129.97,130.15,247
2025-11-06 12:49,NUGT,130.018,130.018,130.018,130.018,100
2025-11-06 12:50,NUGT,130.1725,130.3499,130.1725,130.23,2150
2025-11-06 12:51,NUGT,130.2374,130.308,130.2374,130.27,400
2025-11-06 12:52,NUGT,130.25,130.53,130.25,130.48,10409
2025-11-06 12:53,NUGT,130.03,130.03,130.03,130.03,477
2025-11-06 12:55,NUGT,130.225,130.32,130.225,130.32,440
2025-11-06 12:56,NUGT,130.1825,130.1825,130.17,130.17,441
2025-11-06 12:57,NUGT,130.125,130.125,130.09,130.1,1100
2025-11-06 12:58,NUGT,130.13,130.2,129.95,130.2,1000
2025-11-06 13:00,NUGT,129.66,129.66,129.66,129.66,100
2025-11-06 13:01,NUGT,129.617,129.63,129.51,129.51,1050
2025-11-06 13:02,NUGT,129.5,129.5,129.5,129.5,300
2025-11-06 13:03,NUGT,129.29,129.34,129.2,129.2526,2100
2025-11-06 13:04,NUGT,129.0,129.0,128.9015,128.9015,600
2025-11-06 13:05,NUGT,129.05,129.06,128.91,129.0284,1600
2025-11-06 13:06,NUGT,128.815,128.815,128.815,128.815,600
2025-11-06 13:07,NUGT,128.88,129.1599,128.88,129.1599,1269
2025-11-06 13:08,NUGT,129.32,129.32,129.32,129.32,100
2025-11-06 13:09,NUGT,129.3,129.3,129.3,129.3,100
2025-11-06 13:10,NUGT,129.27,129.27,129.27,129.27,100
2025-11-06 13:11,NUGT,129.48,129.48,129.48,129.48,100
2025-11-06 13:12,NUGT,129.35,129.41,129.335,129.41,680
2025-11-06 13:13,NUGT,129.48,129.6055,129.46,129.6055,1379
2025-11-06 13:14,NUGT,129.64,129.64,129.48,129.58,1030
2025-11-06 13:15,NUGT,129.62,129.73,129.57,129.66,2668
2025-11-06 13:16,NUGT,129.645,129.6968,129.39,129.62,2556
2025-11-06 13:17,NUGT,129.5,129.64,129.47,129.63,2332
2025-11-06 13:18,NUGT,129.65,129.76,129.63,129.72,2551
2025-11-06 13:19,NUGT,129.64,129.76,129.58,129.726,2802
2025-11-06 13:20,NUGT,129.71,129.9503,129.66,129.9503,2754
2025-11-06 13:21,NUGT,129.865,129.87,129.68,129.74,3656
2025-11-06 13:22,NUGT,129.83,129.92,129.68,129.92,3458
2025-11-06 13:23,NUGT,129.76,129.83,129.74,129.83,2980
2025-11-06 13:24,NUGT,129.91,129.92,129.84,129.92,2289
2025-11-06 13:25,NUGT,130.0,130.0,129.95,129.95,300
2025-11-06 13:26,NUGT,129.89,129.89,129.82,129.82,600
2025-11-06 13:27,NUGT,129.82,129.82,129.79,129.79,550
2025-11-06 13:28,NUGT,129.5625,129.5625,129.45,129.505,1300
2025-11-06 13:29,NUGT,129.42,129.42,129.21,129.3,1575
2025-11-06 13:30,NUGT,129.3,129.51,129.3,129.44,2527
2025-11-06 13:31,NUGT,129.51,130.045,129.47,130.04,1307
2025-11-06 13:32,NUGT,129.96,130.04,129.96,130.04,216
2025-11-06 13:33,NUGT,129.955,130.22,129.955,130.2,2600
2025-11-06 13:34,NUGT,129.99,129.99,129.99,129.99,100
2025-11-06 13:35,NUGT,130.05,130.05,130.0484,130.0484,341
2025-11-06 13:36,NUGT,129.9901,130.29,129.9901,130.29,300
2025-11-06 13:37,NUGT,130.32,130.41,129.72,130.09,2073
2025-11-06 13:38,NUGT,130.19,130.25,130.19,130.25,550
2025-11-06 13:39,NUGT,130.23,130.3114,130.23,130.3114,725
2025-11-06 13:40,NUGT,130.47,130.5593,130.4237,130.49,774
2025-11-06 13:41,NUGT,130.3429,130.3429,130.315,130.315,355
2025-11-06 13:42,NUGT,130.48,130.495,130.48,130.495,400
2025-11-06 13:43,NUGT,130.53,130.53,130.53,130.53,100
2025-11-06 13:44,NUGT,130.45,130.55,130.45,130.55,270
2025-11-06 13:45,NUGT,130.35,130.35,130.25,130.25,315
2025-11-06 13:46,NUGT,130.3,130.3,130.3,130.3,100
2025-11-06 13:47,NUGT,130.15,130.23,130.15,130.21,1219
2025-11-06 13:48,NUGT,130.33,130.39,130.33,130.39,400
2025-11-06 13:49,NUGT,130.22,130.3125,130.16,130.3125,2395
2025-11-06 13:50,NUGT,130.24,130.32,130.24,130.25,1300
2025-11-06 13:52,NUGT,130.1846,130.1846,130.1846,130.1846,250
2025-11-06 13:53,NUGT,130.135,130.135,130.08,130.08,1000
2025-11-06 13:54,NUGT,130.105,130.16,130.105,130.16,360
2025-11-06 13:55,NUGT,130.36,130.38,130.35,130.35,868
2025-11-06 13:56,NUGT,130.17,130.17,130.17,130.17,100
2025-11-06 13:57,NUGT,130.2,130.21,130.2,130.2,600
2025-11-06 13:58,NUGT,130.1782,130.1782,129.9,129.91,2050
2025-11-06 13:59,NUGT,129.99,130.04,129.97,130.04,430
2025-11-06 14:00,NUGT,129.68,129.76,129.645,129.76,600
2025-11-06 14:01,NUGT,129.9,129.9,129.855,129.855,700
2025-11-06 14:02,NUGT,129.8687,129.8687,129.8687,129.8687,770
2025-11-06 14:03,NUGT,129.835,129.91,129.835,129.9,620
2025-11-06 14:04,NUGT,129.94,130.11,129.94,130.11,625
2025-11-06 14:05,NUGT,130.11,130.21,130.11,130.21,225
2025-11-06 14:06,NUGT,130.15,130.15,130.15,130.15,100
2025-11-06 14:08,NUGT,130.33,130.3999,130.33,130.3999,200
2025-11-06 14:09,NUGT,130.49,130.58,130.45,130.45,2833
2025-11-06 14:10,NUGT,130.65,130.65,130.65,130.65,100
2025-11-06 14:11,NUGT,130.72,130.9624,130.72,130.9624,1877
2025-11-06 14:12,NUGT,130.89,131.05,130.89,131.05,680
2025-11-06 14:15,NUGT,131.11,131.11,130.88,130.88,635
2025-11-06 14:16,NUGT,130.9781,130.9781,130.83,130.88,375
2025-11-06 14:17,NUGT,130.93,131.0,130.93,131.0,600
2025-11-06 14:18,NUGT,131.09,131.095,131.05,131.05,400
2025-11-06 14:19,NUGT,131.0,131.0,130.905,130.905,2379
2025-11-06 14:20,NUGT,130.84,130.9122,130.84,130.9122,268
2025-11-06 14:22,NUGT,130.905,130.925,130.905,130.925,700
2025-11-06 14:23,NUGT,130.81,130.81,130.81,130.81,100
2025-11-06 14:24,NUGT,130.86,130.86,130.86,130.86,100
2025-11-06 14:25,NUGT,130.93,130.97,130.93,130.97,200
2025-11-06 14:27,NUGT,130.89,130.98,130.7512,130.7512,945
2025-11-06 14:29,NUGT,130.7575,130.7576,130.7,130.7001,790
2025-11-06 14:30,NUGT,130.7,130.7,130.7,130.7,300
2025-11-06 14:31,NUGT,130.79,130.98,130.68,130.68,20532
2025-11-06 14:32,NUGT,130.89,131.05,130.89,131.05,725
2025-11-06 14:33,NUGT,131.2,131.2,131.11,131.13,750
2025-11-06 14:35,NUGT,131.0199,131.0199,131.0199,131.0199,500
2025-11-06 14:36,NUGT,131.0899,131.0899,131.0899,131.0899,100
2025-11-06 14:37,NUGT,131.0593,131.17,131.0593,131.17,710
2025-11-06 14:38,NUGT,131.145,131.2,131.145,131.18,1695
2025-11-06 14:39,NUGT,131.0561,131.0561,131.005,131.005,200
2025-11-06 14:41,NUGT,130.735,130.735,130.64,130.66,1000
2025-11-06 14:42,NUGT,130.63,130.63,130.63,130.63,100
2025-11-06 14:43,NUGT,130.57,130.74,130.5,130.74,8479
2025-11-06 14:44,NUGT,130.81,130.88,130.81,130.88,533
2025-11-06 14:45,NUGT,130.9468,130.9468,130.9468,130.9468,100
2025-11-06 14:46,NUGT,130.69,130.69,130.55,130.55,700
2025-11-06 14:47,NUGT,130.28,130.53,130.2,130.53,1539
2025-11-06 14:48,NUGT,130.4463,130.47,130.4463,130.47,600
2025-11-06 14:49,NUGT,130.44,130.44,130.44,130.44,100
2025-11-06 14:50,NUGT,130.23,130.41,130.17,130.41,465
2025-11-06 14:51,NUGT,130.4,130.58,130.385,130.385,400
2025-11-06 14:52,NUGT,130.29,130.29,130.0,130.04,392
2025-11-06 14:53,NUGT,130.08,130.41,130.07,130.41,3830
2025-11-06 14:55,NUGT,130.325,130.325,130.325,130.325,400
2025-11-06 14:56,NUGT,130.355,130.355,130.25,130.25,2082
2025-11-06 14:57,NUGT,130.375,130.375,130.375,130.375,100
2025-11-06 14:59,NUGT,130.305,130.305,130.305,130.305,100
2025-11-06 15:00,NUGT,130.18,130.23,130.1,130.23,1500
2025-11-06 15:02,NUGT,130.0,130.0,129.77,129.905,1862
2025-11-06 15:03,NUGT,129.97,129.97,129.97,129.97,100
2025-11-06 15:06,NUGT,130.015,130.05,130.015,130.05,225
2025-11-06 15:08,NUGT,129.88,129.97,129.85,129.86,650
2025-11-06 15:09,NUGT,129.82,129.82,129.82,129.82,100
2025-11-06 15:10,NUGT,129.97,129.97,129.97,129.97,202
2025-11-06 15:12,NUGT,129.49,129.49,129.42,129.42,363
2025-11-06 15:13,NUGT,129.57,129.61,129.57,129.61,1009
2025-11-06 15:14,NUGT,129.53,129.53,129.53,129.53,100
2025-11-06 15:15,NUGT,129.5,129.5,129.24,129.24,10001
2025-11-06 15:16,NUGT,129.08,129.11,128.85,128.97,27275
2025-11-06 15:17,NUGT,128.88,129.04,128.88,129.04,1985
2025-11-06 15:18,NUGT,129.06,129.3399,129.06,129.27,1000
2025-11-06 15:19,NUGT,129.33,129.33,129.18,129.25,1417
2025-11-06 15:20,NUGT,129.28,129.28,129.17,129.17,947
2025-11-06 15:21,NUGT,129.14,129.25,129.14,129.25,630
2025-11-06 15:22,NUGT,129.16,129.23,129.14,129.23,700
2025-11-06 15:23,NUGT,129.21,129.2999,129.13,129.17,600
2025-11-06 15:24,NUGT,129.13,129.15,129.13,129.14,400
2025-11-06 15:25,NUGT,129.18,129.2,129.17,129.18,800
2025-11-06 15:26,NUGT,129.19,129.29,129.19,129.2,762
2025-11-06 15:27,NUGT,129.05,129.15,129.05,129.09,800
2025-11-06 15:28,NUGT,128.99,128.99,128.88,128.99,1931
2025-11-06 15:29,NUGT,129.02,129.02,128.85,128.85,700
2025-11-06 15:30,NUGT,128.86,128.89,128.61,128.62,19693
2025-11-06 15:31,NUGT,128.64,128.91,128.5359,128.91,2621
2025-11-06 15:32,NUGT,128.88,128.88,128.77,128.84,2540
2025-11-06 15:33,NUGT,128.875,128.875,128.73,128.77,2198
2025-11-06 15:34,NUGT,128.77,128.9,128.77,128.78,1856
2025-11-06 15:35,NUGT,128.81,128.91,128.8,128.91,2612
2025-11-06 15:36,NUGT,128.9,128.94,128.84,128.93,6637
2025-11-06 15:37,NUGT,128.94,129.0235,128.88,128.88,8331
2025-11-06 15:38,NUGT,128.8409,128.8409,128.72,128.72,2592
2025-11-06 15:39,NUGT,128.7,128.72,128.5811,128.59,2564
2025-11-06 15:40,NUGT,128.69,128.795,128.69,128.795,710
2025-11-06 15:41,NUGT,128.88,128.88,128.52,128.52,2347
2025-11-06 15:42,NUGT,128.56,128.57,128.51,128.51,3391
2025-11-06 15:43,NUGT,128.51,128.51,128.32,128.36,3540
2025-11-06 15:44,NUGT,128.32,128.51,128.32,128.4301,2927
2025-11-06 15:45,NUGT,128.26,128.26,128.15,128.18,2377
2025-11-06 15:46,NUGT,128.16,128.16,127.93,128.1105,4393
2025-11-06 15:47,NUGT,128.12,128.15,128.07,128.07,2623
2025-11-06 15:48,NUGT,128.155,128.32,128.15,128.2,5575
2025-11-06 15:49,NUGT,128.155,128.29,128.13,128.16,2103
2025-11-06 15:50,NUGT,128.11,128.365,128.07,128.365,4621
2025-11-06 15:51,NUGT,128.37,128.48,128.35,128.48,1104
2025-11-06 15:52,NUGT,128.55,128.7497,128.55,128.65,1490
2025-11-06 15:53,NUGT,128.7,128.76,128.605,128.605,2089
2025-11-06 15:54,NUGT,128.58,128.665,128.43,128.665,5406
2025-11-06 15:55,NUGT,128.59,128.59,128.19,128.19,4292
2025-11-06 15:56,NUGT,128.24,128.335,128.24,128.335,1250
2025-11-05 15:45,NVDL,103.04,103.36,103.04,103.09,11601
2025-11-05 15:46,NVDL,103.07,103.34,102.86,103.18,40834
2025-11-05 15:47,NVDL,103.02,103.05,102.82,102.86,27346
2025-11-05 15:48,NVDL,102.88,102.975,102.769,102.8771,18116
2025-11-05 15:49,NVDL,102.83,102.935,102.79,102.8047,16470
2025-11-05 15:50,NVDL,102.81,102.81,101.8,101.8,85218
2025-11-05 15:51,NVDL,101.87,102.28,101.85,102.025,34572
2025-11-05 15:52,NVDL,101.92,101.92,101.22,101.235,56509
2025-11-05 15:53,NVDL,101.27,101.42,101.04,101.3685,72047
2025-11-05 15:54,NVDL,101.365,101.52,100.86,100.937,69268
2025-11-05 15:55,NVDL,100.91,100.97,100.38,100.495087,85725
2025-11-05 15:56,NVDL,100.47,100.63,100.17,100.5301,74174
2025-11-05 15:57,NVDL,100.58,100.7,100.18,100.67,63680
2025-11-05 15:58,NVDL,100.67,100.67,100.06,100.08,74260
2025-11-05 15:59,NVDL,100.05,100.085,99.74,99.955,214388
2025-11-05 16:00,NVDL,99.95,100.1999,99.95,100.187,17221
2025-11-05 16:01,NVDL,100.01,100.06,99.13,99.6,7060
2025-11-05 16:02,NVDL,99.9,99.9,99.2,99.2,5710
2025-11-05 16:03,NVDL,99.31,99.9,99.2353,99.77,3788
2025-11-05 16:04,NVDL,99.65,99.98,99.631,99.97,3012
2025-11-05 16:05,NVDL,99.97,100.1,99.86,99.87,4967
2025-11-05 16:06,NVDL,99.75,99.93,99.75,99.75,7857
2025-11-05 16:07,NVDL,99.89,99.89,99.56,99.56,2634
2025-11-05 16:08,NVDL,99.55,99.55,99.34,99.4104,2264
2025-11-05 16:09,NVDL,99.45,99.55,99.3084,99.36,3515
2025-11-05 16:10,NVDL,99.41,99.5,98.7549,98.81,10252
2025-11-05 16:11,NVDL,98.8,99.19,98.8,99.15,5958
2025-11-05 16:12,NVDL,99.25,99.31,99.01,99.01,5321
2025-11-05 16:13,NVDL,99.09,99.222,99.09,99.09,3055
2025-11-05 16:14,NVDL,99.15,99.3,99.1,99.3,9624
2025-11-05 16:15,NVDL,99.3,99.65,99.3,99.65,7800
2025-11-05 16:16,NVDL,99.7,99.9494,99.7,99.82,7370
2025-11-05 16:17,NVDL,99.94,100.158,99.94,100.1,8303
2025-11-05 16:18,NVDL,100.2,100.3299,100.1824,100.3283,7537
2025-11-05 16:19,NVDL,100.26,100.5502,100.26,100.5502,13459
2025-11-05 16:20,NVDL,100.55,100.6,100.2,100.298,6071
2025-11-05 16:21,NVDL,100.15,100.48,100.15,100.48,4975
2025-11-05 16:22,NVDL,100.48,100.52,100.47,100.5006,3504
2025-11-05 16:23,NVDL,100.5499,100.6,100.42,100.6,5740
2025-11-05 16:24,NVDL,100.69,100.7799,100.69,100.77,1703
2025-11-05 16:25,NVDL,100.77,100.85,100.73,100.77,2048
2025-11-05 16:26,NVDL,100.6,100.6,100.5,100.6,3709
2025-11-05 16:27,NVDL,100.65,100.68,100.58,100.66,1053
2025-11-05 16:28,NVDL,100.6073,100.6073,100.49,100.49,4085
2025-11-05 16:29,NVDL,100.4,100.5,100.31,100.31,5620
2025-11-05 16:30,NVDL,100.37,100.37,100.11,100.1127,1245
2025-11-05 16:31,NVDL,100.11,100.2683,100.1,100.2683,1758
2025-11-05 16:32,NVDL,100.2649,100.27,100.22,100.27,660
2025-11-05 16:33,NVDL,100.3,100.4,100.2937,100.4,1782
2025-11-05 16:34,NVDL,100.5,100.56,100.5,100.55,3483
2025-11-05 16:35,NVDL,100.59,100.6,100.5741,100.5741,1298
2025-11-05 16:36,NVDL,100.67,100.67,100.6689,100.67,653
2025-11-05 16:37,NVDL,100.67,100.75,100.67,100.7101,2045
2025-11-05 16:38,NVDL,100.78,100.78,100.76,100.78,1200
2025-11-05 16:39,NVDL,100.77,100.97,100.77,100.95,2679
2025-11-05 16:40,NVDL,100.88,100.98,100.88,100.98,1488
2025-11-05 16:41,NVDL,100.99,101.09,100.96,101.09,2544
2025-11-05 16:42,NVDL,101.0,101.1357,101.0,101.1357,4750
2025-11-05 16:43,NVDL,101.18,101.18,101.0601,101.0601,2645
2025-11-05 16:44,NVDL,101.06,101.2,101.06,101.19,1259
2025-11-05 16:45,NVDL,101.1986,101.1986,100.75,100.75,4930
2025-11-05 16:46,NVDL,100.8206,100.99,100.8206,100.99,200
2025-11-05 16:47,NVDL,100.99,101.08,100.99,101.08,900
2025-11-05 16:48,NVDL,101.02,101.05,101.0,101.05,728
2025-11-05 16:49,NVDL,101.01,101.02,101.009,101.009,1154
2025-11-05 16:50,NVDL,101.0,101.0,100.85,100.85,600
2025-11-05 16:52,NVDL,100.88,100.8808,100.85,100.8808,1861
2025-11-05 16:53,NVDL,100.9989,100.9989,100.9989,100.9989,300
2025-11-05 16:54,NVDL,100.97,100.97,100.7,100.7,3504
2025-11-05 16:55,NVDL,100.57,100.89,100.52,100.89,2929
2025-11-05 16:56,NVDL,100.79,100.79,100.7,100.7,1164
2025-11-05 16:57,NVDL,100.7983,100.7983,100.52,100.75,2623
2025-11-05 16:58,NVDL,100.7199,100.7199,100.57,100.57,2803
2025-11-05 16:59,NVDL,100.5899,100.7,100.5899,100.65,400
2025-11-05 17:00,NVDL,100.75,100.75,100.75,100.75,528
2025-11-05 17:01,NVDL,100.83,100.9699,100.82,100.9699,718
2025-11-05 17:02,NVDL,100.95,100.95,100.89,100.89,610
2025-11-05 17:03,NVDL,100.89,100.96,100.86,100.96,2900
2025-11-05 17:04,NVDL,100.83,100.83,100.83,100.83,100
2025-11-05 17:05,NVDL,100.93,100.96,100.91,100.91,6081
2025-11-05 17:06,NVDL,100.97,101.04,100.95,101.04,748
2025-11-05 17:07,NVDL,101.0402,101.0402,101.04,101.04,300
2025-11-05 17:08,NVDL,101.0,101.0,101.0,101.0,200
2025-11-05 17:09,NVDL,101.08,101.08,101.0166,101.0166,446
2025-11-05 17:10,NVDL,100.98,101.0,100.98,100.99,470
2025-11-05 17:11,NVDL,101.0,101.0,100.9,100.9,878
2025-11-05 17:12,NVDL,101.0,101.09,101.0,101.09,3619
2025-11-05 17:13,NVDL,101.09,101.0997,101.0,101.0997,1317
2025-11-05 17:14,NVDL,101.0,101.0,101.0,101.0,500
2025-11-05 17:16,NVDL,101.06,101.06,101.06,101.06,200
2025-11-05 17:17,NVDL,101.09,101.16,101.09,101.16,1135
2025-11-05 17:18,NVDL,101.16,101.16,101.11,101.15,1779
2025-11-05 17:19,NVDL,101.15,101.2,101.15,101.2,4144
2025-11-05 17:20,NVDL,101.1372,101.38,101.1372,101.26,1049
2025-11-05 17:21,NVDL,101.28,101.28,101.2,101.2,1226
2025-11-05 17:22,NVDL,101.201,101.201,101.2,101.2,3236
2025-11-05 17:23,NVDL,101.13,101.15,101.06,101.06,2239
2025-11-05 17:24,NVDL,101.16,101.17,101.0,101.0,779
2025-11-05 17:25,NVDL,101.14,101.14,101.14,101.14,343
2025-11-05 17:26,NVDL,101.0996,101.0996,101.0996,101.0996,2481
2025-11-05 17:27,NVDL,101.05,101.06,101.05,101.06,583
2025-11-05 17:28,NVDL,101.05,101.05,101.05,101.05,200
2025-11-05 17:29,NVDL,101.37,101.37,101.37,101.37,100
2025-11-05 17:30,NVDL,101.0704,101.3695,101.0704,101.3695,2981
2025-11-05 17:31,NVDL,101.25,101.25,101.25,101.25,200
2025-11-05 17:32,NVDL,101.1,101.1,101.04,101.04,1950
2025-11-05 17:33,NVDL,101.04,101.04,101.0,101.0,863
2025-11-05 17:34,NVDL,101.0,101.0,101.0,101.0,700
2025-11-05 17:35,NVDL,101.19,101.19,101.136,101.136,777
2025-11-05 17:36,NVDL,101.01,101.1709,101.01,101.0201,397
2025-11-05 17:38,NVDL,101.15,101.15,101.1,101.1,453
2025-11-05 17:39,NVDL,101.13,101.13,101.13,101.13,100
2025-11-05 17:40,NVDL,101.05,101.05,101.01,101.01,1309
2025-11-05 17:41,NVDL,101.1001,101.1001,101.1001,101.1001,100
2025-11-05 17:42,NVDL,101.18,101.18,101.15,101.15,339
2025-11-05 17:43,NVDL,101.15,101.24,101.15,101.24,200
2025-11-05 17:44,NVDL,101.19,101.19,101.19,101.19,150
2025-11-05 17:45,NVDL,101.19,101.19,101.19,101.19,200
2025-11-05 17:46,NVDL,101.25,101.25,101.25,101.25,172
2025-11-05 17:48,NVDL,101.29,101.37,101.29,101.37,1452
2025-11-05 17:49,NVDL,101.38,101.6,101.25,101.5,4631
2025-11-05 17:52,NVDL,101.54,101.54,101.54,101.54,100
2025-11-05 17:53,NVDL,101.4968,101.6,101.4968,101.6,1752
2025-11-05 17:54,NVDL,101.65,101.67,101.65,101.67,400
2025-11-05 17:55,NVDL,101.6016,101.7,101.6016,101.7,3328
2025-11-05 17:56,NVDL,101.7,101.85,101.67,101.85,2496
2025-11-05 17:57,NVDL,101.87,101.97,101.87,101.97,500
2025-11-05 17:58,NVDL,102.0,102.1322,101.95,101.95,2413
2025-11-05 17:59,NVDL,102.05,102.1524,102.05,102.05,1380
2025-11-05 18:00,NVDL,101.9968,102.0,101.76,101.86,2779
2025-11-05 18:01,NVDL,101.8981,101.8981,101.76,101.76,700
2025-11-05 18:02,NVDL,101.6,101.67,101.6,101.67,600
2025-11-05 18:03,NVDL,101.71,101.71,101.6,101.6,2005
2025-11-05 18:04,NVDL,101.5,101.5,101.41,101.41,669
2025-11-05 18:07,NVDL,101.73,101.73,101.5,101.5,359
2025-11-05 18:08,NVDL,101.7119,101.7119,101.4495,101.4495,500
2025-11-05 18:09,NVDL,101.7,101.7,101.69,101.69,224
2025-11-05 18:10,NVDL,101.75,101.8,101.75,101.8,1000
2025-11-05 18:11,NVDL,101.87,101.87,101.8,101.8,300
2025-11-05 18:12,NVDL,101.97,101.99,101.9,101.9,1916
2025-11-05 18:13,NVDL,101.85,101.85,101.85,101.85,100
2025-11-05 18:14,NVDL,101.87,101.87,101.87,101.87,200
2025-11-05 18:15,NVDL,101.75,101.75,101.7,101.7,446
2025-11-05 18:16,NVDL,101.91,101.91,101.91,101.91,100
2025-11-05 18:17,NVDL,101.9,101.9,101.8,101.8,200
2025-11-05 18:18,NVDL,101.89,101.89,101.89,101.89,100
2025-11-05 18:19,NVDL,101.7856,101.7856,101.7,101.71,1903
2025-11-05 18:20,NVDL,101.7,101.7075,101.7,101.7075,425
2025-11-05 18:22,NVDL,101.68,101.68,101.68,101.68,457
2025-11-05 18:23,NVDL,101.78,101.78,101.78,101.78,200
2025-11-05 18:24,NVDL,101.5,101.58,101.5,101.5,2400
2025-11-05 18:27,NVDL,101.5,101.51,101.5,101.51,286
2025-11-05 18:32,NVDL,101.48,101.49,101.48,101.49,200
2025-11-05 18:33,NVDL,101.5,101.5,101.48,101.48,1138
2025-11-05 18:34,NVDL,101.609,101.609,101.609,101.609,200
2025-11-05 18:37,NVDL,101.4813,101.6,101.4813,101.6,2408
2025-11-05 18:38,NVDL,101.6,101.6,101.5853,101.59,4183
2025-11-05 18:39,NVDL,101.59,101.6,101.59,101.6,797
2025-11-05 18:40,NVDL,101.83,101.83,101.83,101.83,350
2025-11-05 18:41,NVDL,101.83,101.9,101.83,101.9,200
2025-11-05 18:42,NVDL,101.7288,102.0,101.7288,102.0,1677
2025-11-05 18:43,NVDL,102.09,102.09,102.09,102.09,138
2025-11-05 18:44,NVDL,102.15,102.15,102.15,102.15,150
2025-11-05 18:45,NVDL,102.09,102.09,102.05,102.05,1384
2025-11-05 18:46,NVDL,102.1,102.1,101.969,102.0,3038
2025-11-05 18:47,NVDL,102.03,102.03,101.96,101.96,550
2025-11-05 18:48,NVDL,102.0,102.0,101.96,101.96,606
2025-11-05 18:49,NVDL,101.96,101.96,101.96,101.96,200
2025-11-05 18:50,NVDL,102.16,102.18,102.16,102.18,900
2025-11-05 18:51,NVDL,102.15,102.1698,102.1,102.1698,981
2025-11-05 18:53,NVDL,102.05,102.05,102.05,102.05,500
2025-11-05 18:54,NVDL,102.15,102.1729,102.0,102.16,2366
2025-11-05 18:55,NVDL,102.1758,102.1758,102.16,102.16,200
2025-11-05 18:56,NVDL,102.16,102.1754,102.08,102.09,533
2025-11-05 18:57,NVDL,102.09,102.09,102.09,102.09,136
2025-11-05 18:58,NVDL,102.169,102.24,102.169,102.1695,3489
2025-11-05 18:59,NVDL,102.2,102.24,102.17,102.24,2698
2025-11-05 19:00,NVDL,102.24,102.2992,102.2,102.24,3938
2025-11-05 19:01,NVDL,102.28,102.28,102.28,102.28,100
2025-11-05 19:02,NVDL,102.2,102.2,102.0333,102.2,1275
2025-11-05 19:05,NVDL,102.04,102.1986,102.04,102.04,9206
2025-11-05 19:06,NVDL,102.02,102.02,102.02,102.02,100
2025-11-05 19:08,NVDL,102.05,102.05,102.0,102.0,1425
2025-11-05 19:09,NVDL,102.04,102.04,102.04,102.04,100
2025-11-05 19:11,NVDL,102.04,102.04,101.7327,101.7327,3102
2025-11-05 19:15,NVDL,101.7987,101.81,101.6817,101.81,1933
2025-11-05 19:16,NVDL,101.81,101.81,101.81,101.81,100
2025-11-05 19:17,NVDL,101.85,101.85,101.85,101.85,200
2025-11-05 19:18,NVDL,101.85,101.85,101.85,101.85,196
2025-11-05 19:22,NVDL,101.75,101.75,101.75,101.75,200
2025-11-05 19:23,NVDL,101.61,101.61,101.61,101.61,352
2025-11-05 19:24,NVDL,101.5992,101.5992,101.5992,101.5992,585
2025-11-05 19:25,NVDL,101.3,101.3,101.15,101.15,2904
2025-11-05 19:26,NVDL,101.2,101.2,101.2,101.2,100
2025-11-05 19:27,NVDL,101.05,101.21,101.0,101.0,3111
2025-11-05 19:28,NVDL,100.93,100.93,100.93,100.93,207
2025-11-05 19:29,NVDL,101.15,101.15,101.0,101.0,1400
2025-11-05 19:31,NVDL,101.1985,101.1985,101.1985,101.1985,200
2025-11-05 19:32,NVDL,101.1,101.19,101.1,101.19,500
2025-11-05 19:33,NVDL,101.09,101.18,101.09,101.18,661
2025-11-05 19:34,NVDL,101.18,101.18,101.18,101.18,2500
2025-11-05 19:39,NVDL,101.4103,101.4103,101.4103,101.4103,300
2025-11-05 19:40,NVDL,101.53,101.53,101.53,101.53,500
2025-11-05 19:41,NVDL,101.51,101.51,101.51,101.51,120
2025-11-05 19:43,NVDL,101.31,101.31,101.31,101.31,100
2025-11-05 19:44,NVDL,101.1,101.1,101.1,101.1,3500
2025-11-05 19:45,NVDL,101.32,101.32,101.32,101.32,100
2025-11-05 19:46,NVDL,101.13,101.13,101.13,101.13,100
2025-11-05 19:47,NVDL,101.29,101.29,101.25,101.28,3247
2025-11-05 19:48,NVDL,101.26,101.3182,101.26,101.26,4426
2025-11-05 19:49,NVDL,101.26,101.3155,101.26,101.29,2330
2025-11-05 19:50,NVDL,101.32,101.32,101.26,101.26,224
2025-11-05 19:51,NVDL,101.22,101.22,101.22,101.22,100
2025-11-05 19:53,NVDL,101.27,101.27,101.27,101.27,300
2025-11-05 19:54,NVDL,101.29,101.29,101.29,101.29,300
2025-11-05 19:55,NVDL,101.23,101.23,101.23,101.23,100
2025-11-05 19:56,NVDL,101.15,101.15,101.1,101.1,400
2025-11-05 19:57,NVDL,101.02,101.02,100.9,101.0,2504
2025-11-05 19:58,NVDL,101.1,101.1,101.05,101.05,200
2025-11-05 19:59,NVDL,101.2,101.27,101.2,101.27,229
2025-11-06 07:00,NVDL,102.81,103.1,102.81,103.1,4433
2025-11-06 07:01,NVDL,103.0,103.2,103.0,103.2,3010
2025-11-06 07:02,NVDL,103.27,103.32,103.17,103.17,5992
2025-11-06 07:04,NVDL,103.1,103.1,103.04,103.04,1434
2025-11-06 07:05,NVDL,103.16,103.5,103.16,103.39,14796
2025-11-06 07:06,NVDL,103.4,103.4,103.27,103.31,1315
2025-11-06 07:07,NVDL,103.2,103.2,103.17,103.2,2699
2025-11-06 07:08,NVDL,103.24,103.25,103.2,103.25,1948
2025-11-06 07:09,NVDL,103.2,103.31,103.2,103.28,7733
2025-11-06 07:10,NVDL,103.2,103.22,103.2,103.22,1655
2025-11-06 07:11,NVDL,103.18,103.25,103.18,103.25,301
2025-11-06 07:13,NVDL,103.19,103.19,103.16,103.16,371
2025-11-06 07:14,NVDL,103.1,103.1,103.1,103.1,100
2025-11-06 07:15,NVDL,103.0,103.0,102.98,102.98,211
2025-11-06 07:16,NVDL,103.0,103.08,102.98,103.08,400
2025-11-06 07:18,NVDL,103.17,103.17,103.15,103.15,760
2025-11-06 07:20,NVDL,103.22,103.22,103.21,103.21,249
2025-11-06 07:23,NVDL,103.18,103.18,103.18,103.18,250
2025-11-06 07:25,NVDL,103.17,103.17,103.1,103.14,800
2025-11-06 07:26,NVDL,103.09,103.09,103.0,103.03,776
2025-11-06 07:27,NVDL,103.05,103.05,103.05,103.05,229
2025-11-06 07:28,NVDL,103.05,103.05,103.05,103.05,100
2025-11-06 07:29,NVDL,103.14,103.14,103.14,103.14,540
2025-11-06 07:30,NVDL,103.13,103.13,103.13,103.13,470
2025-11-06 07:32,NVDL,103.14,103.14,103.14,103.14,200
2025-11-06 07:33,NVDL,103.16,103.16,103.16,103.16,1710
2025-11-06 07:34,NVDL,103.21,103.22,103.21,103.22,337
2025-11-06 07:35,NVDL,103.25,103.29,103.25,103.29,904
2025-11-06 07:36,NVDL,103.3,103.3,103.28,103.28,255
2025-11-06 07:37,NVDL,103.21,103.21,103.21,103.21,166
2025-11-06 07:38,NVDL,103.2,103.2,103.2,103.2,100
2025-11-06 07:39,NVDL,103.22,103.22,103.2,103.2,200
2025-11-06 07:40,NVDL,103.26,103.26,103.26,103.26,226
2025-11-06 07:41,NVDL,103.28,103.28,103.28,103.28,424
2025-11-06 07:42,NVDL,103.26,103.26,103.21,103.21,636
2025-11-06 07:43,NVDL,103.16,103.16,103.15,103.15,910
2025-11-06 07:45,NVDL,103.2,103.2,103.2,103.2,166
2025-11-06 07:46,NVDL,103.17,103.17,103.17,103.17,100
2025-11-06 07:47,NVDL,103.15,103.15,103.15,103.15,100
2025-11-06 07:48,NVDL,103.08,103.08,103.0,103.0,1690
2025-11-06 07:49,NVDL,102.97,102.97,102.97,102.97,100
2025-11-06 07:51,NVDL,102.95,102.95,102.95,102.95,815
2025-11-06 07:52,NVDL,102.98,103.0,102.98,103.0,1047
2025-11-06 07:53,NVDL,102.95,102.97,102.92,102.97,702
2025-11-06 07:54,NVDL,102.93,102.93,102.91,102.91,566
2025-11-06 07:55,NVDL,102.93,102.93,102.76,102.79,1924
2025-11-06 07:56,NVDL,102.79,102.79,102.74,102.74,200
2025-11-06 07:57,NVDL,102.74,102.74,102.74,102.74,100
2025-11-06 07:58,NVDL,102.78,102.78,102.78,102.78,250
2025-11-06 08:00,NVDL,103.4,103.4,101.98,102.72,95190
2025-11-06 08:01,NVDL,101.46,102.68,101.06,101.82,43623
2025-11-06 08:02,NVDL,101.7,102.6439,101.3,102.6439,10249
2025-11-06 08:03,NVDL,102.7,102.7,102.7,102.7,215
2025-11-06 08:04,NVDL,102.78,102.78,102.78,102.78,2140
2025-11-06 08:05,NVDL,102.8,102.81,102.7812,102.7812,2290
2025-11-06 08:06,NVDL,102.64,102.71,102.3285,102.71,2738
2025-11-06 08:07,NVDL,102.58,102.61,102.5,102.61,3227
2025-11-06 08:08,NVDL,102.6119,102.6119,102.6119,102.6119,125
2025-11-06 08:09,NVDL,102.63,102.78,102.63,102.74,1711
2025-11-06 08:10,NVDL,102.8,102.82,102.76,102.8,1756
2025-11-06 08:11,NVDL,102.8,102.8,102.7884,102.79,3299
2025-11-06 08:12,NVDL,102.75,102.75,102.75,102.75,465
2025-11-06 08:13,NVDL,102.78,102.84,102.78,102.82,704
2025-11-06 08:14,NVDL,102.75,102.75,102.75,102.75,121
2025-11-06 08:15,NVDL,102.79,102.79,102.79,102.79,200
2025-11-06 08:16,NVDL,102.78,102.81,102.78,102.81,380
2025-11-06 08:17,NVDL,102.7475,102.7475,102.5086,102.56,1637
2025-11-06 08:18,NVDL,102.6,102.6,102.5447,102.5447,509
2025-11-06 08:19,NVDL,102.48,102.53,102.48,102.52,3859
2025-11-06 08:20,NVDL,102.5,102.69,102.5,102.69,1418
2025-11-06 08:21,NVDL,102.6448,102.69,102.6448,102.6883,1700
2025-11-06 08:22,NVDL,102.61,102.61,102.61,102.61,270
2025-11-06 08:23,NVDL,102.76,102.76,102.76,102.76,200
2025-11-06 08:24,NVDL,102.78,102.78,102.72,102.72,2897
2025-11-06 08:25,NVDL,102.66,102.66,102.6289,102.6289,774
2025-11-06 08:26,NVDL,102.56,102.61,102.56,102.61,621
2025-11-06 08:27,NVDL,102.5,102.57,102.47,102.513,2952
2025-11-06 08:28,NVDL,102.522,102.522,102.5,102.5,350
2025-11-06 08:29,NVDL,102.4788,102.54,102.4788,102.5,2349
2025-11-06 08:30,NVDL,102.5599,102.5599,102.5599,102.5599,500
2025-11-06 08:31,NVDL,102.55,102.55,102.5,102.5199,1300
2025-11-06 08:32,NVDL,102.52,102.54,102.52,102.54,780
2025-11-06 08:33,NVDL,102.44,102.44,102.33,102.33,4057
2025-11-06 08:34,NVDL,102.3,102.31,102.2,102.23,6012
2025-11-06 08:35,NVDL,102.2,102.28,102.15,102.23,2212
2025-11-06 08:36,NVDL,102.27,102.27,102.23,102.23,630
2025-11-06 08:37,NVDL,102.11,102.11,101.87,101.91,21751
2025-11-06 08:38,NVDL,101.93,102.0094,101.93,101.9685,3651
2025-11-06 08:39,NVDL,102.0188,102.08,102.01,102.08,2566
2025-11-06 08:40,NVDL,102.16,102.22,102.1,102.22,1333
2025-11-06 08:41,NVDL,102.2783,102.2783,102.2783,102.2783,1000
2025-11-06 08:42,NVDL,102.3,102.36,102.3,102.36,1218
2025-11-06 08:43,NVDL,102.39,102.39,102.33,102.33,200
2025-11-06 08:44,NVDL,102.25,102.25,102.16,102.24,471
2025-11-06 08:45,NVDL,102.1801,102.26,102.1801,102.26,400
2025-11-06 08:46,NVDL,102.25,102.25,102.13,102.13,3320
2025-11-06 08:47,NVDL,102.0707,102.0707,101.96,102.0,5039
2025-11-06 08:48,NVDL,101.94,101.96,101.87,101.94,2229
2025-11-06 08:49,NVDL,101.98,101.98,101.87,101.92,1304
2025-11-06 08:51,NVDL,101.97,102.08,101.97,102.08,1048
2025-11-06 08:52,NVDL,102.03,102.08,102.03,102.08,200
2025-11-06 08:53,NVDL,102.09,102.1,102.03,102.03,700
2025-11-06 08:54,NVDL,102.02,102.15,102.02,102.15,1400
2025-11-06 08:55,NVDL,102.04,102.04,101.97,102.0094,1195
2025-11-06 08:56,NVDL,101.94,101.98,101.9,101.9,1038
2025-11-06 08:57,NVDL,101.91,101.91,101.88,101.88,210
2025-11-06 08:58,NVDL,101.9,101.9,101.6,101.73,3485
2025-11-06 08:59,NVDL,101.62,101.64,101.57,101.57,548
2025-11-06 09:00,NVDL,101.57,101.57,101.51,101.52,963
2025-11-06 09:01,NVDL,101.72,101.7382,101.65,101.7382,651
2025-11-06 09:02,NVDL,101.75,101.75,101.72,101.72,1027
2025-11-06 09:03,NVDL,101.67,101.67,101.51,101.5397,500
2025-11-06 09:04,NVDL,101.45,101.45,101.2967,101.3,3782
2025-11-06 09:05,NVDL,101.24,101.3,101.18,101.3,2206
2025-11-06 09:06,NVDL,101.35,101.35,101.35,101.35,215
2025-11-06 09:07,NVDL,101.35,101.38,101.13,101.13,4368
2025-11-06 09:08,NVDL,101.11,101.2,100.9898,101.0,6684
2025-11-06 09:09,NVDL,101.0,101.05,100.85,100.8836,3494
2025-11-06 09:10,NVDL,100.85,101.16,100.85,101.13,1800
2025-11-06 09:11,NVDL,101.22,101.26,101.1299,101.26,966
2025-11-06 09:12,NVDL,101.2858,101.32,101.27,101.3,6936
2025-11-06 09:13,NVDL,101.25,101.27,101.15,101.15,4532
2025-11-06 09:14,NVDL,101.1664,101.2364,101.1664,101.17,740
2025-11-06 09:15,NVDL,101.25,101.28,101.1536,101.1536,2273
2025-11-06 09:16,NVDL,101.21,101.21,101.21,101.21,435
2025-11-06 09:17,NVDL,101.1601,101.1601,101.1,101.1,2530
2025-11-06 09:18,NVDL,101.05,101.15,100.97,101.15,3409
2025-11-06 09:19,NVDL,101.15,101.28,101.15,101.28,1272
2025-11-06 09:20,NVDL,101.2796,101.29,101.2034,101.2034,2403
2025-11-06 09:21,NVDL,101.25,101.25,101.25,101.25,500
2025-11-06 09:22,NVDL,101.05,101.05,100.95,101.0,2856
2025-11-06 09:23,NVDL,100.96,101.05,100.92,101.05,1367
2025-11-06 09:24,NVDL,101.02,101.15,101.0,101.1179,865
2025-11-06 09:25,NVDL,101.35,101.75,101.11,101.5,5035
2025-11-06 09:26,NVDL,101.63,101.88,101.63,101.88,1320
2025-11-06 09:27,NVDL,101.85,101.85,101.85,101.85,140
2025-11-06 09:28,NVDL,101.86,101.86,101.536,101.67,6672
2025-11-06 09:29,NVDL,101.67,101.7128,101.3,101.3,5034
2025-11-06 09:30,NVDL,101.195,101.4,100.14,100.38,91284
2025-11-06 09:31,NVDL,100.25,100.93,100.0,100.695,65536
2025-11-06 09:32,NVDL,100.85,101.8,100.8,101.73,41430
2025-11-06 09:33,NVDL,101.81,102.42,101.67,101.98,67704
2025-11-06 09:34,NVDL,101.99,102.3155,101.71,101.71,47360
2025-11-06 09:35,NVDL,101.66,101.67,100.76,100.76,39516
2025-11-06 09:36,NVDL,100.86,101.19,100.81,100.94,29995
2025-11-06 09:37,NVDL,100.92,101.3916,100.915703,101.34,14214
2025-11-06 09:38,NVDL,101.37,102.0,101.37,101.885,39051
2025-11-06 09:39,NVDL,101.9,101.96,101.363,101.363,22011
2025-11-06 09:40,NVDL,101.43,101.79,101.275,101.275,20670
2025-11-06 09:41,NVDL,101.2112,101.22,100.48,100.5999,50815
2025-11-06 09:42,NVDL,100.56,100.85,100.18,100.28,38141
2025-11-06 09:43,NVDL,100.37,100.485,100.18,100.18,22882
2025-11-06 09:44,NVDL,100.21,100.365,99.8,99.95,108861
2025-11-06 09:45,NVDL,99.92,100.56,99.73,100.53,52133
2025-11-06 09:46,NVDL,100.5088,100.62,100.33,100.45,38794
2025-11-06 09:47,NVDL,100.485,100.9,100.46,100.9,34425
2025-11-06 09:48,NVDL,100.97,101.2,100.7,101.14,24514
2025-11-06 09:49,NVDL,101.18,101.1995,100.3,100.35,19006
2025-11-06 09:50,NVDL,100.53,100.81,99.81,99.92,44316
2025-11-06 09:51,NVDL,99.873,99.9719,98.87,98.96,97305
2025-11-06 09:52,NVDL,99.01,99.185,98.59,98.94,49130
2025-11-06 09:53,NVDL,98.86,99.4164,98.8199,99.288,109139
2025-11-06 09:54,NVDL,99.21,99.2899,98.99,99.0,90082
2025-11-06 09:55,NVDL,99.0484,99.1,98.66,98.91,56940
2025-11-06 09:56,NVDL,98.93,98.975,98.33,98.685,40420
2025-11-06 09:57,NVDL,98.56,98.5614,97.85,98.0,82634
2025-11-06 09:58,NVDL,98.0,98.38,97.92,98.28,55002
2025-11-06 09:59,NVDL,98.28,98.5299,98.1984,98.35,34113
2025-11-06 10:00,NVDL,98.29,98.4,97.7,98.0075,123316
2025-11-06 10:01,NVDL,98.005,98.01,97.39,97.47,104704
2025-11-06 10:02,NVDL,97.37,97.5799,96.701,96.8501,88871
2025-11-06 10:03,NVDL,97.0,97.6,96.87,97.5654,61029
2025-11-06 10:04,NVDL,97.556,97.556,97.05,97.24,53262
2025-11-06 10:05,NVDL,97.32,98.0472,97.32,97.895,42540
2025-11-06 10:06,NVDL,97.9299,98.22,97.84,98.1399,29853
2025-11-06 10:07,NVDL,98.0874,98.0874,97.4301,97.6163,24081
2025-11-06 10:08,NVDL,97.61,97.75,97.24,97.56,28925
2025-11-06 10:09,NVDL,97.58,97.93,97.3801,97.77,17398
2025-11-06 10:10,NVDL,97.74,98.37,97.74,98.35,29839
2025-11-06 10:11,NVDL,98.37,98.38,97.88,97.88,17160
2025-11-06 10:12,NVDL,97.97,97.98,97.33,97.3301,78317
2025-11-06 10:13,NVDL,97.33,97.72,97.2413,97.6327,31130
2025-11-06 10:14,NVDL,97.6999,97.6999,97.25,97.265,15457
2025-11-06 10:15,NVDL,97.31,97.43,96.93,97.38,21929
2025-11-06 10:16,NVDL,97.39,97.88,97.39,97.775,14266
2025-11-06 10:17,NVDL,97.83,98.19,97.81,97.929,11743
2025-11-06 10:18,NVDL,97.9,98.27,97.872,98.22,27595
2025-11-06 10:19,NVDL,98.1848,98.24,97.77,97.8475,14192
2025-11-06 10:20,NVDL,97.88,98.28,97.88,98.0,29785
2025-11-06 10:21,NVDL,97.99,98.17,97.98,98.1,10795
2025-11-06 10:22,NVDL,98.072,98.36,97.955,98.31,20177
2025-11-06 10:23,NVDL,98.2932,98.3238,97.85,98.3,11681
2025-11-06 10:24,NVDL,98.3,98.46342,98.038,98.08,11906
2025-11-06 10:25,NVDL,98.04,98.21,97.88,97.9301,13895
2025-11-06 10:26,NVDL,98.07,98.1057,97.68,97.8173,18542
2025-11-06 10:27,NVDL,97.8,97.9,97.71,97.82,19958
2025-11-06 10:28,NVDL,97.7855,98.1,97.7,98.075,7268
2025-11-06 10:29,NVDL,98.1,98.11,97.765,97.7866,3528
2025-11-06 10:30,NVDL,97.865,97.865,97.4901,97.7728,23219
2025-11-06 10:31,NVDL,97.7101,98.0,97.7,97.8799,23954
2025-11-06 10:32,NVDL,97.83,97.87,97.08,97.08,17259
2025-11-06 10:33,NVDL,97.1,97.15,96.56,96.65,52632
2025-11-06 10:34,NVDL,96.76,96.7899,96.4557,96.739,21147
2025-11-06 10:35,NVDL,96.68,96.72,96.33,96.555,20252
2025-11-06 10:36,NVDL,96.5601,96.645,95.8246,95.84,72943
2025-11-06 10:37,NVDL,95.83,95.95,95.11,95.11,58290
2025-11-06 10:38,NVDL,95.16,95.74,95.0784,95.52,27487
2025-11-06 10:39,NVDL,95.5,95.67,95.37,95.5031,32187
2025-11-06 10:40,NVDL,95.53,95.67,95.1824,95.4536,28356
2025-11-06 10:41,NVDL,95.4,95.49,95.07,95.15,22434
2025-11-06 10:42,NVDL,95.21,95.7,95.02,95.7,23399
2025-11-06 10:43,NVDL,95.65,96.1,95.59,95.7,42430
2025-11-06 10:44,NVDL,95.62,95.8306,95.0,95.11,81242
2025-11-06 10:45,NVDL,95.14,95.6,95.115,95.59,56275
2025-11-06 10:46,NVDL,95.6,95.67,95.13,95.35,24339
2025-11-06 10:47,NVDL,95.29,95.49,94.915,94.932,47278
2025-11-06 10:48,NVDL,94.9909,95.04,94.09,94.13,94550
2025-11-06 10:49,NVDL,94.11,95.1,94.11,95.09,42702
2025-11-06 10:50,NVDL,95.13,95.47,94.93,95.15,36460
2025-11-06 10:51,NVDL,95.17,95.76,95.16,95.6473,48998
2025-11-06 10:52,NVDL,95.68,95.68,95.26,95.5,12052
2025-11-06 10:53,NVDL,95.53,95.53,94.87,94.94,19771
2025-11-06 10:54,NVDL,94.93,95.78,94.93,95.679,24587
2025-11-06 10:55,NVDL,95.715,96.15,95.71,96.11,29831
2025-11-06 10:56,NVDL,96.0,96.0,95.03,95.13,29164
2025-11-06 10:57,NVDL,95.09,95.24,94.66,94.71,28272
2025-11-06 10:58,NVDL,94.67,94.88,94.52,94.75,36248
2025-11-06 10:59,NVDL,94.73,95.05,94.69,94.97,22249
2025-11-06 11:00,NVDL,95.0,95.45,94.98,95.41,13453
2025-11-06 11:01,NVDL,95.5,95.686,95.25,95.25,15170
2025-11-06 11:02,NVDL,95.25,95.36,94.6,95.0864,23259
2025-11-06 11:03,NVDL,95.03,95.3188,95.0,95.1,5331
2025-11-06 11:04,NVDL,95.2461,95.45,95.08,95.45,12917
2025-11-06 11:05,NVDL,95.47,95.77,95.3701,95.71,35731
2025-11-06 11:06,NVDL,95.6266,96.0826,95.6266,95.75,14092
2025-11-06 11:07,NVDL,95.89,95.92,95.1,95.2084,27904
2025-11-06 11:08,NVDL,95.205,95.47,95.17,95.3655,8266
2025-11-06 11:09,NVDL,95.4799,95.4799,95.23,95.405,36939
2025-11-06 11:10,NVDL,95.41,95.55,95.1,95.18,15753
2025-11-06 11:11,NVDL,95.26,95.65,95.22,95.55,23420
2025-11-06 11:12,NVDL,95.72,95.8071,95.44,95.4495,19975
2025-11-06 11:13,NVDL,95.5766,95.82,95.54,95.6,17541
2025-11-06 11:14,NVDL,95.62,95.735,95.55,95.55,8312
2025-11-06 11:15,NVDL,95.72,95.86,95.4575,95.6,17292
2025-11-06 11:16,NVDL,95.61,95.82,95.3894,95.3894,39752
2025-11-06 11:17,NVDL,95.45,95.7342,95.3,95.6716,10154
2025-11-06 11:18,NVDL,95.555,95.65,95.09,95.1,60279
2025-11-06 11:19,NVDL,95.1,95.28,95.03,95.135,17845
2025-11-06 11:20,NVDL,95.17,95.31,95.11,95.28,1308
2025-11-06 11:21,NVDL,95.5,95.55,95.23,95.3729,7225
2025-11-06 11:22,NVDL,95.3823,95.3823,94.69,94.73,19205
2025-11-06 11:23,NVDL,94.705,95.0,94.705,94.97,3929
2025-11-06 11:24,NVDL,94.9431,95.08,94.895,95.0775,16424
2025-11-06 11:25,NVDL,95.06,95.09,94.55,94.7,17333
2025-11-06 11:26,NVDL,94.69,95.0,94.51,94.9575,23058
2025-11-06 11:27,NVDL,94.961,94.985,94.65,94.73,6853
2025-11-06 11:28,NVDL,94.7225,94.9656,94.7225,94.9526,12113
2025-11-06 11:29,NVDL,94.905,95.35,94.905,95.33,15008
2025-11-06 11:30,NVDL,95.33,95.33,95.11,95.12,3772
2025-11-06 11:31,NVDL,95.2,95.39,95.06,95.1,10240
2025-11-06 11:32,NVDL,95.0795,95.2,94.9,94.94,18213
2025-11-06 11:33,NVDL,94.9125,95.03,94.7401,94.81,6340
2025-11-06 11:34,NVDL,94.82,94.83,94.62,94.67,6975
2025-11-06 11:35,NVDL,94.63,94.63,93.6,93.74,119725
2025-11-06 11:36,NVDL,93.74,94.02,93.71,94.02,26984
2025-11-06 11:37,NVDL,93.98,94.2,93.67,93.67,22547
2025-11-06 11:38,NVDL,93.688,94.0742,93.688,93.715,11539
2025-11-06 11:39,NVDL,93.731165,93.731165,93.061921,93.09,85390
2025-11-06 11:40,NVDL,93.11,93.3827,92.785,93.3827,41908
2025-11-06 11:41,NVDL,93.33,93.46,92.69,92.69,24917
2025-11-06 11:42,NVDL,92.79,93.36,92.79,93.21,22820
2025-11-06 11:43,NVDL,93.21,93.2101,92.53,92.66,55127
2025-11-06 11:44,NVDL,92.68,93.01,92.54,92.8494,19699
2025-11-06 11:45,NVDL,92.83,93.14,92.75,93.14,15294
2025-11-06 11:46,NVDL,93.13,93.2,92.87,93.08,15705
2025-11-06 11:47,NVDL,93.14,93.25,92.925,93.11,29191
2025-11-06 11:48,NVDL,93.17,93.2115,93.05,93.075,8318
2025-11-06 11:49,NVDL,93.05,93.12,92.84,93.09,12290
2025-11-06 11:50,NVDL,93.15,93.3,93.04,93.04,13858
2025-11-06 11:51,NVDL,93.06,93.501,93.0,93.2327,23614
2025-11-06 11:52,NVDL,93.4,93.6474,93.27,93.6,66362
2025-11-06 11:53,NVDL,93.58,93.7999,93.1,93.26,16836
2025-11-06 11:54,NVDL,93.31,93.8532,93.31,93.74,12219
2025-11-06 11:55,NVDL,93.76,93.77,93.154543,93.24,18599
2025-11-06 11:56,NVDL,93.23,93.33,92.87,92.8901,15632
2025-11-06 11:57,NVDL,92.95,93.48,92.95,93.3968,8424
2025-11-06 11:58,NVDL,93.44,93.75,93.43,93.611334,11427
2025-11-06 11:59,NVDL,93.62,93.83,93.48,93.63,8673
2025-11-06 12:00,NVDL,93.83,94.2268,93.8,94.18,38968
2025-11-06 12:01,NVDL,94.2,94.3575,94.08,94.1299,13823
2025-11-06 12:02,NVDL,94.08,94.11,93.76,93.905,10610
2025-11-06 12:03,NVDL,93.88,93.885,93.58,93.58,9288
2025-11-06 12:04,NVDL,93.55,93.75,93.49,93.75,14272
2025-11-06 12:05,NVDL,93.85,94.1,93.85,94.06,15869
2025-11-06 12:06,NVDL,93.9984,94.12,93.89,93.93,9148
2025-11-06 12:07,NVDL,93.95,94.0,93.34,93.3401,14378
2025-11-06 12:08,NVDL,93.43,93.44,93.0604,93.23,10957
2025-11-06 12:09,NVDL,93.27,93.73,93.2601,93.53,12332
2025-11-06 12:10,NVDL,93.52,93.7799,93.48,93.555,11407
2025-11-06 12:11,NVDL,93.51,93.66,93.44,93.46,15471
2025-11-06 12:12,NVDL,93.4799,93.57,93.33,93.5,5447
2025-11-06 12:13,NVDL,93.5,93.535,93.1,93.12,23478
2025-11-06 12:14,NVDL,93.105,93.155,92.9,92.914,22526
2025-11-06 12:15,NVDL,92.88,92.97,92.59,92.59,26331
2025-11-06 12:16,NVDL,92.66,92.83,92.51,92.6,24928
2025-11-06 12:17,NVDL,92.84,92.89,92.75,92.8175,5025
2025-11-06 12:18,NVDL,92.83,93.18,92.83,92.9901,14547
2025-11-06 12:19,NVDL,92.93,93.03,92.65,92.9075,16545
2025-11-06 12:20,NVDL,92.95,92.95,92.35,92.51,20796
2025-11-06 12:21,NVDL,92.53,92.58,91.97,92.0765,86800
2025-11-06 12:22,NVDL,92.04,92.09,91.88,91.9401,98608
2025-11-06 12:23,NVDL,91.99,92.28,91.4585,91.47,47925
2025-11-06 12:24,NVDL,91.45,92.05,91.43,91.645,27101
2025-11-06 12:25,NVDL,91.66,91.73,91.4,91.71,19773
2025-11-06 12:26,NVDL,91.705,91.73,90.95,91.24,59108
2025-11-06 12:27,NVDL,91.26,91.44,91.12,91.42,32022
2025-11-06 12:28,NVDL,91.43,91.5299,91.2,91.2,10591
2025-11-06 12:29,NVDL,91.27,91.53,91.23,91.3609,23521
2025-11-06 12:30,NVDL,91.36,91.41,91.11,91.2325,16368
2025-11-06 12:31,NVDL,91.26,91.6635,91.22,91.448,15913
2025-11-06 12:32,NVDL,91.55,92.2,91.55,92.0999,21681
2025-11-06 12:33,NVDL,91.99,92.3,91.94,92.0,27238
2025-11-06 12:34,NVDL,92.02,92.02,91.635,91.75,16550
2025-11-06 12:35,NVDL,91.83,92.0499,91.615,91.95,17063
2025-11-06 12:36,NVDL,91.975,92.08,91.8401,91.9,11323
2025-11-06 12:37,NVDL,91.91,92.02,91.7,91.7,12634
2025-11-06 12:38,NVDL,91.71,91.9599,91.649,91.94,7259
2025-11-06 12:39,NVDL,91.94,92.0,91.39,91.42,43195
2025-11-06 12:40,NVDL,91.42,91.91,91.42,91.91,11851
2025-11-06 12:41,NVDL,91.94,92.21,91.94,92.13,13858
2025-11-06 12:42,NVDL,92.16,92.42,92.1,92.28,13514
2025-11-06 12:43,NVDL,92.31,92.56,92.27,92.48,16896
2025-11-06 12:44,NVDL,92.53,92.53,92.4,92.52,7826
2025-11-06 12:45,NVDL,92.49,92.75,92.4834,92.63,13302
2025-11-06 12:46,NVDL,92.75,93.06,92.74,92.9,21747
2025-11-06 12:47,NVDL,92.93,93.16,92.89,93.15,8603
2025-11-06 12:48,NVDL,93.14,93.51,93.1,93.37,39444
2025-11-06 12:49,NVDL,93.4,93.49,93.26,93.41,21800
2025-11-06 12:50,NVDL,93.45,93.86,93.4,93.86,16581
2025-11-06 12:51,NVDL,93.88,93.9,93.6699,93.69,15547
2025-11-06 12:52,NVDL,93.67,93.67,93.415,93.545,19691
2025-11-06 12:53,NVDL,93.59,93.93,93.55,93.61,24124
2025-11-06 12:54,NVDL,93.66,94.07,93.66,94.06,20936
2025-11-06 12:55,NVDL,94.1,94.23,93.9,94.14,21627
2025-11-06 12:56,NVDL,94.14,94.3,94.06,94.25,15656
2025-11-06 12:57,NVDL,94.2616,94.265,93.98,93.9803,17930
2025-11-06 12:58,NVDL,93.98,94.085,93.88,93.88,20512
2025-11-06 12:59,NVDL,93.91,93.91,93.47,93.67,27259
2025-11-06 13:00,NVDL,93.77,93.88,93.69,93.82,11070
2025-11-06 13:01,NVDL,93.8535,94.17,93.85,94.03,10479
2025-11-06 13:02,NVDL,94.075,94.14,94.01,94.11,14658
2025-11-06 13:03,NVDL,94.1,94.16,93.56,93.56,20504
2025-11-06 13:04,NVDL,93.58,93.58,93.185,93.21,18796
2025-11-06 13:05,NVDL,93.32,93.53,93.14,93.28,23494
2025-11-06 13:06,NVDL,93.2,93.2,92.6,92.73,18487
2025-11-06 13:07,NVDL,92.79,93.06,92.78,92.9575,8992
2025-11-06 13:08,NVDL,92.9,93.13,92.86,92.86,7860
2025-11-06 13:09,NVDL,92.87,92.88,92.66,92.71,12702
2025-11-06 13:10,NVDL,92.66,92.7,92.5355,92.54,9044
2025-11-06 13:11,NVDL,92.54,92.685,92.51,92.64,7391
2025-11-06 13:12,NVDL,92.6,92.65,92.46,92.5,21115
2025-11-06 13:13,NVDL,92.55,92.97,92.55,92.96,7722
2025-11-06 13:14,NVDL,92.91,93.0,92.86,92.97,5421
2025-11-06 13:15,NVDL,92.94,93.16,92.94,93.1285,9086
2025-11-06 13:16,NVDL,93.11,93.17,92.934,92.94,8151
2025-11-06 13:17,NVDL,92.915,92.94,92.695,92.8757,7846
2025-11-06 13:18,NVDL,92.915,93.078,92.6362,92.79,13634
2025-11-06 13:19,NVDL,92.85,92.85,92.51,92.8355,6077
2025-11-06 13:20,NVDL,92.73,93.2,92.73,93.12,6861
2025-11-06 13:21,NVDL,93.2,93.25,93.0,93.18,9256
2025-11-06 13:22,NVDL,93.195,93.27,93.1425,93.165,5735
2025-11-06 13:23,NVDL,93.19,93.5,93.19,93.5,13483
2025-11-06 13:24,NVDL,93.5,93.75,93.49,93.7243,18851
2025-11-06 13:25,NVDL,93.765,93.99,93.765,93.82,17220
2025-11-06 13:26,NVDL,93.8899,93.97,93.865,93.865,4789
2025-11-06 13:27,NVDL,93.844,93.87,93.61,93.695,14589
2025-11-06 13:28,NVDL,93.7,93.98,93.69,93.98,18616
2025-11-06 13:29,NVDL,93.9999,94.055,93.73,93.81,8159
2025-11-06 13:30,NVDL,93.81,94.12,93.81,94.02,10618
2025-11-06 13:31,NVDL,94.04,94.14,94.015,94.1,11576
2025-11-06 13:32,NVDL,94.115,94.21,94.0818,94.0999,10564
2025-11-06 13:33,NVDL,94.1414,94.19,93.9442,93.98,4229
2025-11-06 13:34,NVDL,93.96,94.2067,93.93,94.2067,6190
2025-11-06 13:35,NVDL,94.25,94.27,94.1,94.14,4640
2025-11-06 13:36,NVDL,94.18,94.58,94.1799,94.5604,23505
2025-11-06 13:37,NVDL,94.55,94.56,94.36,94.42,23810
2025-11-06 13:38,NVDL,94.41,94.44,94.25,94.315,6663
2025-11-06 13:39,NVDL,94.36,94.5,94.275,94.355,8942
2025-11-06 13:40,NVDL,94.41,94.49,94.22,94.235,7478
2025-11-06 13:41,NVDL,94.22,94.44,94.18,94.2,10694
2025-11-06 13:42,NVDL,94.23,94.2616,94.18,94.21,3775
2025-11-06 13:43,NVDL,94.195,94.21,93.95,93.955,8113
2025-11-06 13:44,NVDL,93.99,94.11,93.99,94.05,4910
2025-11-06 13:45,NVDL,94.075,94.075,93.94,93.955,3845
2025-11-06 13:46,NVDL,93.97,94.03,93.56,93.57,14130
2025-11-06 13:47,NVDL,93.59,93.86,93.555,93.76,6387
2025-11-06 13:48,NVDL,93.79,93.95,93.714,93.714,2450
2025-11-06 13:49,NVDL,93.765,93.815,93.66,93.79,2503
2025-11-06 13:50,NVDL,93.84,93.94,93.783,93.935,3811
2025-11-06 13:51,NVDL,94.0,94.1,93.93,93.955,1959
2025-11-06 13:52,NVDL,94.0425,94.05,93.87,93.87,5433
2025-11-06 13:53,NVDL,93.8557,93.8557,93.3,93.3884,8798
2025-11-06 13:54,NVDL,93.4,93.61,93.32,93.6099,7554
2025-11-06 13:55,NVDL,93.53,93.53,93.06,93.07,7716
2025-11-06 13:56,NVDL,93.0843,93.145,92.98,93.045,8781
2025-11-06 13:57,NVDL,93.1,93.15,92.955,93.095,7318
2025-11-06 13:58,NVDL,93.095,93.36,93.07,93.27,11658
2025-11-06 13:59,NVDL,93.31,93.4,93.22,93.38,4275
2025-11-06 14:00,NVDL,93.335,93.56,93.29,93.49,8468
2025-11-06 14:01,NVDL,93.39,93.58,93.34,93.43,6385
2025-11-06 14:02,NVDL,93.29,93.29,93.08,93.1,6661
2025-11-06 14:03,NVDL,93.25,93.63,93.25,93.58,6648
2025-11-06 14:04,NVDL,93.51,93.75,93.43,93.7444,6492
2025-11-06 14:05,NVDL,93.78,94.0998,93.74,94.0866,18761
2025-11-06 14:06,NVDL,94.09,94.4,94.0301,94.315,19701
2025-11-06 14:07,NVDL,94.305,94.3794,94.23,94.26,17862
2025-11-06 14:08,NVDL,94.255,94.2712,94.04,94.1675,4349
2025-11-06 14:09,NVDL,94.13,94.19,93.975,94.0888,13052
2025-11-06 14:10,NVDL,94.145,94.325,94.145,94.325,4459
2025-11-06 14:11,NVDL,94.2769,94.41,94.23,94.33,11374
2025-11-06 14:12,NVDL,94.3,94.39,94.285,94.31,5037
2025-11-06 14:13,NVDL,94.32,94.38,94.27,94.32,2773
2025-11-06 14:14,NVDL,94.27,94.36,94.185,94.185,3102
2025-11-06 14:15,NVDL,94.1886,94.23,93.94,93.97,21357
2025-11-06 14:16,NVDL,94.06,94.07,93.67,93.67,10562
2025-11-06 14:17,NVDL,93.73,93.73,93.36,93.505,10739
2025-11-06 14:18,NVDL,93.47,93.62,93.47,93.51,6889
2025-11-06 14:19,NVDL,93.59,93.88,93.59,93.82,4350
2025-11-06 14:20,NVDL,93.8175,93.8175,93.55,93.55,3678
2025-11-06 14:21,NVDL,93.55,93.8,93.5,93.6186,12830
2025-11-06 14:22,NVDL,93.5,93.67,93.24,93.415,29633
2025-11-06 14:23,NVDL,93.395,93.54,93.335,93.54,951
2025-11-06 14:24,NVDL,93.565,93.85,93.5525,93.85,4194
2025-11-06 14:25,NVDL,93.9,94.341,93.89,94.341,12969
2025-11-06 14:26,NVDL,94.25,94.86,94.23,94.74,26495
2025-11-06 14:27,NVDL,94.79,95.1,94.5625,94.585,59753
2025-11-06 14:28,NVDL,94.5784,94.94,94.5784,94.93,11143
2025-11-06 14:29,NVDL,95.0,95.23,94.97,95.1467,17675
2025-11-06 14:30,NVDL,95.12,95.32,95.01,95.01,22414
2025-11-06 14:31,NVDL,95.0,95.15,94.72,94.7905,27803
2025-11-06 14:32,NVDL,94.7899,95.0,94.74,95.0,6323
2025-11-06 14:33,NVDL,94.990198,95.1,94.85,94.942,10316
2025-11-06 14:34,NVDL,94.89,94.93,94.7,94.77,35724
2025-11-06 14:35,NVDL,94.7761,94.89,94.755,94.8387,6911
2025-11-06 14:36,NVDL,94.83,95.1,94.76,95.0,16503
2025-11-06 14:37,NVDL,94.9145,94.93,94.54,94.76,6639
2025-11-06 14:38,NVDL,94.74,94.883,94.74,94.83,4912
2025-11-06 14:39,NVDL,94.8001,94.94,94.58,94.5901,12509
2025-11-06 14:40,NVDL,94.6097,94.6097,94.4163,94.485,11969
2025-11-06 14:41,NVDL,94.5,94.56,94.33,94.365,4538
2025-11-06 14:42,NVDL,94.37,94.465,94.2,94.39,7260
2025-11-06 14:43,NVDL,94.37,94.49,94.18,94.49,13893
2025-11-06 14:44,NVDL,94.5,94.8992,94.5,94.8992,12557
2025-11-06 14:45,NVDL,94.85,94.85,94.58,94.64,9594
2025-11-06 14:46,NVDL,94.56,94.57,94.44,94.46,12403
2025-11-06 14:47,NVDL,94.51,94.54,94.38,94.385,9809
2025-11-06 14:48,NVDL,94.43,94.47,94.213,94.24,3210
2025-11-06 14:49,NVDL,94.26,94.34,94.1603,94.3,21345
2025-11-06 14:50,NVDL,94.275,94.36,94.19,94.34,6930
2025-11-06 14:51,NVDL,94.3999,94.4799,94.255,94.2601,15038
2025-11-06 14:52,NVDL,94.3,94.3,93.89,93.92,22882
2025-11-06 14:53,NVDL,93.91,94.2,93.89,94.18,6807
2025-11-06 14:54,NVDL,94.2,94.417,94.195,94.28,19687
2025-11-06 14:55,NVDL,94.26,94.545,94.215,94.545,9700
2025-11-06 14:56,NVDL,94.6,94.83,94.565,94.74,20159
2025-11-06 14:57,NVDL,94.73,95.02,94.73,95.02,9119
2025-11-06 14:58,NVDL,95.035,95.16,95.035,95.105,14274
2025-11-06 14:59,NVDL,95.09,95.11,94.95,95.03,7524
2025-11-06 15:00,NVDL,95.01,95.14,94.96,95.005,12883
2025-11-06 15:01,NVDL,95.01,95.01,94.76,94.76,4476
2025-11-06 15:02,NVDL,94.771,94.78,94.46,94.55,8471
2025-11-06 15:03,NVDL,94.765,94.92,94.759,94.92,5016
2025-11-06 15:04,NVDL,94.88,94.9499,94.782,94.9,3655
2025-11-06 15:05,NVDL,94.887,95.0,94.87,94.91,3967
2025-11-06 15:06,NVDL,94.83,94.83,94.58,94.67,13355
2025-11-06 15:07,NVDL,94.76,94.825,94.61,94.79,5426
2025-11-06 15:08,NVDL,94.8,94.9,94.63,94.64,6575
2025-11-06 15:09,NVDL,94.64,94.78,94.5742,94.78,8418
2025-11-06 15:10,NVDL,94.74,94.94,94.74,94.83,23197
2025-11-06 15:11,NVDL,94.79,94.9,94.72,94.75,16105
2025-11-06 15:12,NVDL,94.76,94.82,94.22,94.28,15610
2025-11-06 15:13,NVDL,94.29,94.52,94.29,94.51,8972
2025-11-06 15:14,NVDL,94.5092,94.535,94.39,94.45,12543
2025-11-06 15:15,NVDL,94.47,94.51,94.06,94.16,11164
2025-11-06 15:16,NVDL,94.12,94.33,93.93,94.285,13759
2025-11-06 15:17,NVDL,94.2317,94.4397,94.2317,94.4,7306
2025-11-06 15:18,NVDL,94.48,94.75,94.47,94.7387,6830
2025-11-06 15:19,NVDL,94.77,94.88,94.77,94.82,1232
2025-11-06 15:20,NVDL,94.81,94.84,94.7201,94.78,12248
2025-11-06 15:21,NVDL,94.77,94.9575,94.75,94.92,5146
2025-11-06 15:22,NVDL,94.99,95.0599,94.89,94.9562,18036
2025-11-06 15:23,NVDL,94.94,95.02,94.83,95.02,3038
2025-11-06 15:24,NVDL,94.9829,94.9829,94.835,94.93,4261
2025-11-06 15:25,NVDL,94.92,95.06,94.83,95.03,9609
2025-11-06 15:26,NVDL,95.04,95.11,94.8768,94.8768,14654
2025-11-06 15:27,NVDL,94.9,94.9,94.64,94.77,23392
2025-11-06 15:28,NVDL,94.785,94.785,94.65,94.69,6209
2025-11-06 15:29,NVDL,94.72,94.72,94.33,94.44,13728
2025-11-06 15:30,NVDL,94.3801,94.57,94.25,94.25,12352
2025-11-06 15:31,NVDL,94.26,94.26,93.94,94.02,19773
2025-11-06 15:32,NVDL,94.02,94.06,93.53,93.93,30142
2025-11-06 15:33,NVDL,93.9138,94.2,93.91,94.04,13084
2025-11-06 15:34,NVDL,94.03,94.44,94.0,94.42,8301
2025-11-06 15:35,NVDL,94.41,94.51,94.33,94.41,9057
2025-11-06 15:36,NVDL,94.44,94.45,94.14,94.15,10722
2025-11-06 15:37,NVDL,94.225,94.24,93.98,93.98,13284
2025-11-06 15:38,NVDL,94.02,94.06,93.835,93.91,16121
2025-11-06 15:39,NVDL,93.93,94.01,93.665,93.665,15161
2025-11-06 15:40,NVDL,93.6668,93.7999,93.47,93.49,13777
2025-11-06 15:41,NVDL,93.43,93.47,93.23,93.25,18493
2025-11-06 15:42,NVDL,93.26,93.26,92.7,92.7021,38063
2025-11-06 15:43,NVDL,92.75,93.09,92.69,93.06,56128
2025-11-06 15:44,NVDL,93.04,93.15,92.79,92.865,17762
2025-11-06 15:45,NVDL,92.88,93.15,92.74,92.86,9535
2025-11-06 15:46,NVDL,92.92,93.0,92.56,92.65,24742
2025-11-06 15:47,NVDL,92.72,92.9347,92.68,92.81,9329
2025-11-06 15:48,NVDL,92.8275,93.0201,92.65,92.97,10384
2025-11-06 15:49,NVDL,92.8132,92.86,92.52,92.52,15866
2025-11-06 15:50,NVDL,92.59,92.8646,92.3937,92.52,32043
2025-11-06 15:51,NVDL,92.66,92.74,92.35,92.51,14644
2025-11-06 15:52,NVDL,92.48,92.89,92.455,92.825,20267
2025-11-06 15:53,NVDL,92.75,92.83,92.41,92.5265,22244
2025-11-06 15:54,NVDL,92.53,92.595,91.85,91.96,60948
2025-11-06 15:55,NVDL,91.86,92.43,91.69,92.38,41639
2025-10-29 11:05,ROM,107.29,107.29,107.29,107.29,200
2025-10-29 11:07,ROM,107.42,107.43,107.42,107.43,200
2025-10-29 11:09,ROM,107.42,107.42,107.42,107.42,200
2025-10-29 11:11,ROM,107.24,107.24,107.24,107.24,200
2025-10-29 11:13,ROM,107.26,107.26,107.26,107.26,200
2025-10-29 11:15,ROM,107.22,107.22,107.22,107.22,200
2025-10-29 11:17,ROM,107.28,107.28,107.28,107.28,200
2025-10-29 11:18,ROM,107.26,107.26,107.26,107.26,900
2025-10-29 11:19,ROM,107.4,107.4,107.4,107.4,200
2025-10-29 11:21,ROM,107.42,107.42,107.42,107.42,200
2025-10-29 11:23,ROM,107.44,107.45,107.44,107.45,200
2025-10-29 11:25,ROM,107.41,107.42,107.41,107.42,200
2025-10-29 11:27,ROM,107.38,107.38,107.38,107.38,200
2025-10-29 11:29,ROM,107.36,107.36,107.36,107.36,200
2025-10-29 11:31,ROM,107.29,107.29,107.29,107.29,200
2025-10-29 11:33,ROM,107.11,107.12,107.11,107.12,200
2025-10-29 11:34,ROM,107.1059,107.1059,107.1059,107.1059,298
2025-10-29 11:36,ROM,107.16,107.16,107.16,107.16,200
2025-10-29 11:38,ROM,106.98,106.98,106.98,106.98,200
2025-10-29 11:40,ROM,107.09,107.1,107.09,107.1,200
2025-10-29 11:42,ROM,107.1,107.1,107.1,107.1,200
2025-10-29 11:44,ROM,106.96,106.97,106.96,106.97,200
2025-10-29 11:46,ROM,106.89,106.89,106.89,106.89,200
2025-10-29 11:48,ROM,106.8,106.81,106.8,106.81,200
2025-10-29 11:50,ROM,106.92,106.92,106.92,106.92,200
2025-10-29 11:52,ROM,106.97,106.97,106.97,106.97,200
2025-10-29 11:54,ROM,106.97,106.97,106.97,106.97,200
2025-10-29 11:56,ROM,106.9,106.91,106.9,106.91,200
2025-10-29 11:58,ROM,106.95,106.95,106.95,106.95,200
2025-10-29 12:01,ROM,106.8642,106.89,106.8642,106.89,441
2025-10-29 12:03,ROM,106.71,106.71,106.71,106.71,200
2025-10-29 12:05,ROM,106.51,106.51,106.51,106.51,200
2025-10-29 12:07,ROM,106.335,106.335,106.335,106.335,100
2025-10-29 12:09,ROM,106.37,106.37,106.37,106.37,200
2025-10-29 12:11,ROM,106.48,106.49,106.48,106.49,200
2025-10-29 12:14,ROM,106.53,106.53,106.53,106.53,200
2025-10-29 12:16,ROM,106.61,106.61,106.61,106.61,200
2025-10-29 12:17,ROM,106.555,106.555,106.555,106.555,1031
2025-10-29 12:18,ROM,106.61,106.61,106.61,106.61,200
2025-10-29 12:20,ROM,106.57,106.57,106.57,106.57,200
2025-10-29 12:21,ROM,106.675,106.675,106.675,106.675,100
2025-10-29 12:22,ROM,106.71,106.71,106.71,106.71,100
2025-10-29 12:24,ROM,106.84,106.85,106.84,106.85,200
2025-10-29 12:26,ROM,106.89,106.89,106.89,106.89,200
2025-10-29 12:28,ROM,106.92,106.92,106.92,106.92,200
2025-10-29 12:30,ROM,106.96,106.96,106.96,106.96,100
2025-10-29 12:32,ROM,107.0,107.01,107.0,107.01,200
2025-10-29 12:35,ROM,106.93,106.93,106.93,106.93,200
2025-10-29 12:37,ROM,106.89,106.89,106.89,106.89,200
2025-10-29 12:39,ROM,107.0,107.01,107.0,107.01,200
2025-10-29 12:41,ROM,107.07,107.07,107.07,107.07,100
2025-10-29 12:44,ROM,107.08,107.09,107.08,107.09,200
2025-10-29 12:46,ROM,107.2,107.2,107.2,107.2,200
2025-10-29 12:48,ROM,107.11,107.11,107.11,107.11,200
2025-10-29 12:50,ROM,107.09,107.09,107.09,107.09,200
2025-10-29 12:53,ROM,107.23,107.23,107.23,107.23,200
2025-10-29 12:55,ROM,107.27,107.27,107.27,107.27,200
2025-10-29 12:57,ROM,107.3,107.3,107.3,107.3,200
2025-10-29 13:00,ROM,107.27,107.27,107.27,107.27,200
2025-10-29 13:02,ROM,107.3,107.31,107.3,107.31,200
2025-10-29 13:04,ROM,107.39,107.39,107.39,107.39,200
2025-10-29 13:07,ROM,107.37,107.37,107.37,107.37,200
2025-10-29 13:09,ROM,107.3,107.3,107.3,107.3,200
2025-10-29 13:11,ROM,107.29,107.29,107.29,107.29,100
2025-10-29 13:13,ROM,107.27,107.27,107.27,107.27,100
2025-10-29 13:16,ROM,107.33,107.33,107.3099,107.3099,1200
2025-10-29 13:18,ROM,107.21,107.21,107.21,107.21,200
2025-10-29 13:20,ROM,107.105,107.105,107.105,107.105,100
2025-10-29 13:21,ROM,107.13,107.13,107.13,107.13,100
2025-10-29 13:23,ROM,107.11,107.11,107.11,107.11,100
2025-10-29 13:25,ROM,107.02,107.03,107.02,107.03,200
2025-10-29 13:26,ROM,106.9977,106.9977,106.955,106.955,1098
2025-10-29 13:29,ROM,106.988,106.988,106.988,106.988,135
2025-10-29 13:32,ROM,106.96,106.97,106.96,106.97,200
2025-10-29 13:34,ROM,107.06,107.06,107.06,107.06,200
2025-10-29 13:36,ROM,107.11,107.11,107.11,107.11,200
2025-10-29 13:38,ROM,107.05,107.05,107.05,107.05,200
2025-10-29 13:41,ROM,107.05,107.05,107.05,107.05,100
2025-10-29 13:43,ROM,107.17,107.17,107.17,107.17,200
2025-10-29 13:45,ROM,107.15,107.15,107.15,107.15,200
2025-10-29 13:48,ROM,107.27,107.27,107.27,107.27,200
2025-10-29 13:50,ROM,107.29,107.29,107.29,107.29,100
2025-10-29 13:52,ROM,107.41,107.43,107.41,107.43,300
2025-10-29 13:53,ROM,107.3904,107.3904,107.3904,107.3904,100
2025-10-29 13:54,ROM,107.31,107.31,107.31,107.31,200
2025-10-29 13:56,ROM,107.21,107.22,107.21,107.22,200
2025-10-29 13:58,ROM,107.27,107.29,107.27,107.29,200
2025-10-29 14:00,ROM,107.51,107.51,107.51,107.51,100
2025-10-29 14:01,ROM,107.44,107.44,107.44,107.44,236
2025-10-29 14:02,ROM,107.3825,107.3825,107.3825,107.3825,100
2025-10-29 14:03,ROM,107.25,107.31,107.09,107.1,600
2025-10-29 14:04,ROM,107.19,107.21,107.19,107.21,200
2025-10-29 14:05,ROM,106.99,107.0,106.99,107.0,200
2025-10-29 14:06,ROM,107.15,107.15,107.15,107.15,100
2025-10-29 14:08,ROM,107.19,107.19,107.19,107.19,200
2025-10-29 14:09,ROM,107.25,107.25,107.25,107.25,200
2025-10-29 14:10,ROM,107.15,107.17,107.13,107.13,300
2025-10-29 14:13,ROM,107.17,107.17,107.17,107.17,100
2025-10-29 14:14,ROM,107.17,107.17,107.17,107.17,200
2025-10-29 14:15,ROM,107.05,107.05,107.05,107.05,200
2025-10-29 14:17,ROM,107.17,107.17,107.17,107.17,200
2025-10-29 14:18,ROM,107.31,107.31,107.31,107.31,100
2025-10-29 14:20,ROM,107.25,107.25,107.25,107.25,200
2025-10-29 14:21,ROM,107.15,107.15,107.15,107.15,200
2025-10-29 14:23,ROM,107.09,107.09,107.09,107.09,200
2025-10-29 14:24,ROM,107.15,107.15,107.15,107.15,200
2025-10-29 14:26,ROM,107.19,107.19,107.19,107.19,200
2025-10-29 14:27,ROM,107.015,107.015,107.015,107.015,100
2025-10-29 14:29,ROM,107.17,107.17,107.17,107.17,200
2025-10-29 14:30,ROM,107.23,107.23,107.23,107.23,300
2025-10-29 14:32,ROM,107.33,107.33,107.33,107.33,100
2025-10-29 14:33,ROM,107.53,107.55,107.53,107.55,200
2025-10-29 14:35,ROM,107.43,107.43,106.31,106.31,926
2025-10-29 14:37,ROM,106.24,106.32,106.24,106.32,205
2025-10-29 14:38,ROM,106.2,106.21,106.2,106.21,200
2025-10-29 14:40,ROM,105.73,105.74,105.73,105.74,200
2025-10-29 14:41,ROM,105.92,105.92,105.92,105.92,200
2025-10-29 14:42,ROM,105.585,105.585,105.495,105.495,400
2025-10-29 14:43,ROM,105.52,105.52,105.52,105.52,135
2025-10-29 14:44,ROM,105.955,105.955,105.8616,105.8616,2464
2025-10-29 14:47,ROM,106.22,106.22,106.22,106.22,100
2025-10-29 14:48,ROM,105.67,106.02,105.67,106.02,300
2025-10-29 14:49,ROM,106.15,106.15,106.15,106.15,100
2025-10-29 14:50,ROM,106.64,106.65,106.64,106.65,200
2025-10-29 14:51,ROM,106.76,106.77,106.76,106.77,300
2025-10-29 14:53,ROM,106.88,106.88,106.88,106.88,200
2025-10-29 14:54,ROM,106.87,106.87,106.87,106.87,200
2025-10-29 14:55,ROM,106.93,107.1,106.93,107.1,200
2025-10-29 14:56,ROM,106.79,106.79,106.79,106.79,100
2025-10-29 14:57,ROM,106.9,106.9,106.89,106.89,600
2025-10-29 14:58,ROM,106.8,106.8,106.8,106.8,100
2025-10-29 14:59,ROM,106.79,106.79,106.787,106.787,750
2025-10-29 15:00,ROM,106.83,106.84,106.83,106.84,200
2025-10-29 15:01,ROM,106.75,106.75,106.75,106.75,200
2025-10-29 15:02,ROM,106.39,106.39,106.39,106.39,200
2025-10-29 15:03,ROM,106.54,106.54,106.54,106.54,100
2025-10-29 15:04,ROM,106.055,106.12,106.055,106.12,500
2025-10-29 15:05,ROM,106.2117,106.47,106.2117,106.47,325
2025-10-29 15:06,ROM,106.76,106.76,106.71,106.71,300
2025-10-29 15:07,ROM,106.94,106.94,106.94,106.94,200
2025-10-29 15:09,ROM,106.79,106.79,106.79,106.79,200
2025-10-29 15:10,ROM,106.67,106.81,106.67,106.81,434
2025-10-29 15:11,ROM,106.7,106.7,106.7,106.7,200
2025-10-29 15:12,ROM,106.89,106.89,106.89,106.89,100
2025-10-29 15:13,ROM,106.7,106.7,106.7,106.7,200
2025-10-29 15:14,ROM,106.76,106.76,106.76,106.76,200
2025-10-29 15:16,ROM,106.78,106.78,106.78,106.78,200
2025-10-29 15:17,ROM,106.74,106.74,106.74,106.74,200
2025-10-29 15:18,ROM,106.54,106.54,106.54,106.54,200
2025-10-29 15:19,ROM,106.7,106.7,106.7,106.7,200
2025-10-29 15:20,ROM,106.6,106.6,106.59,106.59,200
2025-10-29 15:21,ROM,106.71,106.7805,106.71,106.7805,390
2025-10-29 15:22,ROM,107.05,107.06,107.05,107.06,200
2025-10-29 15:23,ROM,106.83,106.92,106.83,106.92,1725
2025-10-29 15:24,ROM,106.82,106.82,106.82,106.82,200
2025-10-29 15:26,ROM,107.1,107.12,107.1,107.12,200
2025-10-29 15:27,ROM,106.95,106.96,106.95,106.96,300
2025-10-29 15:28,ROM,106.92,106.92,106.92,106.92,200
2025-10-29 15:29,ROM,106.79,106.79,106.79,106.79,200
2025-10-29 15:30,ROM,106.75,106.75,106.75,106.75,200
2025-10-29 15:31,ROM,106.73,106.74,106.73,106.74,200
2025-10-29 15:32,ROM,106.67,106.67,106.67,106.67,200
2025-10-29 15:33,ROM,106.55,106.55,106.3825,106.3825,200
2025-10-29 15:34,ROM,106.49,106.49,106.49,106.49,100
2025-10-29 15:35,ROM,106.46,106.46,106.46,106.46,200
2025-10-29 15:36,ROM,106.31,106.31,106.31,106.31,200
2025-10-29 15:37,ROM,106.5,106.51,106.5,106.51,200
2025-10-29 15:38,ROM,106.75,106.76,106.75,106.76,200
2025-10-29 15:39,ROM,106.74,106.74,106.74,106.74,200
2025-10-29 15:40,ROM,106.72,106.72,106.72,106.72,200
2025-10-29 15:41,ROM,106.63,106.63,106.63,106.63,200
2025-10-29 15:42,ROM,106.41,106.41,106.41,106.41,200
2025-10-29 15:43,ROM,106.54,106.54,106.54,106.54,200
2025-10-29 15:44,ROM,106.55,106.55,106.55,106.55,200
2025-10-29 15:45,ROM,106.78,106.8,106.78,106.8,300
2025-10-29 15:46,ROM,106.62,106.62,106.62,106.62,200
2025-10-29 15:47,ROM,106.53,106.53,106.53,106.53,200
2025-10-29 15:48,ROM,106.7,106.7,106.7,106.7,200
2025-10-29 15:49,ROM,106.86,106.86,106.77,106.77,400
2025-10-29 15:50,ROM,107.26,107.26,107.26,107.26,300
2025-10-29 15:51,ROM,107.24,107.24,107.24,107.24,200
2025-10-29 15:52,ROM,107.22,107.22,107.17,107.17,300
2025-10-29 15:53,ROM,107.23,107.23,106.9484,106.98,517
2025-10-29 15:54,ROM,107.03,107.04,107.03,107.04,200
2025-10-29 15:55,ROM,106.99,107.0185,106.99,107.0185,471
2025-10-29 15:56,ROM,106.89,106.93,106.89,106.93,500
2025-10-29 15:57,ROM,107.01,107.01,106.77,106.81,827
2025-10-29 15:58,ROM,106.88,106.93,106.87,106.87,300
2025-10-29 15:59,ROM,106.96,107.08,106.82,107.08,1282
2025-10-29 16:00,ROM,106.96,106.96,106.96,106.96,148
2025-10-30 09:30,ROM,105.46,106.1295,105.46,105.5501,5859
2025-10-30 09:33,ROM,105.54,105.54,105.54,105.54,305
2025-10-30 09:36,ROM,104.91,104.91,104.78,104.78,630
2025-10-30 09:39,ROM,104.685,104.685,104.685,104.685,120
2025-10-30 09:41,ROM,104.7174,104.7174,104.7174,104.7174,1410
2025-10-30 09:43,ROM,105.09,105.09,105.0448,105.0448,242
2025-10-30 09:49,ROM,106.06,106.06,106.06,106.06,100
2025-10-30 09:50,ROM,106.39,106.39,106.39,106.39,324
2025-10-30 09:53,ROM,106.31,106.31,106.31,106.31,166
2025-10-30 09:56,ROM,106.3745,106.3745,106.3745,106.3745,190
2025-10-30 09:59,ROM,106.415,106.415,106.415,106.415,100
2025-10-30 10:00,ROM,106.27,106.27,106.27,106.27,460
2025-10-30 10:05,ROM,106.18,106.18,106.18,106.18,100
2025-10-30 10:08,ROM,106.11,106.11,106.11,106.11,2813
2025-10-30 10:14,ROM,105.791,105.791,105.791,105.791,100
2025-10-30 10:22,ROM,105.38,105.38,105.38,105.38,100
2025-10-30 10:24,ROM,104.9,104.9,104.9,104.9,100
2025-10-30 10:37,ROM,105.28,105.28,105.28,105.28,100
2025-10-30 10:38,ROM,105.33,105.33,105.33,105.33,100
2025-10-30 10:42,ROM,105.73,105.73,105.73,105.73,100
2025-10-30 10:51,ROM,105.24,105.24,105.24,105.24,100
2025-10-30 10:55,ROM,104.9645,104.9645,104.9645,104.9645,110
2025-10-30 11:06,ROM,105.18,105.18,105.18,105.18,100
2025-10-30 11:11,ROM,105.48,105.48,105.48,105.48,100
2025-10-30 11:14,ROM,105.62,105.62,105.62,105.62,100
2025-10-30 11:22,ROM,105.57,105.57,105.57,105.57,100
2025-10-30 11:38,ROM,104.8434,104.8434,104.8434,104.8434,215
2025-10-30 11:40,ROM,104.85,104.85,104.69,104.69,200
2025-10-30 11:46,ROM,104.855,104.855,104.855,104.855,190
2025-10-30 11:48,ROM,104.77,104.77,104.77,104.77,100
2025-10-30 11:52,ROM,104.6612,104.77,104.6612,104.77,2500
2025-10-30 11:58,ROM,104.82,104.82,104.82,104.82,100
2025-10-30 12:09,ROM,105.475,105.475,105.475,105.475,100
2025-10-30 12:17,ROM,105.62,105.62,105.62,105.62,100
2025-10-30 12:36,ROM,105.26,105.27,105.26,105.27,300
2025-10-30 12:37,ROM,105.33,105.33,105.33,105.33,100
2025-10-30 12:56,ROM,105.66,105.66,105.66,105.66,100
2025-10-30 13:44,ROM,105.51,105.51,105.502,105.502,250
2025-10-30 13:52,ROM,105.8216,105.8216,105.8216,105.8216,456
2025-10-30 14:06,ROM,105.7613,105.7613,105.7613,105.7613,233
2025-10-30 14:11,ROM,105.66,105.66,105.66,105.66,100
2025-10-30 14:16,ROM,105.3,105.3,105.3,105.3,100
2025-10-30 14:54,ROM,105.41,105.41,105.4,105.4,386
2025-10-30 14:55,ROM,105.4,105.4,105.4,105.4,100
2025-10-30 14:59,ROM,105.296,105.296,105.296,105.296,100
2025-10-30 15:01,ROM,105.19,105.2,105.185,105.2,600
2025-10-30 15:09,ROM,105.08,105.08,105.08,105.08,100
2025-10-30 15:16,ROM,104.79,104.79,104.79,104.79,100
2025-10-30 15:17,ROM,104.7,104.7,104.7,104.7,100
2025-10-30 15:19,ROM,104.82,104.82,104.82,104.82,100
2025-10-30 15:28,ROM,104.645,104.645,104.645,104.645,100
2025-10-30 15:30,ROM,104.75,104.75,104.75,104.75,100
2025-10-30 15:31,ROM,104.66,104.66,104.66,104.66,100
2025-10-30 15:41,ROM,104.48,104.48,104.48,104.48,100
2025-10-30 15:49,ROM,104.48,104.48,104.48,104.48,100
2025-10-30 15:50,ROM,104.75,104.75,104.75,104.75,100
2025-10-30 16:00,ROM,104.28,104.28,104.28,104.28,136
2025-10-31 09:30,ROM,106.69,106.69,106.69,106.69,1038
2025-10-31 09:32,ROM,106.015,106.015,106.015,106.015,500
2025-10-31 09:34,ROM,106.16,106.16,106.1478,106.1478,200
2025-10-31 09:35,ROM,106.15,106.15,106.15,106.15,108
2025-10-31 09:40,ROM,105.7835,105.7835,105.7835,105.7835,653
2025-10-31 09:44,ROM,105.69,105.69,105.69,105.69,100
2025-10-31 10:29,ROM,105.36,105.36,105.36,105.36,100
2025-10-31 10:41,ROM,105.78,105.78,105.78,105.78,1192
2025-10-31 10:47,ROM,105.9737,105.9737,105.9737,105.9737,296
2025-10-31 11:03,ROM,105.85,105.8662,105.85,105.8662,471
2025-10-31 11:08,ROM,105.77,105.77,105.77,105.77,100
2025-10-31 11:44,ROM,104.69,104.76,104.69,104.74,600
2025-10-31 11:46,ROM,105.095,105.095,105.095,105.095,356
2025-10-31 11:53,ROM,104.53,104.53,104.53,104.53,1554
2025-10-31 12:08,ROM,104.3699,104.3699,104.3699,104.3699,660
2025-10-31 12:16,ROM,103.965,103.965,103.9401,103.9401,1834
2025-10-31 12:30,ROM,104.0701,104.0701,104.0701,104.0701,150
2025-10-31 12:39,ROM,104.26,104.26,104.26,104.26,133
2025-10-31 12:42,ROM,103.89,103.89,103.89,103.89,253
2025-10-31 13:16,ROM,103.28,103.325,103.27,103.29,578
2025-10-31 13:20,ROM,103.31,103.31,103.31,103.31,500
2025-10-31 13:28,ROM,103.57,103.57,103.5598,103.5598,359
2025-10-31 13:29,ROM,103.55,103.55,103.55,103.55,965
2025-10-31 13:30,ROM,103.6,103.6,103.6,103.6,100
2025-10-31 13:53,ROM,104.045,104.045,103.9885,104.012,2902
2025-10-31 13:55,ROM,103.87,103.87,103.87,103.87,200
2025-10-31 13:56,ROM,103.83,103.87,103.83,103.8699,4005
2025-10-31 14:00,ROM,103.88,103.88,103.88,103.88,100
2025-10-31 14:04,ROM,104.065,104.065,104.065,104.065,200
2025-10-31 14:09,ROM,104.1672,104.1672,104.1672,104.1672,275
2025-10-31 14:16,ROM,104.25,104.25,104.25,104.25,1150
2025-10-31 14:25,ROM,104.45,104.45,104.45,104.45,4654
2025-10-31 14:26,ROM,104.43,104.43,104.43,104.43,100
2025-10-31 14:29,ROM,104.4601,104.4601,104.4601,104.4601,100
2025-10-31 14:30,ROM,104.525,104.525,104.525,104.525,190
2025-10-31 14:34,ROM,104.49,104.495,104.49,104.495,200
2025-10-31 14:41,ROM,104.4992,104.4992,104.4992,104.4992,163
2025-10-31 14:45,ROM,104.51,104.51,104.51,104.51,100
2025-10-31 14:56,ROM,104.2,104.2,104.2,104.2,100
2025-10-31 15:15,ROM,104.72,104.72,104.71,104.72,800
2025-10-31 15:20,ROM,104.98,104.98,104.98,104.98,100
2025-10-31 15:23,ROM,105.03,105.03,105.03,105.03,100
2025-10-31 15:29,ROM,105.24,105.24,105.24,105.24,100
2025-10-31 15:39,ROM,105.21,105.21,105.21,105.21,100
2025-10-31 15:44,ROM,105.23,105.23,105.23,105.23,300
2025-10-31 15:50,ROM,105.3128,105.3128,105.3128,105.3128,100
2025-10-31 15:52,ROM,105.13,105.13,105.13,105.13,200
2025-10-31 15:54,ROM,104.995,104.995,104.875,104.875,200
2025-10-31 15:58,ROM,104.505,104.505,104.505,104.505,100
2025-10-31 15:59,ROM,104.45,104.45,104.35,104.35,443
2025-10-31 16:00,ROM,104.43,104.43,104.43,104.43,514
2025-11-03 09:30,ROM,106.49,106.49,106.49,106.49,854
2025-11-03 09:33,ROM,106.709,106.709,106.709,106.709,200
2025-11-03 09:40,ROM,105.75,105.75,105.75,105.75,199
2025-11-03 09:42,ROM,105.67,105.67,105.67,105.67,185
2025-11-03 09:47,ROM,105.6105,105.6105,105.6105,105.6105,142
2025-11-03 09:50,ROM,105.248,105.248,105.248,105.248,143
2025-11-03 09:54,ROM,105.205,105.205,105.205,105.205,100
2025-11-03 09:56,ROM,105.15,105.15,105.15,105.15,200
2025-11-03 09:58,ROM,105.13,105.13,105.13,105.13,300
2025-11-03 10:00,ROM,105.2,105.2,105.2,105.2,130
2025-11-03 10:08,ROM,104.95,105.04,104.9,105.02,1100
2025-11-03 10:17,ROM,104.76,104.76,104.76,104.76,117
2025-11-03 10:19,ROM,104.89,104.89,104.89,104.89,100
2025-11-03 10:23,ROM,104.92,104.92,104.92,104.92,300
2025-11-03 10:25,ROM,104.7899,104.7899,104.7899,104.7899,120
2025-11-03 10:26,ROM,104.49,104.49,104.455,104.455,4000
2025-11-03 10:27,ROM,104.43,104.44,104.43,104.44,300
2025-11-03 10:40,ROM,104.545,104.545,104.545,104.545,200
2025-11-03 10:44,ROM,104.63,104.63,104.63,104.63,100
2025-11-03 10:50,ROM,104.4968,104.4968,104.4968,104.4968,150
2025-11-03 11:40,ROM,104.95,104.95,104.95,104.95,183
2025-11-03 11:41,ROM,104.995,104.995,104.995,104.995,400
2025-11-03 11:47,ROM,104.96,104.96,104.95,104.95,200
2025-11-03 11:55,ROM,105.12,105.12,105.12,105.12,100
2025-11-03 12:11,ROM,105.34,105.34,105.34,105.34,100
2025-11-03 12:26,ROM,105.295,105.295,105.16,105.18,1300
2025-11-03 12:44,ROM,105.66,105.66,105.56,105.56,1000
2025-11-03 12:50,ROM,105.6723,105.6723,105.6723,105.6723,216
2025-11-03 13:56,ROM,105.77,105.77,105.71,105.71,214
2025-11-03 14:00,ROM,105.68,105.69,105.68,105.69,200
2025-11-03 14:04,ROM,105.49,105.51,105.46,105.46,900
2025-11-03 14:10,ROM,105.545,105.545,105.545,105.545,175
2025-11-03 14:20,ROM,105.2,105.2,105.2,105.2,100
2025-11-03 14:21,ROM,105.2,105.2,105.2,105.2,112
2025-11-03 14:25,ROM,105.094,105.094,105.094,105.094,100
2025-11-03 14:45,ROM,105.13,105.1967,105.13,105.1967,1605
2025-11-03 14:46,ROM,105.16,105.16,105.15,105.15,300
2025-11-03 14:48,ROM,105.2,105.2,105.15,105.15,7040
2025-11-03 14:50,ROM,105.17,105.17,105.17,105.17,100
2025-11-03 14:55,ROM,105.2989,105.2989,105.2989,105.2989,330
2025-11-03 15:01,ROM,105.25,105.25,105.23,105.23,900
2025-11-03 15:12,ROM,105.15,105.15,105.15,105.15,100
2025-11-03 15:18,ROM,105.24,105.24,105.24,105.24,100
2025-11-03 15:25,ROM,105.02,105.02,105.02,105.02,100
2025-11-03 15:35,ROM,104.92,104.92,104.92,104.92,200
2025-11-03 15:59,ROM,105.18,105.26,105.18,105.26,606
2025-11-03 16:00,ROM,105.26,105.26,105.26,105.26,194
2025-11-03 19:38,ROM,104.86,104.86,104.86,104.86,103
2025-11-04 09:30,ROM,101.4,101.4,101.4,101.4,1268
2025-11-04 09:31,ROM,101.37,101.37,101.37,101.37,230
2025-11-04 09:33,ROM,100.578,100.675,100.578,100.675,1021
2025-11-04 09:34,ROM,100.5,100.51,100.5,100.51,800
2025-11-04 09:36,ROM,100.51,100.51,100.51,100.51,100
2025-11-04 09:45,ROM,101.6396,101.6396,101.6396,101.6396,500
2025-11-04 09:48,ROM,101.49,101.49,101.48,101.48,200
2025-11-04 10:07,ROM,102.36,102.47,102.36,102.47,300
2025-11-04 10:08,ROM,102.34,102.36,102.34,102.36,200
2025-11-04 10:12,ROM,102.14,102.14,102.14,102.14,100
2025-11-04 10:17,ROM,102.242,102.242,102.242,102.242,398
2025-11-04 10:26,ROM,102.664,102.664,102.664,102.664,193
2025-11-04 10:27,ROM,102.6199,102.6199,102.6199,102.6199,128
2025-11-04 10:28,ROM,102.63,102.63,102.63,102.63,250
2025-11-04 10:30,ROM,102.4415,102.4415,102.4415,102.4415,200
2025-11-04 10:45,ROM,102.3899,102.3899,102.3899,102.3899,436
2025-11-04 10:50,ROM,102.0648,102.0648,102.0648,102.0648,1296
2025-11-04 10:54,ROM,101.859,101.88,101.84,101.84,1900
2025-11-04 10:56,ROM,101.57,101.57,101.515,101.515,741
2025-11-04 10:58,ROM,101.77,101.78,101.77,101.78,1787
2025-11-04 11:01,ROM,101.91,101.91,101.91,101.91,100
2025-11-04 11:02,ROM,101.78,101.78,101.78,101.78,100
2025-11-04 11:04,ROM,101.785,101.785,101.785,101.785,1797
2025-11-04 11:05,ROM,101.725,101.725,101.725,101.725,100
2025-11-04 11:06,ROM,101.63,101.63,101.63,101.63,100
2025-11-04 11:07,ROM,101.66,101.66,101.66,101.66,100
2025-11-04 11:10,ROM,101.54,101.54,101.54,101.54,100
2025-11-04 11:14,ROM,101.4608,101.495,101.4608,101.495,1044
2025-11-04 11:20,ROM,101.38,101.38,101.38,101.38,100
2025-11-04 11:25,ROM,101.305,101.305,101.305,101.305,100
2025-11-04 11:30,ROM,101.485,101.485,101.44,101.44,200
2025-11-04 11:35,ROM,101.53,101.559,101.53,101.559,300
2025-11-04 11:38,ROM,101.745,101.745,101.745,101.745,100
2025-11-04 11:40,ROM,101.545,101.545,101.545,101.545,100
2025-11-04 11:43,ROM,101.72,101.72,101.72,101.72,100
2025-11-04 11:50,ROM,101.26,101.26,101.205,101.26,300
2025-11-04 12:30,ROM,101.094,101.094,101.094,101.094,700
2025-11-04 12:31,ROM,101.12,101.12,101.11,101.11,200
2025-11-04 12:32,ROM,101.05,101.085,101.0201,101.085,3470
2025-11-04 12:34,ROM,101.08,101.08,101.08,101.08,100
2025-11-04 12:35,ROM,101.06,101.06,101.06,101.06,100
2025-11-04 12:40,ROM,101.02,101.02,101.02,101.02,100
2025-11-04 12:48,ROM,101.1099,101.1099,101.1099,101.1099,444
2025-11-04 12:59,ROM,100.86,100.86,100.86,100.86,100
2025-11-04 13:03,ROM,100.661,100.661,100.661,100.661,100
2025-11-04 13:06,ROM,100.5813,100.5813,100.5813,100.5813,141
2025-11-04 13:10,ROM,100.57,100.57,100.57,100.57,100
2025-11-04 13:15,ROM,100.648,100.648,100.648,100.648,100
2025-11-04 13:16,ROM,100.6517,100.6517,100.6517,100.6517,174
2025-11-04 13:21,ROM,100.32,100.53,100.32,100.53,200
2025-11-04 13:27,ROM,100.23,100.23,100.23,100.23,100
2025-11-04 13:30,ROM,100.2,100.2,100.2,100.2,100
2025-11-04 13:34,ROM,100.255,100.255,100.255,100.255,400
2025-11-04 13:35,ROM,100.2001,100.2001,100.2001,100.2001,250
2025-11-04 13:36,ROM,100.1905,100.1905,100.15,100.17,900
2025-11-04 13:41,ROM,100.14,100.14,100.14,100.14,100
2025-11-04 13:55,ROM,100.74,100.74,100.74,100.74,100
2025-11-04 13:58,ROM,100.7,100.7,100.7,100.7,100
2025-11-04 14:23,ROM,100.5129,100.5129,100.5129,100.5129,260
2025-11-04 14:38,ROM,100.0,100.0,99.87,99.87,488
2025-11-04 14:41,ROM,99.8,99.8134,99.79,99.79,300
2025-11-04 14:54,ROM,99.88,99.88,99.88,99.88,100
2025-11-04 14:57,ROM,99.83,99.83,99.83,99.83,350
2025-11-04 14:58,ROM,99.791,99.791,99.791,99.791,100
2025-11-04 14:59,ROM,99.8175,99.86,99.8175,99.86,200
2025-11-04 15:01,ROM,100.01,100.01,100.01,100.01,100
2025-11-04 15:02,ROM,99.84,99.84,99.84,99.84,100
2025-11-04 15:03,ROM,99.78,99.78,99.78,99.78,100
2025-11-04 15:06,ROM,99.9477,99.9477,99.9477,99.9477,119
2025-11-04 15:12,ROM,99.9188,99.96,99.9188,99.96,502
2025-11-04 15:18,ROM,100.095,100.095,100.0801,100.0885,960
2025-11-04 15:20,ROM,99.94,99.94,99.94,99.94,137
2025-11-04 15:27,ROM,99.8,99.8,99.8,99.8,242
2025-11-04 15:31,ROM,99.77,99.78,99.76,99.76,900
2025-11-04 15:34,ROM,99.88,99.88,99.88,99.88,310
2025-11-04 15:35,ROM,99.88,99.88,99.88,99.88,374
2025-11-04 15:37,ROM,100.09,100.09,100.03,100.03,944
2025-11-04 15:38,ROM,100.0442,100.0442,100.0442,100.0442,132
2025-11-04 15:41,ROM,100.0614,100.0614,100.0614,100.0614,100
2025-11-04 15:44,ROM,100.17,100.17,100.17,100.17,105
2025-11-04 15:47,ROM,100.09,100.09,100.09,100.09,100
2025-11-04 15:48,ROM,100.16,100.16,100.16,100.16,200
2025-11-04 15:50,ROM,99.86,99.86,99.86,99.86,100
2025-11-04 15:51,ROM,99.767,99.767,99.767,99.767,400
2025-11-04 15:52,ROM,99.609,99.72,99.609,99.679,1535
2025-11-04 15:54,ROM,99.72,99.73,99.51,99.5433,1445
2025-11-04 15:55,ROM,99.505,99.51,99.505,99.51,300
2025-11-04 15:56,ROM,99.44,99.44,99.42,99.42,398
2025-11-04 15:57,ROM,99.45,99.45,99.45,99.45,200
2025-11-04 15:58,ROM,99.59,99.6,99.59,99.6,398
2025-11-04 15:59,ROM,99.67,99.67,99.67,99.67,857
2025-11-04 16:00,ROM,99.75,99.75,99.75,99.75,1496
2025-11-05 09:30,ROM,99.11,99.29,99.11,99.29,1249
2025-11-05 09:32,ROM,99.49,99.545,99.435,99.435,3990
2025-11-05 09:36,ROM,99.05,99.05,99.05,99.05,220
2025-11-05 09:40,ROM,99.77,99.77,99.77,99.77,100
2025-11-05 09:52,ROM,100.5,100.5,100.5,100.5,285
2025-11-05 09:55,ROM,100.7137,100.7137,100.7137,100.7137,423
2025-11-05 09:56,ROM,100.4313,100.5639,100.4313,100.5639,553
2025-11-05 10:06,ROM,100.9534,100.9534,100.9534,100.9534,495
2025-11-05 10:10,ROM,100.4599,100.4599,100.401,100.4015,824
2025-11-05 10:15,ROM,100.13,100.13,100.13,100.13,300
2025-11-05 10:21,ROM,100.25,100.25,100.25,100.25,100
2025-11-05 10:27,ROM,100.9685,100.9685,100.9685,100.9685,200
2025-11-05 10:34,ROM,100.9898,101.02,100.91,100.91,400
2025-11-05 10:37,ROM,100.8885,100.8885,100.8885,100.8885,200
2025-11-05 10:39,ROM,100.81,100.81,100.75,100.75,982
2025-11-05 10:48,ROM,101.09,101.09,101.09,101.09,100
2025-11-05 11:30,ROM,101.135,101.135,101.135,101.135,100
2025-11-05 11:31,ROM,101.08,101.08,101.08,101.08,300
2025-11-05 11:35,ROM,100.985,100.985,100.985,100.985,100
2025-11-05 11:37,ROM,100.99,100.99,100.99,100.99,100
2025-11-05 11:40,ROM,100.975,100.975,100.975,100.975,100
2025-11-05 11:42,ROM,100.911,100.911,100.911,100.911,384
2025-11-05 11:46,ROM,101.3,101.3,101.3,101.3,100
2025-11-05 11:49,ROM,101.29,101.29,101.29,101.29,100
2025-11-05 11:50,ROM,101.26,101.285,101.26,101.285,300
2025-11-05 12:05,ROM,101.08,101.08,101.08,101.08,100
2025-11-05 12:08,ROM,100.9591,100.9591,100.9591,100.9591,678
2025-11-05 12:24,ROM,100.96,100.96,100.96,100.96,414
2025-11-05 12:26,ROM,101.1,101.1,101.1,101.1,100
2025-11-05 12:41,ROM,101.37,101.37,101.37,101.37,100
2025-11-05 12:46,ROM,101.31,101.3499,101.31,101.3499,200
2025-11-05 13:02,ROM,101.43,101.43,101.43,101.43,100
2025-11-05 13:24,ROM,101.43,101.43,101.43,101.43,200
2025-11-05 13:29,ROM,101.5,101.5,101.5,101.5,100
2025-11-05 13:35,ROM,101.6,101.6,101.6,101.6,247
2025-11-05 13:40,ROM,101.8215,101.8215,101.8215,101.8215,100
2025-11-05 13:56,ROM,102.02,102.02,102.02,102.02,100
2025-11-05 14:10,ROM,101.69,101.695,101.69,101.695,300
2025-11-05 14:27,ROM,101.8993,101.8993,101.8691,101.8691,984
2025-11-05 14:31,ROM,101.86,101.86,101.86,101.86,100
2025-11-05 14:39,ROM,102.029,102.039,102.029,102.039,800
2025-11-05 14:45,ROM,101.8868,101.8868,101.8868,101.8868,144
2025-11-05 14:51,ROM,101.98,101.98,101.98,101.98,100
2025-11-05 14:55,ROM,102.04,102.04,102.04,102.04,100
2025-11-05 15:00,ROM,101.88,101.8956,101.87,101.8956,620
2025-11-05 15:03,ROM,101.9355,101.9355,101.9355,101.9355,729
2025-11-05 15:04,ROM,101.87,101.87,101.87,101.87,100
2025-11-05 15:08,ROM,101.73,101.73,101.73,101.73,100
2025-11-05 15:10,ROM,101.81,101.81,101.81,101.81,857
2025-11-05 15:11,ROM,101.87,101.87,101.87,101.87,100
2025-11-05 15:14,ROM,101.89,101.89,101.89,101.89,200
2025-11-05 15:16,ROM,101.9001,101.9001,101.9001,101.9001,128
2025-11-05 15:25,ROM,101.75,101.75,101.75,101.75,100
2025-11-05 15:28,ROM,101.65,101.65,101.65,101.65,150
2025-11-05 15:38,ROM,101.48,101.48,101.48,101.48,100
2025-11-05 15:39,ROM,101.47,101.47,101.47,101.47,100
2025-11-05 15:50,ROM,101.0,101.0,101.0,101.0,100
2025-11-05 15:52,ROM,100.97,100.97,100.97,100.97,207
2025-11-05 15:59,ROM,100.51,100.51,100.48,100.48,200
2025-11-05 16:00,ROM,100.45,100.45,100.45,100.45,201
2025-11-06 09:30,ROM,100.17,100.17,99.87,99.87,1030
2025-11-06 09:33,ROM,99.7325,99.7325,99.7325,99.7325,992
2025-11-06 09:35,ROM,99.875,99.875,99.875,99.875,130
2025-11-06 09:46,ROM,99.6801,99.705,99.6801,99.705,986
2025-11-06 09:50,ROM,99.52,99.52,99.48,99.48,700
2025-11-06 09:57,ROM,98.422,98.422,98.422,98.422,884
2025-11-06 10:00,ROM,98.01,98.02,98.01,98.02,220
2025-11-06 10:01,ROM,98.0699,98.0699,98.0699,98.0699,100
2025-11-06 10:05,ROM,97.8655,97.8655,97.82,97.82,340
2025-11-06 10:06,ROM,98.05,98.05,98.05,98.05,618
2025-11-06 10:19,ROM,98.456,98.456,98.456,98.456,100
2025-11-06 10:20,ROM,98.63,98.63,98.63,98.63,300
2025-11-06 10:34,ROM,97.9004,97.9004,97.9004,97.9004,189
2025-11-06 10:50,ROM,96.98,96.98,96.8774,96.8774,1020
2025-11-06 10:51,ROM,97.15,97.26,97.14,97.26,500
2025-11-06 10:53,ROM,96.6646,96.6646,96.6646,96.6646,650
2025-11-06 10:57,ROM,96.6105,96.6105,96.6105,96.6105,150
2025-11-06 10:58,ROM,96.5,96.5,96.495,96.495,334
2025-11-06 10:59,ROM,96.4989,96.4989,96.4989,96.4989,103
2025-11-06 11:25,ROM,96.6,96.6,96.49,96.49,583
2025-11-06 11:27,ROM,96.64,96.64,96.64,96.64,100
2025-11-06 11:34,ROM,96.7,96.7,96.7,96.7,393
2025-11-06 11:43,ROM,96.12,96.12,96.12,96.12,100
2025-11-06 11:44,ROM,96.1231,96.1231,96.1231,96.1231,200
2025-11-06 11:52,ROM,96.38,96.38,96.38,96.38,530
2025-11-06 11:56,ROM,95.81,95.81,95.761,95.761,461
2025-11-06 12:10,ROM,96.395,96.395,96.395,96.395,100
2025-11-06 12:21,ROM,95.85,95.85,95.85,95.85,255
2025-11-06 12:26,ROM,95.4,95.4,95.4,95.4,195
2025-11-06 12:27,ROM,95.665,95.665,95.665,95.665,300
2025-11-06 12:33,ROM,96.11,96.11,96.11,96.11,100
2025-11-06 12:37,ROM,96.2615,96.2615,96.2615,96.2615,480
2025-11-06 13:59,ROM,96.94,96.94,96.94,96.94,328
2025-11-06 14:11,ROM,97.595,97.595,97.595,97.595,200
2025-11-06 14:41,ROM,97.72,97.741,97.72,97.7201,3700
2025-11-06 15:00,ROM,97.89,97.93,97.89,97.93,200
2025-11-06 15:09,ROM,97.6901,97.6901,97.6901,97.6901,934
2025-11-06 15:10,ROM,97.8929,97.8929,97.8929,97.8929,173
2025-11-06 15:13,ROM,97.68,97.68,97.68,97.68,100
2025-11-06 15:24,ROM,97.7,97.7,97.7,97.7,300
2025-11-06 15:36,ROM,97.48,97.48,97.48,97.48,100
2025-11-06 15:40,ROM,97.24,97.25,97.18,97.18,500
2025-11-06 15:41,ROM,97.09,97.09,97.09,97.09,150
2025-11-06 15:43,ROM,96.89,96.89,96.89,96.89,400
2025-11-06 15:45,ROM,96.77,96.77,96.77,96.77,100
2025-11-06 15:48,ROM,96.57,96.57,96.52,96.52,380
2025-11-06 15:51,ROM,96.535,96.535,96.535,96.535,103
2025-11-06 15:52,ROM,96.71,96.7189,96.69,96.7189,482
2025-11-06 15:53,ROM,96.59,96.595,96.59,96.595,280
2025-11-06 15:54,ROM,96.59,96.59,96.59,96.59,400
2025-11-05 09:42,SDOW,34.4797,34.5,34.465,34.48,9835
2025-11-05 09:43,SDOW,34.48,34.5,34.4399,34.4399,5000
2025-11-05 09:44,SDOW,34.46,34.54,34.44,34.54,10287
2025-11-05 09:45,SDOW,34.53,34.53,34.44,34.46,32714
2025-11-05 09:46,SDOW,34.435,34.4482,34.35,34.36,27088
2025-11-05 09:47,SDOW,34.36,34.365,34.26,34.29,25438
2025-11-05 09:48,SDOW,34.28,34.3044,34.27,34.28,13450
2025-11-05 09:49,SDOW,34.27,34.275,34.1713,34.175,22357
2025-11-05 09:50,SDOW,34.21,34.22,34.16,34.17,14850
2025-11-05 09:51,SDOW,34.15,34.155,34.045,34.045,18495
2025-11-05 09:52,SDOW,34.05,34.11,34.05,34.1,15310
2025-11-05 09:53,SDOW,34.1,34.145,34.1,34.1003,11470
2025-11-05 09:54,SDOW,34.1,34.1155,34.08,34.085,8454
2025-11-05 09:55,SDOW,34.09,34.12,34.09,34.09,8002
2025-11-05 09:56,SDOW,34.1,34.14,34.095,34.11,15569
2025-11-05 09:57,SDOW,34.1,34.1,34.0645,34.08,15742
2025-11-05 09:58,SDOW,34.08,34.12,34.07,34.11,4895
2025-11-05 09:59,SDOW,34.14,34.16,34.14,34.14,11824
2025-11-05 10:00,SDOW,34.16,34.26,34.15,34.26,24141
2025-11-05 10:01,SDOW,34.23,34.26,34.22,34.23,9232
2025-11-05 10:02,SDOW,34.21,34.29,34.2,34.28,6024
2025-11-05 10:03,SDOW,34.27,34.285,34.2652,34.27,9381
2025-11-05 10:04,SDOW,34.275,34.275,34.19,34.19,21110
2025-11-05 10:05,SDOW,34.18,34.21,34.13,34.13,20235
2025-11-05 10:06,SDOW,34.13,34.13,34.09,34.11,23112
2025-11-05 10:07,SDOW,34.11,34.13,34.1086,34.11,4332
2025-11-05 10:08,SDOW,34.1,34.11,34.05,34.06,9295
2025-11-05 10:09,SDOW,34.04,34.11,34.04,34.1,11254
2025-11-05 10:10,SDOW,34.1,34.15,34.095,34.095,18300
2025-11-05 10:11,SDOW,34.1065,34.16,34.1,34.1,16683
2025-11-05 10:12,SDOW,34.105,34.1294,34.09,34.115,8083
2025-11-05 10:13,SDOW,34.115,34.16,34.105,34.15,10084
2025-11-05 10:14,SDOW,34.14,34.195,34.13,34.18,12021
2025-11-05 10:15,SDOW,34.21,34.24,34.2,34.23,11391
2025-11-05 10:16,SDOW,34.23,34.2302,34.1914,34.23,7053
2025-11-05 10:17,SDOW,34.21,34.24,34.2,34.24,1830
2025-11-05 10:18,SDOW,34.23,34.24,34.19,34.19,18901
2025-11-05 10:19,SDOW,34.19,34.26,34.19,34.2404,5346
2025-11-05 10:20,SDOW,34.25,34.3,34.24,34.28,18281
2025-11-05 10:21,SDOW,34.28,34.38,34.28,34.3478,48268
2025-11-05 10:22,SDOW,34.3352,34.35,34.23,34.23,17631
2025-11-05 10:23,SDOW,34.23,34.24,34.18,34.2,9742
2025-11-05 10:24,SDOW,34.2,34.22,34.19,34.19,6775
2025-11-05 10:25,SDOW,34.19,34.27,34.17,34.26,8092
2025-11-05 10:26,SDOW,34.27,34.27,34.19,34.195,2700
2025-11-05 10:27,SDOW,34.21,34.215,34.19,34.21,2000
2025-11-05 10:28,SDOW,34.215,34.215,34.16,34.17,10158
2025-11-05 10:29,SDOW,34.16,34.25,34.16,34.25,13311
2025-11-05 10:30,SDOW,34.2498,34.25,34.19,34.22,11831
2025-11-05 10:31,SDOW,34.21,34.23,34.2,34.23,9300
2025-11-05 10:32,SDOW,34.22,34.28,34.22,34.265,4184
2025-11-05 10:33,SDOW,34.27,34.2782,34.235,34.24,1300
2025-11-05 10:34,SDOW,34.23,34.23,34.19,34.215,2900
2025-11-05 10:35,SDOW,34.23,34.235,34.2,34.21,8088
2025-11-05 10:36,SDOW,34.24,34.28,34.24,34.25,4561
2025-11-05 10:37,SDOW,34.235,34.29,34.235,34.29,2061
2025-11-05 10:38,SDOW,34.27,34.28,34.25,34.25,5100
2025-11-05 10:39,SDOW,34.25,34.28,34.25,34.28,1515
2025-11-05 10:40,SDOW,34.265,34.27,34.26,34.27,10918
2025-11-05 10:41,SDOW,34.2712,34.28,34.245,34.28,8146
2025-11-05 10:42,SDOW,34.28,34.32,34.28,34.295,25973
2025-11-05 10:43,SDOW,34.3,34.33,34.27,34.27,7999
2025-11-05 10:44,SDOW,34.27,34.31,34.2645,34.31,9500
2025-11-05 10:45,SDOW,34.31,34.355,34.31,34.34,3816
2025-11-05 10:46,SDOW,34.33,34.34,34.3,34.3,3343
2025-11-05 10:47,SDOW,34.31,34.33,34.31,34.32,1300
2025-11-05 10:48,SDOW,34.325,34.325,34.3,34.32,2239
2025-11-05 10:49,SDOW,34.33,34.345,34.315,34.325,3169
2025-11-05 10:50,SDOW,34.33,34.39,34.325,34.385,8106
2025-11-05 10:51,SDOW,34.425,34.425,34.3945,34.4,5083
2025-11-05 10:52,SDOW,34.4026,34.43,34.4,34.41,16095
2025-11-05 10:53,SDOW,34.42,34.44,34.4196,34.425,4323
2025-11-05 10:54,SDOW,34.42,34.42,34.37,34.37,9697
2025-11-05 10:55,SDOW,34.375,34.42,34.375,34.41,9361
2025-11-05 10:56,SDOW,34.41,34.43,34.41,34.41,5487
2025-11-05 10:57,SDOW,34.4,34.43,34.38,34.42,19500
2025-11-05 10:58,SDOW,34.4218,34.44,34.38,34.38,2637
2025-11-05 10:59,SDOW,34.37,34.38,34.32,34.3201,16475
2025-11-05 11:00,SDOW,34.325,34.41,34.325,34.4,3960
2025-11-05 11:01,SDOW,34.38,34.38,34.322,34.322,8222
2025-11-05 11:02,SDOW,34.32,34.345,34.31,34.345,15039
2025-11-05 11:03,SDOW,34.35,34.44,34.35,34.44,21274
2025-11-05 11:04,SDOW,34.43,34.44,34.39,34.395,15326
2025-11-05 11:05,SDOW,34.4,34.407,34.35,34.35,12852
2025-11-05 11:06,SDOW,34.355,34.38,34.34,34.375,10402
2025-11-05 11:07,SDOW,34.39,34.4,34.37,34.4,11845
2025-11-05 11:08,SDOW,34.415,34.45,34.415,34.44,14718
2025-11-05 11:09,SDOW,34.445,34.4594,34.41,34.41,8325
2025-11-05 11:10,SDOW,34.42,34.47,34.42,34.46,9388
2025-11-05 11:11,SDOW,34.46,34.4885,34.445,34.45,9350
2025-11-05 11:12,SDOW,34.45,34.5085,34.45,34.48,11775
2025-11-05 11:13,SDOW,34.4799,34.51,34.4799,34.4965,8251
2025-11-05 11:14,SDOW,34.49,34.52,34.49,34.5,16929
2025-11-05 11:15,SDOW,34.48,34.4871,34.46,34.4655,7120
2025-11-05 11:16,SDOW,34.47,34.48,34.435,34.45,15242
2025-11-05 11:17,SDOW,34.45,34.48,34.45,34.47,3100
2025-11-05 11:18,SDOW,34.49,34.49,34.46,34.46,1700
2025-11-05 11:19,SDOW,34.45,34.47,34.45,34.47,1652
2025-11-05 11:20,SDOW,34.48,34.51,34.48,34.51,2350
2025-11-05 11:21,SDOW,34.525,34.525,34.5,34.52,2177
2025-11-05 11:22,SDOW,34.5282,34.53,34.4852,34.4855,4879
2025-11-05 11:23,SDOW,34.5,34.51,34.48,34.48,6050
2025-11-05 11:24,SDOW,34.47,34.47,34.38,34.38,11358
2025-11-05 11:25,SDOW,34.38,34.385,34.36,34.36,5601
2025-11-05 11:26,SDOW,34.34,34.35,34.33,34.3313,3200
2025-11-05 11:27,SDOW,34.35,34.37,34.3398,34.3398,3300
2025-11-05 11:28,SDOW,34.345,34.37,34.3401,34.365,13139
2025-11-05 11:29,SDOW,34.36,34.36,34.34,34.355,34004
2025-11-05 11:30,SDOW,34.3555,34.3555,34.3145,34.34,11750
2025-11-05 11:31,SDOW,34.33,34.33,34.31,34.31,1600
2025-11-05 11:32,SDOW,34.315,34.3465,34.3065,34.3465,9124
2025-11-05 11:33,SDOW,34.3455,34.3455,34.32,34.325,5948
2025-11-05 11:34,SDOW,34.325,34.325,34.2906,34.3,3700
2025-11-05 11:35,SDOW,34.315,34.335,34.3046,34.335,400
2025-11-05 11:36,SDOW,34.325,34.345,34.325,34.335,1300
2025-11-05 11:37,SDOW,34.285,34.29,34.275,34.275,2146
2025-11-05 11:38,SDOW,34.28,34.29,34.28,34.29,600
2025-11-05 11:39,SDOW,34.26,34.26,34.255,34.255,12800
2025-11-05 11:40,SDOW,34.2401,34.2401,34.195,34.195,37783
2025-11-05 11:41,SDOW,34.2,34.22,34.2,34.22,7400
2025-11-05 11:42,SDOW,34.2,34.24,34.2,34.23,14835
2025-11-05 11:43,SDOW,34.25,34.25,34.215,34.22,2900
2025-11-05 11:44,SDOW,34.22,34.22,34.21,34.21,1800
2025-11-05 11:45,SDOW,34.23,34.23,34.2,34.2,1900
2025-11-05 11:46,SDOW,34.2,34.21,34.2,34.2,10400
2025-11-05 11:47,SDOW,34.1899,34.19,34.18,34.18,6445
2025-11-05 11:48,SDOW,34.19,34.19,34.13,34.14,17286
2025-11-05 11:49,SDOW,34.1353,34.1353,34.09,34.1,6630
2025-11-05 11:50,SDOW,34.11,34.12,34.06,34.06,10929
2025-11-05 11:51,SDOW,34.0546,34.095,34.0546,34.08,8140
2025-11-05 11:52,SDOW,34.09,34.095,34.08,34.09,14811
2025-11-05 11:53,SDOW,34.09,34.09,34.045,34.045,8855
2025-11-05 11:54,SDOW,34.055,34.08,34.05,34.07,3317
2025-11-05 11:55,SDOW,34.085,34.12,34.085,34.12,7834
2025-11-05 11:56,SDOW,34.11,34.11,34.08,34.085,13953
2025-11-05 11:57,SDOW,34.09,34.09,34.08,34.08,12700
2025-11-05 11:58,SDOW,34.08,34.08,34.07,34.07,2517
2025-11-05 11:59,SDOW,34.1,34.11,34.1,34.1,5539
2025-11-05 12:00,SDOW,34.1,34.1,34.09,34.1,2120
2025-11-05 12:01,SDOW,34.0899,34.1,34.07,34.07,10989
2025-11-05 12:02,SDOW,34.04,34.04,33.98,34.01,37764
2025-11-05 12:03,SDOW,34.0,34.03,34.0,34.0295,8237
2025-11-05 12:04,SDOW,34.02,34.02,34.01,34.02,7803
2025-11-05 12:05,SDOW,34.02,34.02,33.995,34.02,6000
2025-11-05 12:06,SDOW,34.01,34.01,33.9852,33.9852,2500
2025-11-05 12:07,SDOW,33.9988,34.01,33.9988,33.9999,3655
2025-11-05 12:08,SDOW,33.98,33.985,33.955,33.965,4550
2025-11-05 12:09,SDOW,33.97,33.98,33.97,33.97,4800
2025-11-05 12:10,SDOW,33.98,33.98,33.9501,33.9501,11155
2025-11-05 12:11,SDOW,33.95,33.96,33.9145,33.915,5959
2025-11-05 12:12,SDOW,33.92,33.92,33.9035,33.9035,5398
2025-11-05 12:13,SDOW,33.93,33.9395,33.925,33.935,2600
2025-11-05 12:14,SDOW,33.93,33.95,33.9201,33.95,4000
2025-11-05 12:15,SDOW,33.945,33.9487,33.91,33.92,3800
2025-11-05 12:16,SDOW,33.925,33.93,33.925,33.93,2200
2025-11-05 12:17,SDOW,33.93,33.94,33.93,33.94,853
2025-11-05 12:18,SDOW,33.9537,33.9537,33.9245,33.9245,8800
2025-11-05 12:19,SDOW,33.92,33.92,33.89,33.89,2825
2025-11-05 12:20,SDOW,33.9014,33.9014,33.88,33.88,5159
2025-11-05 12:21,SDOW,33.8683,33.8686,33.85,33.85,14679
2025-11-05 12:22,SDOW,33.8452,33.85,33.84,33.85,11014
2025-11-05 12:23,SDOW,33.86,33.86,33.855,33.86,3798
2025-11-05 12:24,SDOW,33.86,33.86,33.8445,33.85,5138
2025-11-05 12:25,SDOW,33.84,33.85,33.8299,33.83,3949
2025-11-05 12:26,SDOW,33.835,33.84,33.8199,33.8199,5150
2025-11-05 12:27,SDOW,33.81,33.81,33.7887,33.7887,50178
2025-11-05 12:28,SDOW,33.78,33.78,33.77,33.78,4566
2025-11-05 12:29,SDOW,33.785,33.785,33.7599,33.7699,5110
2025-11-05 12:30,SDOW,33.76,33.7691,33.76,33.7655,739
2025-11-05 12:31,SDOW,33.765,33.765,33.7235,33.7387,10052
2025-11-05 12:32,SDOW,33.73,33.74,33.725,33.7382,3750
2025-11-05 12:33,SDOW,33.73,33.75,33.73,33.74,4509
2025-11-05 12:34,SDOW,33.72,33.72,33.695,33.7006,2817
2025-11-05 12:35,SDOW,33.72,33.72,33.695,33.6955,6320
2025-11-05 12:36,SDOW,33.685,33.685,33.6705,33.6756,1325
2025-11-05 12:37,SDOW,33.67,33.67,33.64,33.64,12200
2025-11-05 12:38,SDOW,33.63,33.65,33.63,33.6413,10450
2025-11-05 12:39,SDOW,33.65,33.6595,33.65,33.6504,4320
2025-11-05 12:40,SDOW,33.64,33.665,33.64,33.655,3655
2025-11-05 12:41,SDOW,33.67,33.71,33.665,33.7059,11278
2025-11-05 12:42,SDOW,33.7,33.7135,33.6945,33.7052,3375
2025-11-05 12:43,SDOW,33.71,33.72,33.6904,33.6904,12357
2025-11-05 12:44,SDOW,33.695,33.7156,33.695,33.7156,3000
2025-11-05 12:45,SDOW,33.72,33.755,33.715,33.7508,7878
2025-11-05 12:46,SDOW,33.77,33.7939,33.77,33.79,4200
2025-11-05 12:47,SDOW,33.795,33.815,33.795,33.8094,45311
2025-11-05 12:48,SDOW,33.81,33.8186,33.7855,33.7915,5850
2025-11-05 12:49,SDOW,33.805,33.82,33.8014,33.82,1450
2025-11-05 12:50,SDOW,33.8045,33.81,33.8,33.81,1263
2025-11-05 12:51,SDOW,33.8196,33.835,33.815,33.835,1700
2025-11-05 12:52,SDOW,33.8318,33.84,33.83,33.84,1778
2025-11-05 12:53,SDOW,33.81,33.81,33.8001,33.8035,750
2025-11-05 12:54,SDOW,33.8,33.8188,33.8,33.805,1400
2025-11-05 12:55,SDOW,33.82,33.82,33.82,33.82,100
2025-11-05 12:56,SDOW,33.8292,33.845,33.8292,33.835,25556
2025-11-05 12:57,SDOW,33.83,33.83,33.8,33.8,6744
2025-11-05 12:58,SDOW,33.8,33.8,33.79,33.79,1970
2025-11-05 12:59,SDOW,33.7855,33.81,33.7855,33.81,9300
2025-11-05 13:00,SDOW,33.815,33.84,33.815,33.83,3254
2025-11-05 13:01,SDOW,33.83,33.83,33.79,33.795,4547
2025-11-05 13:02,SDOW,33.8,33.8,33.77,33.77,48520
2025-11-05 13:03,SDOW,33.77,33.7722,33.7665,33.7665,6475
2025-11-05 13:04,SDOW,33.76,33.76,33.755,33.755,800
2025-11-05 13:05,SDOW,33.78,33.78,33.78,33.78,1449
2025-11-05 13:06,SDOW,33.765,33.765,33.76,33.76,900
2025-11-05 13:07,SDOW,33.78,33.78,33.78,33.78,1050
2025-11-05 13:08,SDOW,33.78,33.78,33.78,33.78,2500
2025-11-05 13:09,SDOW,33.79,33.79,33.7745,33.7745,1400
2025-11-05 13:10,SDOW,33.7745,33.7745,33.7745,33.7745,104
2025-11-05 13:11,SDOW,33.8099,33.825,33.8099,33.825,1600
2025-11-05 13:12,SDOW,33.8015,33.81,33.8015,33.81,700
2025-11-05 13:13,SDOW,33.81,33.815,33.81,33.81,3500
2025-11-05 13:14,SDOW,33.8,33.8,33.8,33.8,400
2025-11-05 13:15,SDOW,33.785,33.785,33.78,33.78,3000
2025-11-05 13:16,SDOW,33.77,33.77,33.77,33.77,600
2025-11-05 13:17,SDOW,33.75,33.765,33.75,33.7645,5000
2025-11-05 13:18,SDOW,33.77,33.77,33.76,33.77,1000
2025-11-05 13:19,SDOW,33.78,33.79,33.78,33.79,6500
2025-11-05 13:20,SDOW,33.7952,33.81,33.789,33.81,7713
2025-11-05 13:21,SDOW,33.7956,33.825,33.785,33.825,1452
2025-11-05 13:22,SDOW,33.81,33.825,33.81,33.81,4500
2025-11-05 13:24,SDOW,33.82,33.82,33.82,33.82,200
2025-11-05 13:25,SDOW,33.8169,33.8169,33.8,33.8,400
2025-11-05 13:26,SDOW,33.8092,33.8231,33.8092,33.8231,399
2025-11-05 13:27,SDOW,33.8185,33.84,33.8185,33.84,700
2025-11-05 13:28,SDOW,33.805,33.805,33.805,33.805,300
2025-11-05 13:29,SDOW,33.81,33.815,33.809,33.809,775
2025-11-05 13:30,SDOW,33.82,33.82,33.82,33.82,900
2025-11-05 13:32,SDOW,33.83,33.83,33.83,33.83,300
2025-11-05 13:33,SDOW,33.82,33.82,33.803,33.803,1500
2025-11-05 13:34,SDOW,33.8035,33.8035,33.79,33.79,400
2025-11-05 13:35,SDOW,33.795,33.795,33.795,33.795,200
2025-11-05 13:36,SDOW,33.78,33.78,33.76,33.76,1119
2025-11-05 13:37,SDOW,33.76,33.76,33.76,33.76,500
2025-11-05 13:38,SDOW,33.75,33.75,33.7486,33.7486,400
2025-11-05 13:39,SDOW,33.7305,33.74,33.73,33.7306,725
2025-11-05 13:40,SDOW,33.7301,33.7665,33.7301,33.7665,763
2025-11-05 13:41,SDOW,33.7653,33.77,33.7653,33.77,635
2025-11-05 13:42,SDOW,33.7699,33.785,33.7699,33.785,510
2025-11-05 13:43,SDOW,33.795,33.8,33.795,33.7999,7000
2025-11-05 13:44,SDOW,33.795,33.795,33.795,33.795,1200
2025-11-05 13:45,SDOW,33.825,33.825,33.8052,33.8052,2265
2025-11-05 13:46,SDOW,33.8,33.81,33.8,33.8082,901
2025-11-05 13:47,SDOW,33.815,33.815,33.8,33.8,5077
2025-11-05 13:48,SDOW,33.81,33.81,33.805,33.8058,1490
2025-11-05 13:49,SDOW,33.81,33.81,33.805,33.805,673
2025-11-05 13:50,SDOW,33.825,33.825,33.82,33.825,765
2025-11-05 13:51,SDOW,33.8201,33.825,33.81,33.81,4765
2025-11-05 13:52,SDOW,33.82,33.8218,33.82,33.8218,700
2025-11-05 13:53,SDOW,33.83,33.84,33.8299,33.84,1700
2025-11-05 13:54,SDOW,33.825,33.825,33.8201,33.8201,3600
2025-11-05 13:55,SDOW,33.835,33.8354,33.835,33.8354,600
2025-11-05 13:56,SDOW,33.83,33.83,33.83,33.83,100
2025-11-05 13:57,SDOW,33.81,33.82,33.81,33.82,6528
2025-11-05 13:58,SDOW,33.8155,33.82,33.81,33.82,700
2025-11-05 14:00,SDOW,33.825,33.83,33.8135,33.8135,1742
2025-11-05 14:01,SDOW,33.82,33.85,33.82,33.85,6000
2025-11-05 14:02,SDOW,33.87,33.87,33.87,33.87,7900
2025-11-05 14:03,SDOW,33.86,33.86,33.85,33.85,1200
2025-11-05 14:04,SDOW,33.85,33.8556,33.85,33.855,1700
2025-11-05 14:05,SDOW,33.845,33.845,33.83,33.84,3100
2025-11-05 14:06,SDOW,33.84,33.86,33.84,33.86,5800
2025-11-05 14:07,SDOW,33.86,33.86,33.85,33.85,3337
2025-11-05 14:08,SDOW,33.86,33.875,33.86,33.87,1864
2025-11-05 14:09,SDOW,33.8603,33.8603,33.855,33.86,3540
2025-11-05 14:10,SDOW,33.86,33.89,33.85,33.89,11314
2025-11-05 14:11,SDOW,33.89,33.89,33.87,33.87,15578
2025-11-05 14:12,SDOW,33.85,33.85,33.83,33.83,1800
2025-11-05 14:14,SDOW,33.825,33.825,33.81,33.81,4200
2025-11-05 14:15,SDOW,33.78,33.78,33.7685,33.7685,348
2025-11-05 14:16,SDOW,33.75,33.75,33.74,33.75,3774
2025-11-05 14:18,SDOW,33.75,33.75,33.749,33.749,2800
2025-11-05 14:19,SDOW,33.7465,33.7465,33.7452,33.7452,430
2025-11-05 14:20,SDOW,33.775,33.775,33.775,33.775,1000
2025-11-05 14:22,SDOW,33.82,33.82,33.815,33.8199,7000
2025-11-05 14:23,SDOW,33.81,33.81,33.81,33.81,5000
2025-11-05 14:24,SDOW,33.79,33.802,33.79,33.802,5100
2025-11-05 14:25,SDOW,33.805,33.805,33.805,33.805,200
2025-11-05 14:28,SDOW,33.81,33.81,33.81,33.81,200
2025-11-05 14:29,SDOW,33.8185,33.8185,33.8185,33.8185,500
2025-11-05 14:31,SDOW,33.8,33.8,33.8,33.8,1359
2025-11-05 14:32,SDOW,33.775,33.775,33.775,33.775,1200
2025-11-05 14:34,SDOW,33.8046,33.8046,33.8046,33.8046,200
2025-11-05 14:35,SDOW,33.8065,33.8065,33.8065,33.8065,100
2025-11-05 14:37,SDOW,33.82,33.82,33.82,33.82,1500
2025-11-05 14:38,SDOW,33.82,33.82,33.82,33.82,1750
2025-11-05 14:40,SDOW,33.8203,33.825,33.8203,33.825,500
2025-11-05 14:41,SDOW,33.8274,33.8274,33.8198,33.8198,2800
2025-11-05 14:42,SDOW,33.8138,33.8144,33.81,33.8144,2929
2025-11-05 14:43,SDOW,33.8122,33.8122,33.805,33.805,500
2025-11-05 14:45,SDOW,33.81,33.8109,33.795,33.7999,3063
2025-11-05 14:47,SDOW,33.805,33.81,33.8,33.81,3300
2025-11-05 14:48,SDOW,33.82,33.82,33.81,33.81,5010
2025-11-05 14:49,SDOW,33.82,33.82,33.815,33.815,405
2025-11-05 14:50,SDOW,33.82,33.82,33.81,33.81,4000
2025-11-05 14:52,SDOW,33.8255,33.8255,33.825,33.825,900
2025-11-05 14:54,SDOW,33.82,33.82,33.815,33.815,800
2025-11-05 14:55,SDOW,33.8199,33.825,33.815,33.82,1004
2025-11-05 14:56,SDOW,33.8203,33.83,33.8203,33.83,3100
2025-11-05 14:57,SDOW,33.83,33.83,33.81,33.815,1433
2025-11-05 14:58,SDOW,33.82,33.82,33.815,33.815,3722
2025-11-05 15:00,SDOW,33.8,33.8,33.8,33.8,1750
2025-11-05 15:01,SDOW,33.8,33.8,33.78,33.785,3000
2025-11-05 15:02,SDOW,33.79,33.79,33.7709,33.7709,615
2025-11-05 15:03,SDOW,33.7718,33.7718,33.7718,33.7718,100
2025-11-05 15:04,SDOW,33.77,33.77,33.77,33.77,1600
2025-11-05 15:05,SDOW,33.765,33.77,33.765,33.77,17240
2025-11-05 15:06,SDOW,33.78,33.78,33.78,33.78,600
2025-11-05 15:07,SDOW,33.7801,33.7801,33.771,33.775,2520
2025-11-05 15:08,SDOW,33.76,33.765,33.76,33.765,2675
2025-11-05 15:09,SDOW,33.7682,33.77,33.7682,33.7697,500
2025-11-05 15:10,SDOW,33.755,33.765,33.755,33.7552,2200
2025-11-05 15:11,SDOW,33.765,33.7701,33.765,33.765,2602
2025-11-05 15:12,SDOW,33.775,33.775,33.775,33.775,2000
2025-11-05 15:13,SDOW,33.77,33.77,33.765,33.765,1200
2025-11-05 15:14,SDOW,33.7699,33.7699,33.7615,33.769,738
2025-11-05 15:15,SDOW,33.7685,33.7685,33.7515,33.7515,2500
2025-11-05 15:16,SDOW,33.7515,33.78,33.7515,33.78,2500
2025-11-05 15:17,SDOW,33.785,33.79,33.785,33.79,700
2025-11-05 15:18,SDOW,33.795,33.795,33.78,33.7835,8700
2025-11-05 15:19,SDOW,33.7797,33.7797,33.77,33.77,3281
2025-11-05 15:20,SDOW,33.7798,33.78,33.77,33.775,7464
2025-11-05 15:21,SDOW,33.775,33.775,33.775,33.775,300
2025-11-05 15:23,SDOW,33.755,33.76,33.755,33.76,1506
2025-11-05 15:24,SDOW,33.76,33.76,33.752334,33.7548,698
2025-11-05 15:25,SDOW,33.765,33.7894,33.765,33.7894,1600
2025-11-05 15:26,SDOW,33.805,33.805,33.805,33.805,400
2025-11-05 15:27,SDOW,33.8,33.81,33.7999,33.81,5400
2025-11-05 15:28,SDOW,33.8256,33.8256,33.805,33.805,2400
2025-11-05 15:29,SDOW,33.8202,33.825,33.8202,33.825,2700
2025-11-05 15:30,SDOW,33.815,33.815,33.75,33.75,17550
2025-11-05 15:31,SDOW,33.74,33.76,33.74,33.75,1891
2025-11-05 15:32,SDOW,33.74,33.7456,33.74,33.74,1125
2025-11-05 15:33,SDOW,33.745,33.745,33.73,33.73,400
2025-11-05 15:34,SDOW,33.735,33.735,33.73,33.73,3200
2025-11-05 15:35,SDOW,33.71,33.71,33.69,33.705,2011
2025-11-05 15:36,SDOW,33.7,33.705,33.69,33.69,6135
2025-11-05 15:37,SDOW,33.7,33.7,33.685,33.6889,2901
2025-11-05 15:38,SDOW,33.68,33.68,33.68,33.68,800
2025-11-05 15:39,SDOW,33.675,33.695,33.675,33.695,3680
2025-11-05 15:40,SDOW,33.6999,33.71,33.6903,33.6903,4236
2025-11-05 15:41,SDOW,33.6775,33.6775,33.6775,33.6775,250
2025-11-05 15:42,SDOW,33.68,33.68,33.68,33.68,200
2025-11-05 15:43,SDOW,33.692,33.7,33.692,33.7,5455
2025-11-05 15:44,SDOW,33.715,33.72,33.7,33.7185,51445
2025-11-05 15:45,SDOW,33.72,33.73,33.715,33.72,3910
2025-11-05 15:46,SDOW,33.715,33.7288,33.715,33.72,2832
2025-11-05 15:47,SDOW,33.725,33.75,33.725,33.73,5134
2025-11-05 15:48,SDOW,33.7519,33.77,33.75,33.7555,29765
2025-11-05 15:49,SDOW,33.77,33.825,33.77,33.82,31948
2025-11-05 15:50,SDOW,33.81,33.85,33.8,33.8,20525
2025-11-05 15:51,SDOW,33.8,33.82,33.8,33.82,5690
2025-11-05 15:52,SDOW,33.8042,33.8042,33.7855,33.79,2350
2025-11-05 15:53,SDOW,33.82,33.82,33.79,33.79,19964
2025-11-05 15:54,SDOW,33.78,33.815,33.77,33.805,49431
2025-11-05 15:55,SDOW,33.81,33.835,33.805,33.82,14215
2025-11-05 15:56,SDOW,33.83,33.84,33.83,33.84,1041
2025-11-05 15:57,SDOW,33.8435,33.9445,33.8435,33.94,8142
2025-11-05 15:58,SDOW,33.935,33.966,33.9204,33.945,34643
2025-11-05 15:59,SDOW,33.95,33.97,33.92,33.95,103065
2025-11-05 16:00,SDOW,33.94,33.96,33.94,33.96,2463
2025-11-05 16:05,SDOW,33.8702,33.8702,33.8702,33.8702,100
2025-11-05 16:06,SDOW,33.8902,33.8902,33.8902,33.8902,200
2025-11-05 16:08,SDOW,33.91,33.91,33.91,33.91,300
2025-11-05 16:13,SDOW,33.9399,33.9399,33.93,33.93,1500
2025-11-05 16:15,SDOW,33.939,33.9399,33.939,33.9399,400
2025-11-05 16:18,SDOW,33.91,33.91,33.91,33.91,106
2025-11-05 16:19,SDOW,33.9009,33.9009,33.9009,33.9009,3931
2025-11-05 16:23,SDOW,33.9125,33.9125,33.9125,33.9125,100
2025-11-05 16:29,SDOW,33.89,33.89,33.89,33.89,600
2025-11-05 16:30,SDOW,33.89,33.89,33.89,33.89,1970
2025-11-05 16:35,SDOW,33.87,33.87,33.87,33.87,378
2025-11-05 16:39,SDOW,33.8801,33.8801,33.8801,33.8801,2000
2025-11-05 16:47,SDOW,33.88,33.88,33.88,33.88,150
2025-11-05 16:56,SDOW,33.86,33.86,33.86,33.86,710
2025-11-05 17:09,SDOW,33.85,33.85,33.85,33.85,100
2025-11-05 17:50,SDOW,33.9,33.9,33.9,33.9,100
2025-11-05 18:00,SDOW,33.88,33.88,33.88,33.88,500
2025-11-05 18:05,SDOW,33.95,33.95,33.95,33.95,500
2025-11-05 18:13,SDOW,33.9387,33.9387,33.9387,33.9387,300
2025-11-05 18:17,SDOW,33.88,33.88,33.88,33.88,177
2025-11-05 18:24,SDOW,33.93,33.93,33.93,33.93,3500
2025-11-05 18:42,SDOW,33.899,33.899,33.899,33.899,150
2025-11-05 18:45,SDOW,33.8216,33.8216,33.8216,33.8216,200
2025-11-05 19:14,SDOW,33.91,33.929,33.91,33.929,450
2025-11-05 19:20,SDOW,33.92,33.92,33.92,33.92,100
2025-11-05 19:23,SDOW,33.94,33.94,33.94,33.94,150
2025-11-05 19:24,SDOW,33.95,33.98,33.95,33.98,950
2025-11-05 19:25,SDOW,34.0,34.0,34.0,34.0,100
2025-11-05 19:28,SDOW,34.05,34.05,34.05,34.05,1000
2025-11-05 19:33,SDOW,33.99,33.99,33.99,33.99,2551
2025-11-05 19:34,SDOW,34.0103,34.0103,34.0103,34.0103,300
2025-11-05 19:40,SDOW,33.94,33.94,33.94,33.94,792
2025-11-05 19:53,SDOW,33.97,33.97,33.9601,33.9601,3000
2025-11-06 07:00,SDOW,33.97,33.97,33.97,33.97,1800
2025-11-06 07:01,SDOW,33.96,33.96,33.96,33.96,100
2025-11-06 07:02,SDOW,33.95,33.95,33.95,33.95,1500
2025-11-06 07:03,SDOW,33.961,33.961,33.96,33.96,2800
2025-11-06 07:04,SDOW,33.95,33.95,33.95,33.95,3900
2025-11-06 07:19,SDOW,33.91,33.91,33.91,33.91,550
2025-11-06 07:21,SDOW,33.93,33.93,33.93,33.93,700
2025-11-06 07:25,SDOW,33.94,33.94,33.94,33.94,750
2025-11-06 07:32,SDOW,33.93,33.93,33.93,33.93,1000
2025-11-06 07:38,SDOW,33.9,33.9,33.9,33.9,700
2025-11-06 07:49,SDOW,33.88,33.88,33.88,33.88,812
2025-11-06 07:56,SDOW,33.9,33.9,33.9,33.9,200
2025-11-06 07:58,SDOW,33.87,33.87,33.87,33.87,652
2025-11-06 08:00,SDOW,33.9,33.98,33.8999,33.9601,4908
2025-11-06 08:01,SDOW,33.97,34.05,33.96,34.05,4972
2025-11-06 08:02,SDOW,33.92,34.12,33.92,34.12,2520
2025-11-06 08:09,SDOW,33.8725,33.8725,33.8725,33.8725,200
2025-11-06 08:12,SDOW,33.87,33.87,33.87,33.87,250
2025-11-06 08:15,SDOW,33.86,33.86,33.86,33.86,200
2025-11-06 08:16,SDOW,33.8501,33.8501,33.8501,33.8501,315
2025-11-06 08:23,SDOW,33.87,33.87,33.87,33.87,500
2025-11-06 08:31,SDOW,33.849,33.859,33.849,33.859,589
2025-11-06 08:33,SDOW,33.83,33.83,33.83,33.83,2870
2025-11-06 08:38,SDOW,33.8476,33.8476,33.8476,33.8476,100
2025-11-06 08:39,SDOW,33.83,33.83,33.83,33.83,882
2025-11-06 08:42,SDOW,33.8798,33.8798,33.8798,33.8798,1000
2025-11-06 08:47,SDOW,33.8791,33.8791,33.8791,33.8791,500
2025-11-06 08:48,SDOW,33.87,33.87,33.87,33.87,290
2025-11-06 08:53,SDOW,33.8699,33.8699,33.86,33.8699,2100
2025-11-06 08:54,SDOW,33.88,33.88,33.88,33.88,500
2025-11-06 08:59,SDOW,33.94,33.94,33.94,33.94,100
2025-11-06 09:00,SDOW,33.9397,33.9397,33.9397,33.9397,500
2025-11-06 09:01,SDOW,33.93,33.93,33.9288,33.9288,1860
2025-11-06 09:03,SDOW,33.92,33.92,33.92,33.92,842
2025-11-06 09:04,SDOW,33.9588,33.9588,33.9588,33.9588,1480
2025-11-06 09:05,SDOW,33.97,34.0,33.97,34.0,955
2025-11-06 09:06,SDOW,34.01,34.01,34.01,34.01,200
2025-11-06 09:07,SDOW,34.02,34.02,34.02,34.02,100
2025-11-06 09:08,SDOW,34.02,34.0602,34.02,34.0602,200
2025-11-06 09:09,SDOW,34.06,34.08,34.06,34.08,300
2025-11-06 09:10,SDOW,34.08,34.08,34.06,34.06,3434
2025-11-06 09:12,SDOW,34.06,34.0699,34.06,34.0699,288
2025-11-06 09:14,SDOW,34.03,34.03,34.03,34.03,224
2025-11-06 09:15,SDOW,34.03,34.03,34.03,34.03,294
2025-11-06 09:16,SDOW,34.06,34.06,34.06,34.06,294
2025-11-06 09:17,SDOW,34.06,34.06,34.06,34.06,100
2025-11-06 09:19,SDOW,34.07,34.07,34.07,34.07,800
2025-11-06 09:21,SDOW,34.07,34.07,34.07,34.07,224
2025-11-06 09:24,SDOW,34.12,34.12,34.12,34.12,300
2025-11-06 09:26,SDOW,34.1494,34.1497,34.1494,34.1497,700
2025-11-06 09:29,SDOW,34.211,34.22,34.21,34.22,6168
2025-11-06 09:30,SDOW,34.19,34.19,33.995,34.005,62175
2025-11-06 09:31,SDOW,34.01,34.01,33.921,33.94,48093
2025-11-06 09:32,SDOW,33.94,33.95,33.89,33.925,23521
2025-11-06 09:33,SDOW,33.93,34.015,33.93,33.99,21727
2025-11-06 09:34,SDOW,34.0,34.0,33.95,33.97,21351
2025-11-06 09:35,SDOW,33.99,34.01,33.94,34.0,39115
2025-11-06 09:36,SDOW,34.0,34.03,33.955,33.9956,17956
2025-11-06 09:37,SDOW,33.97,34.0299,33.9205,34.01,30570
2025-11-06 09:38,SDOW,34.01,34.05,33.95,34.05,20544
2025-11-06 09:39,SDOW,34.045,34.08,34.04,34.07,6015
2025-11-06 09:40,SDOW,34.08,34.13,34.08,34.1,35618
2025-11-06 09:41,SDOW,34.11,34.19,34.11,34.16,17403
2025-11-06 09:42,SDOW,34.165,34.17,34.1,34.135,22917
2025-11-06 09:43,SDOW,34.15,34.2099,34.15,34.18,10692
2025-11-06 09:44,SDOW,34.185,34.2,34.15,34.1801,7748
2025-11-06 09:45,SDOW,34.175,34.175,34.1033,34.16,18396
2025-11-06 09:46,SDOW,34.15,34.1844,34.12,34.17,19467
2025-11-06 09:47,SDOW,34.18,34.18,34.12,34.14,13348
2025-11-06 09:48,SDOW,34.15,34.17,34.12,34.16,15586
2025-11-06 09:49,SDOW,34.185,34.25,34.185,34.23,10760
2025-11-06 09:50,SDOW,34.25,34.32,34.2245,34.3,80221
2025-11-06 09:51,SDOW,34.29,34.32,34.2635,34.28,12675
2025-11-06 09:52,SDOW,34.27,34.31,34.27,34.3,23946
2025-11-06 09:53,SDOW,34.31,34.335,34.29,34.31,9831
2025-11-06 09:54,SDOW,34.32,34.41,34.32,34.4,26590
2025-11-06 09:55,SDOW,34.41,34.41,34.39,34.395,17264
2025-11-06 09:56,SDOW,34.39,34.4145,34.39,34.4145,16836
2025-11-06 09:57,SDOW,34.42,34.4439,34.4001,34.43,13469
2025-11-06 09:58,SDOW,34.44,34.45,34.41,34.44,14251
2025-11-06 09:59,SDOW,34.45,34.5486,34.45,34.54,44910
2025-11-06 10:00,SDOW,34.545,34.62,34.545,34.56,22894
2025-11-06 10:01,SDOW,34.5709,34.59,34.55,34.5738,15817
2025-11-06 10:02,SDOW,34.58,34.6299,34.58,34.62,32384
2025-11-06 10:03,SDOW,34.625,34.665,34.625,34.655,26376
2025-11-06 10:04,SDOW,34.665,34.76,34.665,34.76,21466
2025-11-06 10:05,SDOW,34.7501,34.76,34.67,34.69,29064
2025-11-06 10:06,SDOW,34.72,34.72,34.64,34.64,9366
2025-11-06 10:07,SDOW,34.625,34.65,34.61,34.615,21156
2025-11-06 10:08,SDOW,34.61,34.625,34.58,34.615,11786
2025-11-06 10:09,SDOW,34.59,34.61,34.585,34.5999,9019
2025-11-06 10:10,SDOW,34.58,34.58,34.51,34.545,19852
2025-11-06 10:11,SDOW,34.535,34.535,34.48,34.495,20225
2025-11-06 10:12,SDOW,34.51,34.59,34.5,34.59,25188
2025-11-06 10:13,SDOW,34.61,34.62,34.61,34.6146,5528
2025-11-06 10:14,SDOW,34.61,34.64,34.6,34.625,4638
2025-11-06 10:15,SDOW,34.63,34.64,34.6,34.635,10715
2025-11-06 10:16,SDOW,34.63,34.63,34.525,34.55,11636
2025-11-06 10:17,SDOW,34.555,34.555,34.5101,34.52,20877
2025-11-06 10:18,SDOW,34.5,34.5,34.47,34.475,42058
2025-11-06 10:19,SDOW,34.49,34.52,34.48,34.48,8226
2025-11-06 10:20,SDOW,34.47,34.47,34.4,34.4,19392
2025-11-06 10:21,SDOW,34.38,34.3999,34.32,34.339,13606
2025-11-06 10:22,SDOW,34.3401,34.35,34.3,34.325,14808
2025-11-06 10:23,SDOW,34.335,34.37,34.32,34.3499,16779
2025-11-06 10:24,SDOW,34.3275,34.37,34.3255,34.3655,7237
2025-11-06 10:25,SDOW,34.35,34.38,34.34,34.365,4158
2025-11-06 10:26,SDOW,34.36,34.4201,34.36,34.4055,7975
2025-11-06 10:27,SDOW,34.3899,34.425,34.385,34.425,2722
2025-11-06 10:28,SDOW,34.42,34.42,34.37,34.37,7842
2025-11-06 10:29,SDOW,34.41,34.435,34.41,34.435,1089
2025-11-06 10:30,SDOW,34.395,34.43,34.3911,34.41,3141
2025-11-06 10:31,SDOW,34.43,34.43,34.4,34.4,3276
2025-11-06 10:32,SDOW,34.41,34.41,34.36,34.4,20534
2025-11-06 10:33,SDOW,34.42,34.46,34.41,34.46,7453
2025-11-06 10:34,SDOW,34.4603,34.4699,34.4542,34.46,9705
2025-11-06 10:35,SDOW,34.47,34.53,34.47,34.5245,1921
2025-11-06 10:36,SDOW,34.55,34.6056,34.55,34.605,3121
2025-11-06 10:37,SDOW,34.6,34.645,34.595,34.625,11962
2025-11-06 10:38,SDOW,34.64,34.65,34.6,34.63,7371
2025-11-06 10:39,SDOW,34.6308,34.67,34.6291,34.67,7897
2025-11-06 10:40,SDOW,34.665,34.73,34.665,34.691,26012
2025-11-06 10:41,SDOW,34.7,34.74,34.66,34.725,14710
2025-11-06 10:42,SDOW,34.72,34.73,34.69,34.71,24950
2025-11-06 10:43,SDOW,34.705,34.75,34.69,34.75,34098
2025-11-06 10:44,SDOW,34.755,34.83,34.75,34.82,26002
2025-11-06 10:45,SDOW,34.83,34.85,34.77,34.77,11692
2025-11-06 10:46,SDOW,34.767,34.7902,34.755,34.78,10769
2025-11-06 10:47,SDOW,34.76,34.78,34.74,34.76,7857
2025-11-06 10:48,SDOW,34.785,34.785,34.71,34.7214,16970
2025-11-06 10:49,SDOW,34.75,34.76,34.74,34.745,9686
2025-11-06 10:50,SDOW,34.72,34.7788,34.69,34.7788,9359
2025-11-06 10:51,SDOW,34.77,34.77,34.71,34.725,11054
2025-11-06 10:52,SDOW,34.72,34.76,34.7,34.7,3533
2025-11-06 10:53,SDOW,34.71,34.71,34.68,34.7,12270
2025-11-06 10:54,SDOW,34.69,34.69,34.64,34.6401,11215
2025-11-06 10:55,SDOW,34.645,34.685,34.645,34.675,4454
2025-11-06 10:56,SDOW,34.67,34.74,34.66,34.7,27670
2025-11-06 10:57,SDOW,34.69,34.7,34.6756,34.69,8544
2025-11-06 10:58,SDOW,34.6901,34.72,34.6901,34.72,5429
2025-11-06 10:59,SDOW,34.7242,34.7499,34.72,34.7499,975
2025-11-06 11:00,SDOW,34.73,34.795,34.73,34.775,11420
2025-11-06 11:01,SDOW,34.7555,34.7555,34.695,34.7309,5997
2025-11-06 11:02,SDOW,34.69,34.74,34.675,34.74,1437
2025-11-06 11:03,SDOW,34.73,34.79,34.73,34.79,6992
2025-11-06 11:04,SDOW,34.77,34.77,34.74,34.74,2744
2025-11-06 11:05,SDOW,34.7499,34.7499,34.705,34.71,10002
2025-11-06 11:06,SDOW,34.72,34.7701,34.7001,34.7701,10755
2025-11-06 11:07,SDOW,34.77,34.8,34.76,34.79,1938
2025-11-06 11:08,SDOW,34.775,34.78,34.72,34.72,3441
2025-11-06 11:09,SDOW,34.715,34.755,34.71,34.75,14836
2025-11-06 11:10,SDOW,34.79,34.8,34.76,34.8,6462
2025-11-06 11:11,SDOW,34.79,34.805,34.7745,34.805,7159
2025-11-06 11:12,SDOW,34.785,34.8599,34.785,34.8599,4033
2025-11-06 11:13,SDOW,34.835,34.835,34.81,34.8244,3757
2025-11-06 11:14,SDOW,34.815,34.815,34.79,34.8,4499
2025-11-06 11:15,SDOW,34.81,34.81,34.7555,34.7719,6040
2025-11-06 11:16,SDOW,34.77,34.83,34.755,34.8201,9394
2025-11-06 11:17,SDOW,34.84,34.87,34.84,34.85,2260
2025-11-06 11:18,SDOW,34.87,34.91,34.86,34.9,18178
2025-11-06 11:19,SDOW,34.895,34.895,34.84,34.84,12304
2025-11-06 11:20,SDOW,34.83,34.86,34.83,34.84,3545
2025-11-06 11:21,SDOW,34.82,34.87,34.81,34.8455,1643
2025-11-06 11:22,SDOW,34.8465,34.93,34.835,34.93,9628
2025-11-06 11:23,SDOW,34.92,34.94,34.905,34.94,12979
2025-11-06 11:24,SDOW,34.935,34.975,34.935,34.975,13261
2025-11-06 11:25,SDOW,34.96,34.99,34.95,34.95,30409
2025-11-06 11:26,SDOW,34.945,34.9565,34.9299,34.9299,8273
2025-11-06 11:27,SDOW,34.92,34.955,34.92,34.94,9423
2025-11-06 11:28,SDOW,34.93,34.935,34.915,34.935,2932
2025-11-06 11:29,SDOW,34.91,34.91,34.835,34.852,14694
2025-11-06 11:30,SDOW,34.85,34.95,34.85,34.95,3577
2025-11-06 11:31,SDOW,34.92,34.95,34.92,34.95,2285
2025-11-06 11:32,SDOW,34.955,34.97,34.93,34.93,7009
2025-11-06 11:33,SDOW,34.941,34.95,34.895,34.9,23849
2025-11-06 11:34,SDOW,34.93,34.94,34.91,34.91,7197
2025-11-06 11:35,SDOW,34.92,35.021,34.92,35.01,36765
2025-11-06 11:36,SDOW,35.005,35.009,34.935,34.94,3294
2025-11-06 11:37,SDOW,34.9444,34.98,34.93,34.96,9995
2025-11-06 11:38,SDOW,34.95,34.96,34.94,34.94,5591
2025-11-06 11:39,SDOW,34.93,34.95,34.93,34.95,2258
2025-11-06 11:40,SDOW,34.945,34.97,34.94,34.94,928
2025-11-06 11:41,SDOW,34.95,34.98,34.94,34.98,3890
2025-11-06 11:42,SDOW,34.97,34.98,34.96,34.98,12492
2025-11-06 11:43,SDOW,34.99,35.0399,34.98,35.01,34996
2025-11-06 11:44,SDOW,35.005,35.02,34.975,34.975,6938
2025-11-06 11:45,SDOW,34.9999,35.0101,34.985,35.0101,3730
2025-11-06 11:46,SDOW,35.0235,35.0344,35.004,35.01,1346
2025-11-06 11:47,SDOW,35.005,35.04,35.005,35.02,12511
2025-11-06 11:48,SDOW,35.01,35.015,35.0,35.0,692
2025-11-06 11:49,SDOW,34.99,35.0,34.9742,34.9742,8251
2025-11-06 11:50,SDOW,34.97,34.99,34.9407,34.9407,7044
2025-11-06 11:51,SDOW,34.94,34.95,34.91,34.95,3703
2025-11-06 11:52,SDOW,34.9301,34.9301,34.9,34.9,17489
2025-11-06 11:53,SDOW,34.8913,34.91,34.8913,34.91,3590
2025-11-06 11:54,SDOW,34.93,34.93,34.88,34.9086,1638
2025-11-06 11:55,SDOW,34.91,34.97,34.91,34.9665,865
2025-11-06 11:56,SDOW,34.9699,35.02,34.955,35.02,34049
2025-11-06 11:57,SDOW,35.01,35.01,34.995,35.0,14020
2025-11-06 11:58,SDOW,34.98,35.03,34.98,35.03,1337
2025-11-06 11:59,SDOW,35.0457,35.095,35.04,35.095,7529
2025-11-06 12:00,SDOW,35.08,35.08,35.005,35.045,20758
2025-11-06 12:01,SDOW,35.025,35.055,35.025,35.0377,10338
2025-11-06 12:02,SDOW,35.05,35.05,35.03,35.03,430
2025-11-06 12:03,SDOW,35.0,35.035,35.0,35.035,20562
2025-11-06 12:04,SDOW,35.03,35.03,34.95,34.95,6691
2025-11-06 12:05,SDOW,34.96,34.98,34.91,34.9106,6941
2025-11-06 12:06,SDOW,34.94,34.94,34.93,34.935,410
2025-11-06 12:07,SDOW,34.95,34.98,34.95,34.98,3442
2025-11-06 12:08,SDOW,34.9565,35.015,34.9565,35.0,3017
2025-11-06 12:09,SDOW,34.98,34.98,34.915,34.915,652
2025-11-06 12:10,SDOW,34.89,34.89,34.8601,34.8601,17750
2025-11-06 12:11,SDOW,34.8709,34.8709,34.82,34.845,5533
2025-11-06 12:12,SDOW,34.835,34.87,34.83,34.87,6501
2025-11-06 12:13,SDOW,34.8755,34.91,34.86,34.91,2183
2025-11-06 12:14,SDOW,34.905,34.94,34.905,34.94,3246
2025-11-06 12:15,SDOW,34.975,34.99,34.97,34.97,436
2025-11-06 12:16,SDOW,34.9685,34.9885,34.9685,34.9885,516
2025-11-06 12:17,SDOW,35.01,35.01,34.9798,34.99,3054
2025-11-06 12:18,SDOW,34.93,34.94,34.92,34.94,2747
2025-11-06 12:19,SDOW,34.945,34.945,34.94,34.94,160
2025-11-06 12:20,SDOW,34.96,34.98,34.95,34.98,2697
2025-11-06 12:21,SDOW,35.0,35.05,35.0,35.05,1862
2025-11-06 12:22,SDOW,35.0399,35.0399,35.0399,35.0399,0
2025-11-06 12:23,SDOW,34.9999,35.03,34.9999,35.03,145
2025-11-06 12:24,SDOW,35.0,35.0,35.0,35.0,0
2025-11-06 12:25,SDOW,35.02,35.0501,35.02,35.0501,11269
2025-11-06 12:26,SDOW,35.04,35.07,35.02,35.07,678
2025-11-06 12:27,SDOW,35.0433,35.0434,35.03,35.0434,4619
2025-11-06 12:28,SDOW,35.02,35.02,35.01,35.01,1692
2025-11-06 12:29,SDOW,34.99,35.0099,34.99,34.9955,711
2025-11-06 12:30,SDOW,35.0183,35.0267,34.97,34.97,3218
2025-11-06 12:31,SDOW,34.965,34.98,34.93,34.93,2757
2025-11-06 12:32,SDOW,34.92,34.92,34.8906,34.905,4310
2025-11-06 12:33,SDOW,34.89,34.89,34.87,34.875,3885
2025-11-06 12:34,SDOW,34.885,34.9001,34.885,34.9001,142
2025-11-06 12:35,SDOW,34.91,34.91,34.91,34.91,0
2025-11-06 12:36,SDOW,34.8999,34.915,34.8999,34.9,701
2025-11-06 12:37,SDOW,34.88,34.88,34.88,34.88,0
2025-11-06 12:38,SDOW,34.9,34.9,34.9,34.9,0
2025-11-06 12:39,SDOW,34.89,34.935,34.89,34.935,4640
2025-11-06 12:40,SDOW,34.94,34.96,34.925,34.96,1375
2025-11-06 12:41,SDOW,34.925,34.93,34.92,34.92,832
2025-11-06 12:42,SDOW,34.8997,34.8997,34.89,34.89,400
2025-11-06 12:43,SDOW,34.88,34.88,34.875,34.875,1455
2025-11-06 12:44,SDOW,34.87,34.87,34.86,34.86,100
2025-11-06 12:45,SDOW,34.845,34.845,34.8,34.8,2155
2025-11-06 12:46,SDOW,34.795,34.8,34.775,34.8,3155
2025-11-06 12:47,SDOW,34.795,34.805,34.79,34.79,571
2025-11-06 12:48,SDOW,34.775,34.79,34.775,34.785,2156
2025-11-06 12:49,SDOW,34.7755,34.795,34.7701,34.795,7525
2025-11-06 12:50,SDOW,34.81,34.81,34.79,34.79,101
2025-11-06 12:51,SDOW,34.8099,34.8099,34.79,34.79,5747
2025-11-06 12:52,SDOW,34.785,34.785,34.76,34.76,131
2025-11-06 12:53,SDOW,34.775,34.84,34.775,34.8301,6059
2025-11-06 12:54,SDOW,34.8256,34.8256,34.8162,34.82,3111
2025-11-06 12:55,SDOW,34.825,34.85,34.8227,34.8301,1286
2025-11-06 12:56,SDOW,34.825,34.8311,34.81,34.815,2293
2025-11-06 12:57,SDOW,34.83,34.8355,34.82,34.82,794
2025-11-06 12:58,SDOW,34.825,34.86,34.825,34.86,748
2025-11-06 12:59,SDOW,34.855,34.88,34.855,34.86,683
2025-11-06 13:00,SDOW,34.87,34.895,34.87,34.895,1943
2025-11-06 13:01,SDOW,34.8699,34.8699,34.86,34.865,5779
2025-11-06 13:02,SDOW,34.83,34.85,34.83,34.84,600
2025-11-06 13:03,SDOW,34.87,34.9,34.87,34.8903,5450
2025-11-06 13:04,SDOW,34.89,34.925,34.885,34.925,6300
2025-11-06 13:05,SDOW,34.97,35.03,34.97,35.025,8532
2025-11-06 13:06,SDOW,35.04,35.0601,35.04,35.0601,8101
2025-11-06 13:07,SDOW,35.05,35.07,35.05,35.07,5146
2025-11-06 13:08,SDOW,35.0799,35.0799,35.05,35.07,3218
2025-11-06 13:09,SDOW,35.06,35.07,35.0545,35.07,1809
2025-11-06 13:10,SDOW,35.055,35.07,35.05,35.05,1399
2025-11-06 13:11,SDOW,35.055,35.06,35.0442,35.0483,1581
2025-11-06 13:12,SDOW,35.0599,35.0599,35.02,35.03,2108
2025-11-06 13:13,SDOW,35.02,35.03,35.0,35.03,12714
2025-11-06 13:14,SDOW,35.02,35.02,35.015,35.015,422
2025-11-06 13:15,SDOW,35.005,35.01,34.995,35.01,4932
2025-11-06 13:16,SDOW,34.99,34.99,34.99,34.99,0
2025-11-06 13:17,SDOW,35.01,35.01,34.99,34.99,1215
2025-11-06 13:18,SDOW,34.9899,35.04,34.9899,35.04,645
2025-11-06 13:19,SDOW,35.02,35.02,35.02,35.02,0
2025-11-06 13:20,SDOW,35.01,35.01,34.97,34.97,1720
2025-11-06 13:21,SDOW,34.98,35.005,34.98,34.99,653
2025-11-06 13:23,SDOW,34.9823,34.9823,34.9551,34.9551,1221
2025-11-06 13:24,SDOW,34.9402,34.9402,34.9234,34.93,5876
2025-11-06 13:25,SDOW,34.9,34.905,34.895,34.895,654
2025-11-06 13:26,SDOW,34.88,34.88,34.82,34.82,655
2025-11-06 13:27,SDOW,34.83,34.87,34.83,34.865,2409
2025-11-06 13:28,SDOW,34.86,34.86,34.84,34.85,1254
2025-11-06 13:29,SDOW,34.87,34.87,34.855,34.855,100
2025-11-06 13:30,SDOW,34.83,34.84,34.81,34.81,1585
2025-11-06 13:31,SDOW,34.7945,34.8,34.78,34.79,14837
2025-11-06 13:32,SDOW,34.81,34.81,34.8,34.8,200
2025-11-06 13:33,SDOW,34.79,34.8244,34.7868,34.8244,701
2025-11-06 13:34,SDOW,34.805,34.81,34.805,34.81,100
2025-11-06 13:35,SDOW,34.78,34.79,34.7619,34.79,703
2025-11-06 13:36,SDOW,34.765,34.765,34.72,34.72,1974
2025-11-06 13:37,SDOW,34.73,34.73,34.71,34.71,100
2025-11-06 13:38,SDOW,34.72,34.73,34.72,34.73,346
2025-11-06 13:39,SDOW,34.75,34.75,34.72,34.72,370
2025-11-06 13:40,SDOW,34.7,34.7,34.7,34.7,0
2025-11-06 13:41,SDOW,34.69,34.69,34.665,34.675,600
2025-11-06 13:42,SDOW,34.69,34.69,34.65,34.65,698
2025-11-06 13:43,SDOW,34.655,34.67,34.63,34.6655,5439
2025-11-06 13:44,SDOW,34.665,34.665,34.665,34.665,0
2025-11-06 13:45,SDOW,34.67,34.6755,34.67,34.6755,582
2025-11-06 13:46,SDOW,34.68,34.715,34.68,34.715,4303
2025-11-06 13:47,SDOW,34.725,34.74,34.6987,34.7,2263
2025-11-06 13:48,SDOW,34.69,34.69,34.66,34.67,4876
2025-11-06 13:49,SDOW,34.68,34.68,34.66,34.665,965
2025-11-06 13:50,SDOW,34.68,34.6833,34.63,34.63,1941
2025-11-06 13:51,SDOW,34.6386,34.6386,34.6386,34.6386,0
2025-11-06 13:52,SDOW,34.63,34.63,34.63,34.63,0
2025-11-06 13:53,SDOW,34.625,34.665,34.615,34.665,757
2025-11-06 13:54,SDOW,34.645,34.65,34.605,34.605,1800
2025-11-06 13:55,SDOW,34.6,34.62,34.6,34.62,3931
2025-11-06 13:56,SDOW,34.65,34.655,34.635,34.655,2270
2025-11-06 13:57,SDOW,34.7,34.705,34.69,34.69,5283
2025-11-06 13:58,SDOW,34.7,34.7,34.68,34.7,2981
2025-11-06 13:59,SDOW,34.68,34.68,34.66,34.66,1435
2025-11-06 14:00,SDOW,34.69,34.69,34.66,34.66,5693
2025-11-06 14:01,SDOW,34.65,34.65,34.62,34.62,4960
2025-11-06 14:02,SDOW,34.64,34.65,34.64,34.65,4790
2025-11-06 14:03,SDOW,34.66,34.66,34.635,34.64,6298
2025-11-06 14:04,SDOW,34.6309,34.65,34.57,34.57,7098
2025-11-06 14:05,SDOW,34.5801,34.5801,34.535,34.535,17491
2025-11-06 14:06,SDOW,34.5384,34.5596,34.53,34.55,12570
2025-11-06 14:07,SDOW,34.545,34.59,34.545,34.59,3391
2025-11-06 14:08,SDOW,34.585,34.635,34.585,34.61,8101
2025-11-06 14:09,SDOW,34.62,34.65,34.62,34.64,3735
2025-11-06 14:10,SDOW,34.6201,34.6201,34.585,34.6,3167
2025-11-06 14:11,SDOW,34.585,34.6099,34.58,34.6099,3034
2025-11-06 14:12,SDOW,34.6195,34.6195,34.61,34.615,2600
2025-11-06 14:13,SDOW,34.64,34.64,34.61,34.615,4062
2025-11-06 14:14,SDOW,34.6,34.6,34.5509,34.565,5912
2025-11-06 14:15,SDOW,34.555,34.575,34.555,34.57,7650
2025-11-06 14:16,SDOW,34.55,34.58,34.55,34.56,7049
2025-11-06 14:17,SDOW,34.57,34.58,34.57,34.57,1400
2025-11-06 14:18,SDOW,34.5699,34.6,34.56,34.6,2984
2025-11-06 14:19,SDOW,34.6087,34.6087,34.565,34.565,4920
2025-11-06 14:20,SDOW,34.575,34.58,34.575,34.58,1668
2025-11-06 14:21,SDOW,34.5701,34.5701,34.55,34.55,449
2025-11-06 14:22,SDOW,34.5235,34.555,34.5235,34.555,1236
2025-11-06 14:23,SDOW,34.53,34.5301,34.53,34.53,413
2025-11-06 14:24,SDOW,34.525,34.5501,34.525,34.55,8526
2025-11-06 14:25,SDOW,34.54,34.54,34.53,34.53,100
2025-11-06 14:26,SDOW,34.52,34.54,34.515,34.5205,7784
2025-11-06 14:27,SDOW,34.52,34.52,34.49,34.505,17081
2025-11-06 14:28,SDOW,34.475,34.495,34.475,34.485,10253
2025-11-06 14:29,SDOW,34.48,34.5,34.48,34.495,2703
2025-11-06 14:30,SDOW,34.485,34.525,34.485,34.525,1251
2025-11-06 14:31,SDOW,34.55,34.55,34.5,34.5,6830
2025-11-06 14:32,SDOW,34.475,34.475,34.465,34.465,4600
2025-11-06 14:33,SDOW,34.4635,34.4665,34.455,34.4665,676
2025-11-06 14:34,SDOW,34.47,34.47,34.4655,34.47,980
2025-11-06 14:35,SDOW,34.465,34.48,34.465,34.47,4063
2025-11-06 14:36,SDOW,34.46,34.46,34.44,34.445,960
2025-11-06 14:37,SDOW,34.47,34.48,34.47,34.48,711
2025-11-06 14:38,SDOW,34.46,34.46,34.46,34.46,0
2025-11-06 14:39,SDOW,34.4513,34.49,34.4513,34.49,670
2025-11-06 14:40,SDOW,34.53,34.53,34.525,34.525,1110
2025-11-06 14:41,SDOW,34.535,34.58,34.535,34.58,8720
2025-11-06 14:42,SDOW,34.57,34.615,34.57,34.605,3742
2025-11-06 14:43,SDOW,34.61,34.62,34.57,34.57,6773
2025-11-06 14:44,SDOW,34.56,34.56,34.54,34.54,400
2025-11-06 14:45,SDOW,34.5499,34.5499,34.54,34.54,2560
2025-11-06 14:46,SDOW,34.55,34.555,34.54,34.54,3181
2025-11-06 14:47,SDOW,34.52,34.5346,34.52,34.53,600
2025-11-06 14:48,SDOW,34.54,34.57,34.54,34.57,100
2025-11-06 14:49,SDOW,34.59,34.59,34.565,34.565,4686
2025-11-06 14:50,SDOW,34.56,34.58,34.5499,34.5499,1548
2025-11-06 14:51,SDOW,34.54,34.54,34.53,34.53,101
2025-11-06 14:52,SDOW,34.58,34.59,34.58,34.59,1300
2025-11-06 14:53,SDOW,34.6096,34.6096,34.56,34.56,4840
2025-11-06 14:54,SDOW,34.57,34.57,34.54,34.5455,1305
2025-11-06 14:55,SDOW,34.54,34.54,34.5,34.51,3184
2025-11-06 14:56,SDOW,34.505,34.515,34.505,34.515,2700
2025-11-06 14:57,SDOW,34.49,34.49,34.47,34.47,3295
2025-11-06 14:58,SDOW,34.485,34.485,34.4604,34.47,708
2025-11-06 14:59,SDOW,34.475,34.53,34.475,34.53,412
2025-11-06 15:00,SDOW,34.52,34.535,34.505,34.535,4347
2025-11-06 15:01,SDOW,34.56,34.58,34.56,34.57,3208
2025-11-06 15:02,SDOW,34.55,34.55,34.55,34.55,0
2025-11-06 15:03,SDOW,34.5595,34.57,34.5595,34.57,105
2025-11-06 15:04,SDOW,34.55,34.55,34.55,34.55,0
2025-11-06 15:05,SDOW,34.5545,34.5545,34.52,34.52,590
2025-11-06 15:06,SDOW,34.53,34.55,34.53,34.54,1942
2025-11-06 15:07,SDOW,34.545,34.5638,34.5305,34.5305,2927
2025-11-06 15:09,SDOW,34.565,34.58,34.565,34.565,600
2025-11-06 15:12,SDOW,34.515,34.54,34.51,34.54,7123
2025-11-06 15:13,SDOW,34.535,34.535,34.51,34.51,6405
2025-11-06 15:14,SDOW,34.4855,34.5,34.4855,34.5,138
2025-11-06 15:16,SDOW,34.53,34.54,34.5,34.51,6360
2025-11-06 15:17,SDOW,34.52,34.53,34.52,34.53,158
2025-11-06 15:19,SDOW,34.5,34.51,34.495,34.495,505
2025-11-06 15:20,SDOW,34.49,34.49,34.4865,34.4865,300
2025-11-06 15:21,SDOW,34.5045,34.5045,34.4799,34.4799,1395
2025-11-06 15:22,SDOW,34.47,34.47,34.47,34.47,0
2025-11-06 15:23,SDOW,34.465,34.465,34.4455,34.4455,251
2025-11-06 15:24,SDOW,34.45,34.45,34.445,34.45,4800
2025-11-06 15:25,SDOW,34.4505,34.47,34.4505,34.46,918
2025-11-06 15:26,SDOW,34.45,34.47,34.45,34.47,737
2025-11-06 15:27,SDOW,34.48,34.49,34.475,34.49,617
2025-11-06 15:28,SDOW,34.5,34.5,34.5,34.5,0
2025-11-06 15:29,SDOW,34.49,34.55,34.49,34.55,7439
2025-11-06 15:30,SDOW,34.5401,34.5401,34.51,34.52,5564
2025-11-06 15:31,SDOW,34.525,34.555,34.525,34.555,2300
2025-11-06 15:32,SDOW,34.595,34.61,34.57,34.57,8090
2025-11-06 15:33,SDOW,34.5556,34.5799,34.55,34.56,6750
2025-11-06 15:34,SDOW,34.575,34.575,34.575,34.575,0
2025-11-06 15:35,SDOW,34.515,34.54,34.51,34.54,824
2025-11-06 15:36,SDOW,34.56,34.56,34.55,34.55,307
2025-11-06 15:38,SDOW,34.57,34.58,34.57,34.58,327
2025-11-06 15:39,SDOW,34.59,34.59,34.59,34.59,0
2025-11-06 15:40,SDOW,34.57,34.58,34.56,34.58,729
2025-11-06 15:42,SDOW,34.59,34.61,34.59,34.61,441
2025-11-06 15:43,SDOW,34.615,34.645,34.615,34.6363,13953
2025-11-06 15:44,SDOW,34.63,34.655,34.63,34.65,4674
2025-11-06 15:45,SDOW,34.6456,34.6955,34.6344,34.6955,15796
2025-11-06 15:46,SDOW,34.69,34.75,34.69,34.75,5758
2025-11-06 15:47,SDOW,34.775,34.78,34.76,34.76,13790
2025-11-06 15:48,SDOW,34.79,34.81,34.79,34.805,8248
2025-11-06 15:49,SDOW,34.8196,34.82,34.79,34.815,7425
2025-11-06 15:50,SDOW,34.8,34.81,34.77,34.805,24438
2025-11-06 15:51,SDOW,34.79,34.79,34.77,34.77,11192
2025-11-06 15:52,SDOW,34.765,34.77,34.72,34.7491,12482
2025-11-06 15:53,SDOW,34.7365,34.745,34.73,34.73,7091
2025-11-06 15:54,SDOW,34.725,34.73,34.695,34.695,24619
2025-11-06 15:55,SDOW,34.71,34.77,34.71,34.77,23423
2025-11-06 15:56,SDOW,34.765,34.785,34.75,34.785,22693
2025-11-06 15:57,SDOW,34.81,34.82,34.79,34.81,13775
2025-11-06 15:58,SDOW,34.815,34.83,34.795,34.83,96855
2025-11-05 10:21,SDS,14.08,14.1075,14.08,14.0999,741723
2025-11-05 10:22,SDS,14.1,14.1097,14.08,14.08,149035
2025-11-05 10:23,SDS,14.07,14.08,14.06,14.06,10812
2025-11-05 10:24,SDS,14.06,14.0671,14.058,14.0601,136294
2025-11-05 10:25,SDS,14.055,14.06,14.0546,14.06,135239
2025-11-05 10:26,SDS,14.07,14.0703,14.04,14.05,277893
2025-11-05 10:27,SDS,14.045,14.05,14.03,14.04,239112
2025-11-05 10:28,SDS,14.04,14.04,14.031,14.0385,45519
2025-11-05 10:29,SDS,14.035,14.05,14.0318,14.05,72962
2025-11-05 10:30,SDS,14.06,14.0652,14.05,14.0645,204187
2025-11-05 10:31,SDS,14.0612,14.0612,14.0497,14.05,281108
2025-11-05 10:32,SDS,14.055,14.06,14.05,14.06,156669
2025-11-05 10:33,SDS,14.06,14.06,14.04,14.04,55374
2025-11-05 10:34,SDS,14.04,14.045,14.0325,14.045,67605
2025-11-05 10:35,SDS,14.0499,14.0501,14.04,14.04,110498
2025-11-05 10:36,SDS,14.04,14.0476,14.035,14.04,195487
2025-11-05 10:37,SDS,14.0382,14.05,14.035,14.05,129389
2025-11-05 10:38,SDS,14.05,14.0502,14.0401,14.045,161654
2025-11-05 10:39,SDS,14.045,14.05,14.0445,14.05,56800
2025-11-05 10:40,SDS,14.04,14.0403,14.03,14.0331,65227
2025-11-05 10:41,SDS,14.0351,14.0351,14.025,14.035,162175
2025-11-05 10:42,SDS,14.0399,14.0473,14.035,14.04,214186
2025-11-05 10:43,SDS,14.03,14.0399,14.0224,14.0239,18179
2025-11-05 10:44,SDS,14.02,14.04,14.02,14.0399,185843
2025-11-05 10:45,SDS,14.035,14.0499,14.0301,14.0499,191008
2025-11-05 10:46,SDS,14.0401,14.045,14.02,14.0301,232588
2025-11-05 10:47,SDS,14.03,14.035,14.03,14.03,41900
2025-11-05 10:48,SDS,14.03,14.0399,14.02,14.0399,225784
2025-11-05 10:49,SDS,14.035,14.045,14.035,14.045,9300
2025-11-05 10:50,SDS,14.0401,14.06,14.0401,14.06,62244
2025-11-05 10:51,SDS,14.0552,14.06,14.045,14.045,205276
2025-11-05 10:52,SDS,14.0498,14.06,14.0498,14.06,210957
2025-11-05 10:53,SDS,14.0556,14.0668,14.0543,14.0599,263215
2025-11-05 10:54,SDS,14.06,14.06,14.05,14.05,186700
2025-11-05 10:55,SDS,14.05,14.07,14.05,14.0601,88628
2025-11-05 10:56,SDS,14.0683,14.0755,14.065,14.07,150108
2025-11-05 10:57,SDS,14.06,14.0672,14.05,14.05,142205
2025-11-05 10:58,SDS,14.0598,14.06,14.05,14.0501,163140
2025-11-05 10:59,SDS,14.0452,14.05,14.0335,14.0335,183591
2025-11-05 11:00,SDS,14.04,14.0551,14.0383,14.0453,221718
2025-11-05 11:01,SDS,14.0488,14.0488,14.035,14.035,71284
2025-11-05 11:02,SDS,14.04,14.0402,14.035,14.04,164005
2025-11-05 11:03,SDS,14.04,14.0644,14.0399,14.06,189833
2025-11-05 11:04,SDS,14.06,14.0602,14.05,14.05,205101
2025-11-05 11:05,SDS,14.05,14.05,14.03,14.04,205010
2025-11-05 11:06,SDS,14.0383,14.0499,14.03,14.0499,143485
2025-11-05 11:07,SDS,14.05,14.05,14.04,14.05,138574
2025-11-05 11:08,SDS,14.0535,14.06,14.0535,14.06,84549
2025-11-05 11:09,SDS,14.0599,14.065,14.045,14.0482,146874
2025-11-05 11:10,SDS,14.05,14.0699,14.0455,14.0601,163095
2025-11-05 11:11,SDS,14.0601,14.0622,14.0583,14.06,195361
2025-11-05 11:12,SDS,14.0598,14.0699,14.0598,14.0601,115496
2025-11-05 11:13,SDS,14.0601,14.07,14.0579,14.07,108152
2025-11-05 11:14,SDS,14.07,14.082,14.0694,14.0701,203132
2025-11-05 11:15,SDS,14.0744,14.0744,14.0601,14.0601,79300
2025-11-05 11:16,SDS,14.07,14.0799,14.0603,14.0735,102598
2025-11-05 11:17,SDS,14.0757,14.0801,14.0701,14.0801,100278
2025-11-05 11:18,SDS,14.08,14.085,14.07,14.07,77303
2025-11-05 11:19,SDS,14.07,14.0781,14.0682,14.0767,58425
2025-11-05 11:20,SDS,14.0724,14.0803,14.0724,14.0801,113221
2025-11-05 11:21,SDS,14.0868,14.0868,14.07,14.0722,39076
2025-11-05 11:22,SDS,14.07,14.07,14.07,14.07,33675
2025-11-05 11:23,SDS,14.0667,14.0667,14.061,14.061,8645
2025-11-05 11:24,SDS,14.06,14.06,14.0333,14.0333,149475
2025-11-05 11:25,SDS,14.0399,14.0399,14.03,14.0312,56093
2025-11-05 11:26,SDS,14.03,14.0315,14.01,14.0199,89379
2025-11-05 11:27,SDS,14.02,14.0328,14.0182,14.03,156441
2025-11-05 11:28,SDS,14.025,14.03,14.025,14.0282,3829
2025-11-05 11:29,SDS,14.02,14.0252,14.01,14.0199,158317
2025-11-05 11:30,SDS,14.015,14.0299,14.015,14.025,57500
2025-11-05 11:31,SDS,14.0215,14.0215,14.011351,14.011351,57407
2025-11-05 11:32,SDS,14.0198,14.02,14.015,14.015,24700
2025-11-05 11:33,SDS,14.015,14.02,14.01,14.01,93844
2025-11-05 11:34,SDS,14.01,14.015,14.01,14.01,18255
2025-11-05 11:35,SDS,14.01,14.025,14.01,14.025,109022
2025-11-05 11:36,SDS,14.0201,14.025,14.02,14.02,93947
2025-11-05 11:37,SDS,14.015,14.015,14.0,14.0099,32450
2025-11-05 11:38,SDS,14.01,14.0101,14.0042,14.0042,116086
2025-11-05 11:39,SDS,14.0099,14.0132,14.0031,14.005,181208
2025-11-05 11:40,SDS,14.01,14.01,14.0001,14.0001,7038
2025-11-05 11:41,SDS,14.005,14.0056,14.005,14.0056,325
2025-11-05 11:42,SDS,14.0,14.0,13.99,13.9999,26667
2025-11-05 11:43,SDS,14.0,14.0,13.99,13.995,47013
2025-11-05 11:44,SDS,13.995,13.995,13.99,13.99,42466
2025-11-05 11:45,SDS,13.9898,13.9965,13.9878,13.99,132213
2025-11-05 11:46,SDS,13.9899,13.9899,13.984,13.9899,4900
2025-11-05 11:47,SDS,13.9801,13.9899,13.975,13.9801,124123
2025-11-05 11:48,SDS,13.985,13.985,13.97,13.9701,16158
2025-11-05 11:49,SDS,13.97,13.98,13.9614,13.97,130949
2025-11-05 11:50,SDS,13.97,13.975,13.9633,13.9657,103618
2025-11-05 11:51,SDS,13.9691,13.97,13.9601,13.9653,55087
2025-11-05 11:52,SDS,13.965,13.97,13.965,13.97,200
2025-11-05 11:53,SDS,13.965,13.965,13.96,13.9644,72900
2025-11-05 11:54,SDS,13.96,13.965,13.96,13.965,3400
2025-11-05 11:55,SDS,13.965,13.97,13.965,13.9677,21588
2025-11-05 11:56,SDS,13.965,13.965,13.965,13.965,1300
2025-11-05 11:57,SDS,13.97,13.97,13.9601,13.965,5300
2025-11-05 11:58,SDS,13.9699,13.9799,13.96,13.9665,98456
2025-11-05 11:59,SDS,13.9699,13.9758,13.9682,13.9745,81400
2025-11-05 12:00,SDS,13.9701,13.9753,13.9701,13.9701,20600
2025-11-05 12:01,SDS,13.971,13.972,13.97,13.97,15400
2025-11-05 12:02,SDS,13.97,13.9701,13.9635,13.9692,70892
2025-11-05 12:03,SDS,13.9699,13.9789,13.9677,13.9789,30300
2025-11-05 12:04,SDS,13.98,13.98,13.98,13.98,100
2025-11-05 12:05,SDS,13.9701,13.9759,13.9652,13.97,232489
2025-11-05 12:06,SDS,13.9701,13.98,13.97,13.98,61702
2025-11-05 12:07,SDS,13.975,13.9799,13.975,13.9772,10745
2025-11-05 12:08,SDS,13.9799,13.985,13.975,13.985,118622
2025-11-05 12:09,SDS,13.9801,13.9885,13.9801,13.9885,13700
2025-11-05 12:10,SDS,13.9801,13.9801,13.9801,13.9801,416
2025-11-05 12:11,SDS,13.9802,13.9803,13.9748,13.9799,93133
2025-11-05 12:12,SDS,13.975,13.975,13.97,13.97,91100
2025-11-05 12:13,SDS,13.9748,13.975,13.97,13.9722,17913
2025-11-05 12:14,SDS,13.9718,13.9792,13.965,13.9792,93872
2025-11-05 12:15,SDS,13.9733,13.9733,13.9601,13.965,51976
2025-11-05 12:16,SDS,13.9699,13.97,13.965,13.965,113652
2025-11-05 12:17,SDS,13.965,13.975,13.965,13.975,47932
2025-11-05 12:18,SDS,13.9701,13.9714,13.9601,13.9601,144632
2025-11-05 12:19,SDS,13.9699,13.97,13.965,13.965,74155
2025-11-05 12:20,SDS,13.965,13.965,13.9601,13.9601,16200
2025-11-05 12:21,SDS,13.9601,13.9635,13.9501,13.9635,174270
2025-11-05 12:22,SDS,13.96,13.9699,13.96,13.9699,22849
2025-11-05 12:23,SDS,13.9645,13.97,13.955,13.96,261782
2025-11-05 12:24,SDS,13.96,13.9618,13.96,13.9601,30677
2025-11-05 12:25,SDS,13.96,13.9601,13.96,13.96,194027
2025-11-05 12:26,SDS,13.9599,13.9599,13.955,13.955,5100
2025-11-05 12:27,SDS,13.955,13.955,13.9415,13.9498,152908
2025-11-05 12:28,SDS,13.945,13.9496,13.9425,13.9425,19600
2025-11-05 12:29,SDS,13.945,13.9481,13.9435,13.9435,3393
2025-11-05 12:30,SDS,13.945,13.9455,13.944,13.9455,1700
2025-11-05 12:31,SDS,13.94,13.9403,13.935,13.9355,81667
2025-11-05 12:32,SDS,13.9399,13.94,13.935,13.94,49046
2025-11-05 12:33,SDS,13.94,13.945,13.9382,13.9401,92084
2025-11-05 12:34,SDS,13.9438,13.945,13.93,13.9342,237247
2025-11-05 12:35,SDS,13.9346,13.9354,13.925,13.925,3872
2025-11-05 12:36,SDS,13.925,13.925,13.9218,13.9218,3071
2025-11-05 12:37,SDS,13.9243,13.925,13.915,13.919,138653
2025-11-05 12:38,SDS,13.915,13.915,13.915,13.915,600
2025-11-05 12:39,SDS,13.915,13.92,13.915,13.92,10700
2025-11-05 12:40,SDS,13.9123,13.9261,13.9123,13.9259,65825
2025-11-05 12:41,SDS,13.9257,13.93,13.925,13.925,5738
2025-11-05 12:42,SDS,13.9297,13.9297,13.92,13.9263,12061
2025-11-05 12:43,SDS,13.9299,13.9299,13.9201,13.9201,7938
2025-11-05 12:44,SDS,13.9201,13.9201,13.92,13.9201,24000
2025-11-05 12:45,SDS,13.9215,13.9299,13.915,13.924,193084
2025-11-05 12:46,SDS,13.9287,13.9399,13.9287,13.9399,9518
2025-11-05 12:47,SDS,13.9344,13.9399,13.9344,13.935,10638
2025-11-05 12:48,SDS,13.935,13.935813,13.93,13.9301,150888
2025-11-05 12:49,SDS,13.9301,13.935,13.9301,13.935,2537
2025-11-05 12:50,SDS,13.94,13.94,13.935,13.9399,33412
2025-11-05 12:51,SDS,13.9369,13.9369,13.9345,13.9345,852
2025-11-05 12:52,SDS,13.9301,13.935,13.9301,13.935,3100
2025-11-05 12:53,SDS,13.935,13.9399,13.93,13.935,25350
2025-11-05 12:54,SDS,13.9398,13.9399,13.9368,13.9399,8750
2025-11-05 12:55,SDS,13.935,13.94,13.93,13.9356,83697
2025-11-05 12:56,SDS,13.9385,13.945,13.935,13.945,136876
2025-11-05 12:57,SDS,13.945,13.9499,13.94,13.94,74335
2025-11-05 12:58,SDS,13.94,13.9401,13.94,13.94,19841
2025-11-05 12:59,SDS,13.9365,13.94,13.935,13.9382,22526
2025-11-05 13:00,SDS,13.94,13.9465,13.9356,13.9462,55293
2025-11-05 13:01,SDS,13.945,13.9455,13.93,13.939,61768
2025-11-05 13:02,SDS,13.935,13.935,13.93,13.9302,25866
2025-11-05 13:03,SDS,13.935,13.935,13.9335,13.9335,2146
2025-11-05 13:04,SDS,13.935,13.935,13.935,13.935,1828
2025-11-05 13:05,SDS,13.9382,13.9399,13.9382,13.9399,12949
2025-11-05 13:06,SDS,13.935,13.94,13.935,13.94,4100
2025-11-05 13:08,SDS,13.9384,13.94,13.93,13.94,95987
2025-11-05 13:09,SDS,13.9399,13.945,13.9399,13.9419,32318
2025-11-05 13:10,SDS,13.9401,13.95,13.9401,13.945,4008
2025-11-05 13:11,SDS,13.949,13.949,13.945,13.945,770
2025-11-05 13:12,SDS,13.94,13.9418,13.935,13.935,140073
2025-11-05 13:13,SDS,13.94,13.945,13.9309,13.9309,155293
2025-11-05 13:14,SDS,13.935,13.9365,13.9301,13.935,6700
2025-11-05 13:15,SDS,13.9303,13.9354,13.9245,13.925,74781
2025-11-05 13:16,SDS,13.926,13.926,13.9201,13.924,1125
2025-11-05 13:17,SDS,13.925,13.9265,13.92,13.92,21664
2025-11-05 13:18,SDS,13.9218,13.9299,13.9218,13.925,12193
2025-11-05 13:19,SDS,13.9299,13.935,13.925,13.9335,73124
2025-11-05 13:20,SDS,13.9399,13.9399,13.935,13.935,2600
2025-11-05 13:21,SDS,13.9311,13.9347,13.9301,13.9346,19072
2025-11-05 13:22,SDS,13.935,13.9399,13.935,13.935,20163
2025-11-05 13:23,SDS,13.935,13.9352,13.935,13.9352,4415
2025-11-05 13:24,SDS,13.9399,13.945,13.9399,13.94,67040
2025-11-05 13:25,SDS,13.935,13.935,13.935,13.935,6060
2025-11-05 13:26,SDS,13.9399,13.945,13.935,13.9401,83415
2025-11-05 13:27,SDS,13.9403,13.9499,13.94,13.9465,166395
2025-11-05 13:28,SDS,13.94,13.9403,13.94,13.9401,46302
2025-11-05 13:29,SDS,13.935,13.935,13.935,13.935,3540
2025-11-05 13:30,SDS,13.939,13.9399,13.939,13.9399,15000
2025-11-05 13:32,SDS,13.935,13.9399,13.935,13.9355,15700
2025-11-05 13:34,SDS,13.935,13.935,13.935,13.935,100
2025-11-05 13:35,SDS,13.93,13.93,13.93,13.93,10609
2025-11-05 13:36,SDS,13.9245,13.9245,13.92,13.92,7000
2025-11-05 13:37,SDS,13.915,13.92,13.915,13.9199,61569
2025-11-05 13:38,SDS,13.915,13.92,13.91,13.92,24196
2025-11-05 13:39,SDS,13.915,13.915,13.9145,13.9145,500
2025-11-05 13:40,SDS,13.915,13.915,13.91,13.915,900
2025-11-05 13:41,SDS,13.9145,13.9199,13.9145,13.9199,350
2025-11-05 13:42,SDS,13.92,13.9299,13.915,13.9202,40649
2025-11-05 13:43,SDS,13.9299,13.93,13.9201,13.9201,16100
2025-11-05 13:44,SDS,13.925,13.9251,13.9205,13.9205,2013
2025-11-05 13:45,SDS,13.925,13.93,13.925,13.93,2300
2025-11-05 13:46,SDS,13.9241,13.9241,13.9241,13.9241,240
2025-11-05 13:47,SDS,13.9244,13.9244,13.9244,13.9244,675
2025-11-05 13:48,SDS,13.9255,13.9255,13.9255,13.9255,250
2025-11-05 13:49,SDS,13.925,13.925,13.9201,13.9201,2300
2025-11-05 13:51,SDS,13.92,13.925,13.92,13.9201,60654
2025-11-05 13:52,SDS,13.92,13.93,13.92,13.925,5217
2025-11-05 13:53,SDS,13.9245,13.9245,13.9245,13.9245,500
2025-11-05 13:55,SDS,13.9245,13.9299,13.9245,13.925,3598
2025-11-05 13:56,SDS,13.9255,13.9289,13.925,13.9289,7430
2025-11-05 13:58,SDS,13.925,13.925,13.92,13.92,360
2025-11-05 13:59,SDS,13.9201,13.9201,13.9201,13.9201,6500
2025-11-05 14:00,SDS,13.92,13.935,13.92,13.935,116809
2025-11-05 14:01,SDS,13.9301,13.935,13.93,13.935,33071
2025-11-05 14:02,SDS,13.9399,13.9454,13.935,13.9401,61408
2025-11-05 14:03,SDS,13.95,13.95,13.9301,13.9399,63754
2025-11-05 14:04,SDS,13.9399,13.944,13.9399,13.9421,59519
2025-11-05 14:05,SDS,13.94,13.94,13.935,13.9352,5150
2025-11-05 14:06,SDS,13.9399,13.95,13.93,13.945,39150
2025-11-05 14:07,SDS,13.945,13.95,13.945,13.949,1824
2025-11-05 14:08,SDS,13.9445,13.9593,13.9445,13.9593,49551
2025-11-05 14:09,SDS,13.96,13.96,13.9543,13.955,7768
2025-11-05 14:10,SDS,13.955,13.955,13.94,13.9416,55865
2025-11-05 14:11,SDS,13.9409,13.9435,13.935,13.9435,146692
2025-11-05 14:12,SDS,13.9401,13.9465,13.94,13.945,69774
2025-11-05 14:13,SDS,13.9499,13.9499,13.945,13.945,11000
2025-11-05 14:14,SDS,13.94,13.945,13.94,13.94,3656
2025-11-05 14:15,SDS,13.935,13.9396,13.93,13.935,10334
2025-11-05 14:16,SDS,13.935,13.9382,13.93,13.9322,1377
2025-11-05 14:17,SDS,13.935,13.935,13.93,13.93,6997
2025-11-05 14:18,SDS,13.9299,13.9348,13.9299,13.9348,61943
2025-11-05 14:19,SDS,13.93,13.935,13.9285,13.935,73412
2025-11-05 14:20,SDS,13.935,13.935,13.935,13.935,150
2025-11-05 14:21,SDS,13.9357,13.9357,13.9355,13.9355,1935
2025-11-05 14:22,SDS,13.94,13.94,13.94,13.94,541
2025-11-05 14:23,SDS,13.94,13.94,13.9343,13.935,4339
2025-11-05 14:24,SDS,13.935,13.935,13.935,13.935,1719
2025-11-05 14:25,SDS,13.9301,13.9301,13.93,13.93,38893
2025-11-05 14:26,SDS,13.937,13.94,13.9354,13.94,35300
2025-11-05 14:27,SDS,13.9399,13.9399,13.935,13.935,3600
2025-11-05 14:28,SDS,13.9385,13.94,13.935,13.94,124630
2025-11-05 14:29,SDS,13.939,13.94,13.939,13.9399,30500
2025-11-05 14:30,SDS,13.94,13.945,13.9352,13.945,54360
2025-11-05 14:31,SDS,13.9437,13.945,13.9301,13.9301,120740
2025-11-05 14:32,SDS,13.93,13.935,13.9289,13.9289,80388
2025-11-05 14:33,SDS,13.9299,13.935,13.925,13.93,133249
2025-11-05 14:34,SDS,13.9301,13.9301,13.9301,13.9301,890
2025-11-05 14:35,SDS,13.9301,13.933,13.9301,13.9301,1892
2025-11-05 14:36,SDS,13.935,13.935,13.9301,13.9301,3700
2025-11-05 14:37,SDS,13.93,13.9307,13.93,13.93,108685
2025-11-05 14:38,SDS,13.9342,13.9342,13.9301,13.9301,3390
2025-11-05 14:41,SDS,13.935,13.935,13.935,13.935,467
2025-11-05 14:42,SDS,13.9301,13.9301,13.9301,13.9301,3500
2025-11-05 14:45,SDS,13.9315,13.9315,13.9315,13.9315,1300
2025-11-05 14:46,SDS,13.935,13.9352,13.935,13.9352,5784
2025-11-05 14:48,SDS,13.935,13.945,13.935,13.9401,94051
2025-11-05 14:49,SDS,13.945,13.9453,13.945,13.9453,1508
2025-11-05 14:50,SDS,13.94,13.9408,13.935,13.935,88829
2025-11-05 14:51,SDS,13.935,13.935,13.935,13.935,100
2025-11-05 14:52,SDS,13.9342,13.9342,13.9342,13.9342,200
2025-11-05 14:53,SDS,13.9399,13.9399,13.9345,13.9345,8500
2025-11-05 14:54,SDS,13.935,13.935,13.935,13.935,243
2025-11-05 14:55,SDS,13.93,13.9369,13.93,13.935,18160
2025-11-05 14:57,SDS,13.9342,13.9342,13.9342,13.9342,506
2025-11-05 14:58,SDS,13.935,13.9389,13.935,13.9389,7100
2025-11-05 14:59,SDS,13.9343,13.935,13.9343,13.935,1250
2025-11-05 15:00,SDS,13.9399,13.9399,13.9399,13.9399,720
2025-11-05 15:01,SDS,13.9349,13.935,13.93,13.9318,12740
2025-11-05 15:02,SDS,13.93,13.93,13.9201,13.93,75032
2025-11-05 15:03,SDS,13.9399,13.9399,13.935,13.935,8600
2025-11-05 15:05,SDS,13.935,13.935,13.9301,13.935,9180
2025-11-05 15:07,SDS,13.9355,13.94,13.9355,13.94,13104
2025-11-05 15:08,SDS,13.94,13.949,13.94,13.9447,56888
2025-11-05 15:09,SDS,13.94,13.94,13.9301,13.9392,50432
2025-11-05 15:10,SDS,13.9399,13.94,13.9399,13.94,1600
2025-11-05 15:11,SDS,13.935,13.935,13.9301,13.935,8404
2025-11-05 15:12,SDS,13.935,13.935,13.935,13.935,100
2025-11-05 15:13,SDS,13.935,13.935,13.935,13.935,2180
2025-11-05 15:14,SDS,13.935,13.935,13.9345,13.9345,1222
2025-11-05 15:15,SDS,13.9365,13.9365,13.9365,13.9365,500
2025-11-05 15:16,SDS,13.935,13.935,13.935,13.935,601
2025-11-05 15:18,SDS,13.94,13.94,13.9348,13.94,28231
2025-11-05 15:19,SDS,13.939,13.94,13.9383,13.94,5175
2025-11-05 15:20,SDS,13.94,13.94,13.935,13.939,19630
2025-11-05 15:21,SDS,13.94,13.94,13.935,13.935,10345
2025-11-05 15:22,SDS,13.9301,13.9301,13.9301,13.9301,250
2025-11-05 15:23,SDS,13.94,13.94,13.935,13.9398,33681
2025-11-05 15:24,SDS,13.94,13.95,13.94,13.945,20615
2025-11-05 15:25,SDS,13.945,13.9464,13.94,13.9464,4646
2025-11-05 15:26,SDS,13.95,13.96,13.9498,13.96,36699
2025-11-05 15:27,SDS,13.9599,13.9599,13.95,13.95,4200
2025-11-05 15:28,SDS,13.955,13.9651,13.9501,13.9548,94753
2025-11-05 15:29,SDS,13.955,13.9599,13.955,13.9599,16437
2025-11-05 15:30,SDS,13.955,13.97,13.955,13.9601,21116
2025-11-05 15:31,SDS,13.965,13.97,13.96,13.9698,50721
2025-11-05 15:32,SDS,13.9699,13.9699,13.9618,13.9667,6996
2025-11-05 15:33,SDS,13.9692,13.9692,13.965,13.965,7100
2025-11-05 15:34,SDS,13.9661,13.9717,13.9661,13.9701,77029
2025-11-05 15:35,SDS,13.97,13.97,13.9601,13.965,35405
2025-11-05 15:36,SDS,13.9682,13.9682,13.9682,13.9682,500
2025-11-05 15:37,SDS,13.965,13.97,13.965,13.9693,14375
2025-11-05 15:38,SDS,13.965,13.97,13.965,13.965,1762
2025-11-05 15:39,SDS,13.965,13.965,13.965,13.965,128
2025-11-05 15:40,SDS,13.9648,13.9648,13.9547,13.955,54978
2025-11-05 15:41,SDS,13.955,13.96,13.955,13.96,6162
2025-11-05 15:42,SDS,13.9598,13.9658,13.95,13.96,174297
2025-11-05 15:43,SDS,13.9683,13.9717,13.96,13.9717,97900
2025-11-05 15:44,SDS,13.9745,13.98,13.97,13.9728,110107
2025-11-05 15:45,SDS,13.97,13.975,13.97,13.9701,29286
2025-11-05 15:46,SDS,13.9702,13.9774,13.9702,13.9774,1200
2025-11-05 15:47,SDS,13.9799,13.9886,13.9798,13.9817,58555
2025-11-05 15:48,SDS,13.985,13.99,13.985,13.99,21100
2025-11-05 15:49,SDS,13.99,14.0,13.985,13.9917,106262
2025-11-05 15:50,SDS,13.995,14.0,13.99,13.99,125990
2025-11-05 15:51,SDS,13.995,13.995,13.98,13.99,37395
2025-11-05 15:52,SDS,13.9948,13.9999,13.9867,13.9998,99228
2025-11-05 15:53,SDS,14.0,14.01,13.9952,13.9952,96197
2025-11-05 15:54,SDS,13.995,14.01,13.99,14.01,114696
2025-11-05 15:55,SDS,14.005,14.0135,14.005,14.0135,17080
2025-11-05 15:56,SDS,14.013,14.02,14.01,14.0155,16247
2025-11-05 15:57,SDS,14.02,14.045,14.0166,14.045,107536
2025-11-05 15:58,SDS,14.0425,14.0536,14.04,14.0435,109685
2025-11-05 15:59,SDS,14.05,14.05,14.04,14.05,256026
2025-11-05 16:00,SDS,14.05,14.06,14.05,14.06,34259
2025-11-05 16:01,SDS,14.0606,14.0606,14.06,14.06,2200
2025-11-05 16:02,SDS,14.05,14.05,14.05,14.05,7100
2025-11-05 16:05,SDS,14.03,14.03,14.03,14.03,256
2025-11-05 16:07,SDS,14.04,14.04,14.04,14.04,100
2025-11-05 16:10,SDS,14.051,14.051,14.051,14.051,1000
2025-11-05 16:15,SDS,14.06,14.06,14.06,14.06,300
2025-11-05 16:17,SDS,14.05,14.05,14.05,14.05,300
2025-11-05 16:25,SDS,14.05,14.05,14.05,14.05,1000
2025-11-05 16:29,SDS,14.04,14.0401,14.04,14.0401,600
2025-11-05 16:33,SDS,14.04,14.04,14.04,14.04,1000
2025-11-05 16:35,SDS,14.039,14.039,14.039,14.039,100
2025-11-05 16:37,SDS,14.04,14.04,14.04,14.04,143
2025-11-05 16:38,SDS,14.039,14.039,14.039,14.039,100
2025-11-05 16:48,SDS,14.0394,14.0394,14.0394,14.0394,100
2025-11-05 16:51,SDS,14.039,14.039,14.039,14.039,100
2025-11-05 16:53,SDS,14.03,14.03,14.03,14.03,400
2025-11-05 16:56,SDS,14.0399,14.0399,14.0399,14.0399,2500
2025-11-05 17:02,SDS,14.0399,14.0399,14.0399,14.0399,300
2025-11-05 17:09,SDS,14.03,14.03,14.03,14.03,250
2025-11-05 17:22,SDS,14.04,14.05,14.04,14.05,460
2025-11-05 17:23,SDS,14.05,14.05,14.05,14.05,600
2025-11-05 17:30,SDS,14.0399,14.0399,14.0399,14.0399,100
2025-11-05 17:41,SDS,14.04,14.04,14.04,14.04,500
2025-11-05 17:48,SDS,14.04,14.04,14.04,14.04,3400
2025-11-05 17:51,SDS,14.02,14.02,14.02,14.02,5000
2025-11-05 17:56,SDS,14.04,14.04,14.04,14.04,250
2025-11-05 18:00,SDS,14.03,14.03,14.03,14.03,100
2025-11-05 18:04,SDS,14.04,14.06,14.04,14.06,5800
2025-11-05 18:05,SDS,14.06,14.06,14.06,14.06,500
2025-11-05 18:24,SDS,14.0597,14.0597,14.0597,14.0597,100
2025-11-05 18:31,SDS,14.0401,14.0401,14.0401,14.0401,1200
2025-11-05 18:39,SDS,14.0394,14.0394,14.0394,14.0394,100
2025-11-05 18:40,SDS,14.03,14.03,14.03,14.03,12000
2025-11-05 18:44,SDS,14.0198,14.0198,14.0198,14.0198,100
2025-11-05 18:57,SDS,14.0101,14.0101,14.0101,14.0101,200
2025-11-05 18:58,SDS,14.01,14.01,14.01,14.01,3000
2025-11-05 19:08,SDS,14.03,14.03,14.03,14.03,125
2025-11-05 19:23,SDS,14.06,14.06,14.06,14.06,100
2025-11-05 19:24,SDS,14.06,14.07,14.06,14.07,1174
2025-11-05 19:25,SDS,14.08,14.0905,14.08,14.0905,550
2025-11-05 19:26,SDS,14.1,14.1,14.1,14.1,2130
2025-11-05 19:27,SDS,14.1,14.1,14.09,14.09,2100
2025-11-05 19:39,SDS,14.06,14.06,14.06,14.06,3485
2025-11-05 19:46,SDS,14.0699,14.0699,14.0699,14.0699,1000
2025-11-05 19:49,SDS,14.08,14.08,14.08,14.08,400
2025-11-05 19:51,SDS,14.0601,14.0601,14.0601,14.0601,5000
2025-11-05 19:59,SDS,14.06,14.06,14.06,14.06,1990
2025-11-06 07:06,SDS,14.01,14.01,14.01,14.01,400
2025-11-06 07:07,SDS,14.0,14.0,14.0,14.0,5099
2025-11-06 07:09,SDS,14.01,14.01,14.01,14.01,125
2025-11-06 07:11,SDS,14.0,14.0,14.0,14.0,300
2025-11-06 07:17,SDS,14.01,14.01,14.01,14.01,100
2025-11-06 07:20,SDS,14.01,14.01,14.01,14.01,7550
2025-11-06 07:21,SDS,14.01,14.01,14.01,14.01,600
2025-11-06 07:22,SDS,14.01,14.01,14.01,14.01,500
2025-11-06 07:23,SDS,14.0,14.0,14.0,14.0,255
2025-11-06 07:25,SDS,14.01,14.01,14.01,14.01,100
2025-11-06 07:27,SDS,14.02,14.02,14.02,14.02,9100
2025-11-06 07:30,SDS,14.02,14.02,14.02,14.02,800
2025-11-06 07:35,SDS,14.0,14.0,14.0,14.0,9450
2025-11-06 07:41,SDS,14.0,14.0,14.0,14.0,540
2025-11-06 08:00,SDS,14.0298,14.0704,13.9901,14.0098,22041
2025-11-06 08:01,SDS,14.06,14.06,14.06,14.06,1000
2025-11-06 08:02,SDS,14.08,14.09,14.08,14.09,200
2025-11-06 08:03,SDS,14.009,14.009,14.009,14.009,500
2025-11-06 08:06,SDS,14.0,14.0,14.0,14.0,695
2025-11-06 08:09,SDS,13.9909,13.9909,13.9909,13.9909,1000
2025-11-06 08:12,SDS,14.0,14.0,14.0,14.0,100
2025-11-06 08:14,SDS,13.9913,13.9913,13.9913,13.9913,2000
2025-11-06 08:16,SDS,13.99,13.99,13.99,13.99,100
2025-11-06 08:22,SDS,13.999,13.999,13.999,13.999,1000
2025-11-06 08:30,SDS,13.98,13.98,13.9799,13.9799,200
2025-11-06 08:31,SDS,13.97,13.97,13.97,13.97,1000
2025-11-06 08:32,SDS,13.97,13.97,13.97,13.97,2000
2025-11-06 08:33,SDS,13.98,13.98,13.98,13.98,100
2025-11-06 08:34,SDS,13.98,13.98,13.98,13.98,200
2025-11-06 08:42,SDS,13.9899,13.9899,13.9899,13.9899,100
2025-11-06 08:44,SDS,13.9898,13.99,13.9898,13.99,2100
2025-11-06 08:45,SDS,14.0,14.0,13.99,13.99,12450
2025-11-06 08:47,SDS,13.99,13.99,13.99,13.99,2113
2025-11-06 08:53,SDS,13.995,13.995,13.995,13.995,300
2025-11-06 08:54,SDS,14.0,14.0,14.0,14.0,100
2025-11-06 08:56,SDS,14.01,14.01,14.01,14.01,9300
2025-11-06 08:58,SDS,14.02,14.02,14.02,14.02,150
2025-11-06 09:00,SDS,14.02,14.02,14.02,14.02,600
2025-11-06 09:01,SDS,14.02,14.02,14.02,14.02,1200
2025-11-06 09:04,SDS,14.02,14.02,14.02,14.02,400
2025-11-06 09:05,SDS,14.04,14.05,14.04,14.05,4000
2025-11-06 09:06,SDS,14.0499,14.0499,14.0499,14.0499,100
2025-11-06 09:07,SDS,14.05,14.05,14.05,14.05,10300
2025-11-06 09:08,SDS,14.07,14.07,14.07,14.07,3100
2025-11-06 09:09,SDS,14.07,14.07,14.07,14.07,100
2025-11-06 09:10,SDS,14.07,14.07,14.0691,14.0691,300
2025-11-06 09:11,SDS,14.07,14.07,14.07,14.07,200
2025-11-06 09:12,SDS,14.06,14.06,14.06,14.06,1250
2025-11-06 09:13,SDS,14.06,14.06,14.06,14.06,9950
2025-11-06 09:15,SDS,14.06,14.06,14.06,14.06,300
2025-11-06 09:16,SDS,14.07,14.07,14.07,14.07,200
2025-11-06 09:17,SDS,14.0697,14.0697,14.0697,14.0697,250
2025-11-06 09:18,SDS,14.0689,14.07,14.0689,14.07,2350
2025-11-06 09:19,SDS,14.06,14.06,14.06,14.06,300
2025-11-06 09:20,SDS,14.06,14.06,14.06,14.06,1850
2025-11-06 09:21,SDS,14.0692,14.07,14.0601,14.07,1450
2025-11-06 09:24,SDS,14.08,14.09,14.08,14.09,800
2025-11-06 09:25,SDS,14.09,14.09,14.09,14.09,6124
2025-11-06 09:26,SDS,14.09,14.09,14.09,14.09,950
2025-11-06 09:27,SDS,14.0801,14.09,14.0801,14.09,2100
2025-11-06 09:28,SDS,14.09,14.1,14.09,14.1,12500
2025-11-06 09:29,SDS,14.1098,14.1098,14.1098,14.1098,200
2025-11-06 09:30,SDS,14.1,14.105,14.0901,14.0999,134393
2025-11-06 09:31,SDS,14.095,14.095,14.085,14.085,46078
2025-11-06 09:32,SDS,14.08,14.08,14.07,14.07,5300
2025-11-06 09:33,SDS,14.0699,14.0886,14.0699,14.0839,47564
2025-11-06 09:34,SDS,14.08,14.08,14.0601,14.07,70768
2025-11-06 09:35,SDS,14.0756,14.0999,14.0756,14.0999,131369
2025-11-06 09:36,SDS,14.095,14.0955,14.0799,14.0883,104764
2025-11-06 09:37,SDS,14.0865,14.0865,14.0701,14.0701,71371
2025-11-06 09:38,SDS,14.0714,14.0765,14.06,14.0701,51648
2025-11-06 09:39,SDS,14.075,14.0899,14.07,14.0801,104995
2025-11-06 09:40,SDS,14.09,14.1,14.0899,14.0901,124516
2025-11-06 09:41,SDS,14.1,14.135,14.1,14.1299,106917
2025-11-06 09:42,SDS,14.1299,14.1299,14.1118,14.1201,78739
2025-11-06 09:43,SDS,14.1201,14.1278,14.115,14.125,93117
2025-11-06 09:44,SDS,14.12,14.1299,14.1145,14.12,77479
2025-11-06 09:45,SDS,14.1201,14.1201,14.097,14.097,109713
2025-11-06 09:46,SDS,14.1,14.1,14.1,14.1,20417
2025-11-06 09:47,SDS,14.1,14.1,14.0899,14.0901,70553
2025-11-06 09:48,SDS,14.09,14.09,14.08,14.0801,64961
2025-11-06 09:49,SDS,14.0899,14.115,14.0885,14.115,81323
2025-11-06 09:50,SDS,14.1101,14.145,14.1,14.135,461262
2025-11-06 09:51,SDS,14.1301,14.15,14.13,14.1483,93006
2025-11-06 09:52,SDS,14.1401,14.1599,14.14,14.15,66883
2025-11-06 09:53,SDS,14.145,14.145,14.14,14.1405,11800
2025-11-06 09:54,SDS,14.1499,14.17,14.1468,14.1635,77571
2025-11-06 09:55,SDS,14.1699,14.1699,14.153,14.155,98591
2025-11-06 09:56,SDS,14.16,14.1699,14.1545,14.1593,72994
2025-11-06 09:57,SDS,14.16,14.1799,14.16,14.1745,99158
2025-11-06 09:58,SDS,14.18,14.18,14.1682,14.1752,83358
2025-11-06 09:59,SDS,14.1797,14.2,14.17,14.2,47448
2025-11-06 10:00,SDS,14.195,14.23,14.195,14.22,226314
2025-11-06 10:01,SDS,14.22,14.2267,14.2135,14.225,128336
2025-11-06 10:02,SDS,14.225,14.25,14.225,14.2402,68651
2025-11-06 10:03,SDS,14.24,14.2499,14.2301,14.235,127572
2025-11-06 10:04,SDS,14.2399,14.2689,14.2399,14.2665,100324
2025-11-06 10:05,SDS,14.2601,14.2654,14.23,14.24,157805
2025-11-06 10:06,SDS,14.24,14.24,14.22,14.22,171414
2025-11-06 10:07,SDS,14.2235,14.24,14.2235,14.24,63680
2025-11-06 10:08,SDS,14.2301,14.2497,14.2235,14.2399,146884
2025-11-06 10:09,SDS,14.23,14.24,14.225,14.235,152941
2025-11-06 10:10,SDS,14.2301,14.2301,14.2,14.2001,110203
2025-11-06 10:11,SDS,14.209,14.209,14.1901,14.2,53005
2025-11-06 10:12,SDS,14.21,14.23,14.2023,14.23,135845
2025-11-06 10:13,SDS,14.23,14.239,14.2282,14.23,83196
2025-11-06 10:14,SDS,14.23,14.245,14.2227,14.2399,236995
2025-11-06 10:15,SDS,14.2382,14.2516,14.2301,14.24,231942
2025-11-06 10:16,SDS,14.235,14.235,14.2,14.2199,234283
2025-11-06 10:17,SDS,14.2135,14.2135,14.1952,14.1991,155615
2025-11-06 10:18,SDS,14.1901,14.1956,14.17,14.18,382900
2025-11-06 10:19,SDS,14.1844,14.1999,14.1801,14.1901,69504
2025-11-06 10:20,SDS,14.19,14.19,14.1756,14.1756,41610
2025-11-06 10:21,SDS,14.17,14.17,14.1601,14.1601,95323
2025-11-06 10:22,SDS,14.1655,14.1665,14.1501,14.1501,118825
2025-11-06 10:23,SDS,14.1523,14.165,14.1523,14.1597,201520
2025-11-06 10:24,SDS,14.15,14.16,14.145,14.155,159247
2025-11-06 10:25,SDS,14.155,14.1648,14.1501,14.1599,95358
2025-11-06 10:26,SDS,14.1555,14.18,14.1555,14.1601,257987
2025-11-06 10:27,SDS,14.1677,14.18,14.16,14.175,137377
2025-11-06 10:28,SDS,14.175,14.175,14.1601,14.17,78446
2025-11-06 10:29,SDS,14.1615,14.19,14.1615,14.1877,317314
2025-11-06 10:30,SDS,14.18,14.1999,14.175,14.1899,186256
2025-11-06 10:31,SDS,14.19,14.193,14.1796,14.1899,202139
2025-11-06 10:32,SDS,14.189,14.205,14.189,14.205,117992
2025-11-06 10:33,SDS,14.21,14.2299,14.2099,14.2281,189001
2025-11-06 10:34,SDS,14.225,14.2255,14.2215,14.225,6428
2025-11-06 10:35,SDS,14.23,14.24,14.23,14.24,110413
2025-11-06 10:36,SDS,14.2301,14.2798,14.2301,14.2701,156511
2025-11-06 10:37,SDS,14.27,14.2979,14.27,14.2979,207416
2025-11-06 10:38,SDS,14.2901,14.2903,14.27,14.28,201484
2025-11-06 10:39,SDS,14.2801,14.29,14.2801,14.2899,96502
2025-11-06 10:40,SDS,14.2835,14.3089,14.2835,14.305,337130
2025-11-06 10:41,SDS,14.3052,14.315,14.295,14.3,146356
2025-11-06 10:42,SDS,14.3055,14.3199,14.2972,14.305,317223
2025-11-06 10:43,SDS,14.3099,14.3099,14.2901,14.3,118530
2025-11-06 10:44,SDS,14.3,14.33,14.3,14.3245,172188
2025-11-06 10:45,SDS,14.3201,14.33,14.3,14.3,171788
2025-11-06 10:46,SDS,14.2944,14.3155,14.2918,14.31,123812
2025-11-06 10:47,SDS,14.3099,14.3156,14.3014,14.3125,144690
2025-11-06 10:48,SDS,14.32,14.3265,14.3017,14.3145,161813
2025-11-06 10:49,SDS,14.3191,14.3299,14.31,14.3199,128369
2025-11-06 10:50,SDS,14.31,14.325,14.3,14.325,104958
2025-11-06 10:51,SDS,14.325,14.325,14.2901,14.2999,103427
2025-11-06 10:52,SDS,14.2945,14.3199,14.2945,14.3017,107107
2025-11-06 10:53,SDS,14.31,14.3283,14.305,14.3283,86368
2025-11-06 10:54,SDS,14.3201,14.3201,14.3,14.3,147540
2025-11-06 10:55,SDS,14.3,14.31,14.2901,14.2935,186383
2025-11-06 10:56,SDS,14.3,14.33,14.3,14.3201,152142
2025-11-06 10:57,SDS,14.32,14.3299,14.3145,14.3246,169077
2025-11-06 10:58,SDS,14.3248,14.33,14.32,14.33,2034
2025-11-06 10:59,SDS,14.325,14.34,14.3201,14.3301,127348
2025-11-06 11:00,SDS,14.335,14.335,14.3201,14.3245,188606
2025-11-06 11:01,SDS,14.32,14.32,14.31,14.3199,79600
2025-11-06 11:02,SDS,14.31,14.32,14.3001,14.3199,118029
2025-11-06 11:03,SDS,14.315,14.3201,14.31,14.3201,66097
2025-11-06 11:04,SDS,14.32,14.3201,14.305,14.305,234561
2025-11-06 11:05,SDS,14.3013,14.3055,14.2944,14.3,85600
2025-11-06 11:06,SDS,14.2999,14.3018,14.28,14.3018,179356
2025-11-06 11:07,SDS,14.3,14.3282,14.3,14.3282,150930
2025-11-06 11:08,SDS,14.32,14.32,14.2901,14.2901,111673
2025-11-06 11:09,SDS,14.2993,14.3172,14.295,14.3001,274003
2025-11-06 11:10,SDS,14.31,14.3248,14.3052,14.3248,101364
2025-11-06 11:11,SDS,14.325,14.325,14.31,14.32,101088
2025-11-06 11:12,SDS,14.3155,14.33,14.3092,14.33,291403
2025-11-06 11:13,SDS,14.325,14.3255,14.3167,14.32,113797
2025-11-06 11:14,SDS,14.315,14.3199,14.3001,14.31,193882
2025-11-06 11:15,SDS,14.31,14.31,14.295,14.3001,81126
2025-11-06 11:16,SDS,14.31,14.3299,14.2952,14.3299,215067
2025-11-06 11:17,SDS,14.3201,14.33,14.32,14.322,124015
2025-11-06 11:18,SDS,14.33,14.34,14.3201,14.34,57560
2025-11-06 11:19,SDS,14.34,14.34,14.3282,14.33,250765
2025-11-06 11:20,SDS,14.3283,14.3327,14.32,14.32,98029
2025-11-06 11:21,SDS,14.315,14.3299,14.301439,14.3104,155365
2025-11-06 11:22,SDS,14.312,14.3458,14.312,14.3458,92029
2025-11-06 11:23,SDS,14.35,14.35,14.3399,14.35,148664
2025-11-06 11:24,SDS,14.35,14.35,14.3401,14.35,70986
2025-11-06 11:25,SDS,14.35,14.36,14.3497,14.3501,120328
2025-11-06 11:26,SDS,14.35,14.36,14.34,14.34,111722
2025-11-06 11:27,SDS,14.3387,14.3461,14.3387,14.3461,30642
2025-11-06 11:28,SDS,14.345,14.345,14.335,14.335,9379
2025-11-06 11:29,SDS,14.33,14.33,14.305,14.31,170799
2025-11-06 11:30,SDS,14.31,14.34,14.31,14.34,130520
2025-11-06 11:31,SDS,14.33,14.3301,14.3284,14.33,188028
2025-11-06 11:32,SDS,14.339,14.34,14.33,14.3303,210282
2025-11-06 11:33,SDS,14.33,14.3382,14.32,14.3286,59191
2025-11-06 11:34,SDS,14.3218,14.3382,14.3218,14.3301,166092
2025-11-06 11:35,SDS,14.3399,14.38,14.3392,14.3751,92779
2025-11-06 11:36,SDS,14.3701,14.375,14.35,14.3556,155770
2025-11-06 11:37,SDS,14.35,14.36,14.34,14.36,115850
2025-11-06 11:38,SDS,14.36,14.36,14.3501,14.3552,47846
2025-11-06 11:39,SDS,14.35,14.37,14.35,14.362,86215
2025-11-06 11:40,SDS,14.3655,14.3799,14.3617,14.3617,154385
2025-11-06 11:41,SDS,14.365,14.38,14.36,14.38,91233
2025-11-06 11:42,SDS,14.3702,14.3799,14.3601,14.3707,253763
2025-11-06 11:43,SDS,14.38,14.4,14.3799,14.39,132744
2025-11-06 11:44,SDS,14.38,14.38,14.3701,14.3701,177355
2025-11-06 11:45,SDS,14.38,14.3899,14.3798,14.3818,61661
2025-11-06 11:46,SDS,14.385,14.3891,14.37,14.3803,274075
2025-11-06 11:47,SDS,14.39,14.395,14.3817,14.39,178199
2025-11-06 11:48,SDS,14.385,14.395,14.385,14.3899,188218
2025-11-06 11:49,SDS,14.39,14.3959,14.385,14.3865,187259
2025-11-06 11:50,SDS,14.3899,14.39,14.3716,14.385,261060
2025-11-06 11:51,SDS,14.38,14.38,14.3652,14.3701,200666
2025-11-06 11:52,SDS,14.375,14.375,14.3501,14.3555,167478
2025-11-06 11:53,SDS,14.3598,14.3754,14.3507,14.3754,86358
2025-11-06 11:54,SDS,14.37,14.3722,14.35,14.3599,107271
2025-11-06 11:55,SDS,14.36,14.38,14.36,14.38,88560
2025-11-06 11:56,SDS,14.3802,14.4,14.3801,14.4,257703
2025-11-06 11:57,SDS,14.405,14.405,14.3902,14.3902,169332
2025-11-06 11:58,SDS,14.39,14.3907,14.381,14.39,225424
2025-11-06 11:59,SDS,14.3901,14.4099,14.3901,14.4001,30576
2025-11-06 12:00,SDS,14.4,14.4,14.37,14.3755,133523
2025-11-06 12:01,SDS,14.37,14.3755,14.36,14.3701,107614
2025-11-06 12:02,SDS,14.38,14.3899,14.365,14.365,124538
2025-11-06 12:03,SDS,14.3685,14.385,14.3601,14.3801,233378
2025-11-06 12:04,SDS,14.3835,14.3835,14.3645,14.3699,149762
2025-11-06 12:05,SDS,14.3615,14.37,14.3501,14.3501,125730
2025-11-06 12:06,SDS,14.36,14.3699,14.3513,14.3513,121948
2025-11-06 12:07,SDS,14.3548,14.38,14.3548,14.38,66541
2025-11-06 12:08,SDS,14.38,14.39,14.3701,14.39,160648
2025-11-06 12:09,SDS,14.385,14.385,14.3501,14.3501,93525
2025-11-06 12:10,SDS,14.35,14.35,14.33,14.34,160777
2025-11-06 12:11,SDS,14.34,14.34,14.3223,14.33,104210
2025-11-06 12:12,SDS,14.33,14.3485,14.33,14.3485,108696
2025-11-06 12:13,SDS,14.34,14.3594,14.34,14.3589,40825
2025-11-06 12:14,SDS,14.36,14.365,14.3599,14.3603,36841
2025-11-06 12:15,SDS,14.369,14.38,14.3635,14.3797,82009
2025-11-06 12:16,SDS,14.3787,14.3899,14.375,14.3899,60784
2025-11-06 12:17,SDS,14.385,14.3852,14.3717,14.38,271508
2025-11-06 12:18,SDS,14.37,14.375,14.36,14.3701,172114
2025-11-06 12:19,SDS,14.37,14.3833,14.37,14.38,102609
2025-11-06 12:20,SDS,14.3799,14.3801,14.3701,14.3801,115491
2025-11-06 12:21,SDS,14.3899,14.41,14.3897,14.4063,88923
2025-11-06 12:22,SDS,14.4061,14.4061,14.4,14.4,18638
2025-11-06 12:23,SDS,14.4,14.405,14.39,14.4,149535
2025-11-06 12:24,SDS,14.4099,14.41,14.3984,14.4077,49751
2025-11-06 12:25,SDS,14.4088,14.41,14.405,14.4099,82505
2025-11-06 12:26,SDS,14.4001,14.4299,14.4,14.4182,286483
2025-11-06 12:27,SDS,14.4183,14.4199,14.4001,14.4019,28218
2025-11-06 12:28,SDS,14.4,14.4056,14.3935,14.3999,178054
2025-11-06 12:29,SDS,14.395,14.3999,14.3822,14.3899,183733
2025-11-06 12:30,SDS,14.3891,14.3999,14.38,14.38,111044
2025-11-06 12:31,SDS,14.39,14.3999,14.38,14.385,116888
2025-11-06 12:32,SDS,14.3801,14.3817,14.36,14.37,51515
2025-11-06 12:33,SDS,14.3691,14.3699,14.3516,14.3635,266731
2025-11-06 12:34,SDS,14.37,14.3833,14.3657,14.37,90282
2025-11-06 12:35,SDS,14.37,14.3715,14.3501,14.361,282948
2025-11-06 12:36,SDS,14.36,14.3618,14.355,14.3599,79593
2025-11-06 12:37,SDS,14.355,14.365,14.355,14.36,222926
2025-11-06 12:38,SDS,14.36,14.365,14.355,14.355,101382
2025-11-06 12:39,SDS,14.3599,14.37,14.3553,14.37,100929
2025-11-06 12:40,SDS,14.375,14.375,14.37,14.3701,48154
2025-11-06 12:41,SDS,14.37,14.3723,14.3698,14.37,48792
2025-11-06 12:42,SDS,14.3701,14.3701,14.355,14.355,81073
2025-11-06 12:43,SDS,14.3501,14.36,14.3423,14.345,60950
2025-11-06 12:44,SDS,14.3416,14.35,14.3416,14.3486,72879
2025-11-06 12:45,SDS,14.3465,14.3465,14.325,14.325,94850
2025-11-06 12:46,SDS,14.3277,14.3299,14.325,14.3299,17775
2025-11-06 12:47,SDS,14.3215,14.335,14.315,14.319113,126156
2025-11-06 12:48,SDS,14.3186,14.3186,14.3142,14.3142,625
2025-11-06 12:49,SDS,14.32,14.33,14.3117,14.33,65324
2025-11-06 12:50,SDS,14.3299,14.3299,14.31,14.32,100001
2025-11-06 12:51,SDS,14.31,14.3179,14.3,14.3115,80697
2025-11-06 12:52,SDS,14.3157,14.32,14.3064,14.3064,88856
2025-11-06 12:53,SDS,14.3099,14.3255,14.3099,14.3202,72439
2025-11-06 12:54,SDS,14.32,14.3245,14.3101,14.3118,74320
2025-11-06 12:55,SDS,14.3101,14.3152,14.31,14.31,38622
2025-11-06 12:56,SDS,14.31,14.315,14.305,14.31,155521
2025-11-06 12:57,SDS,14.31,14.32,14.3099,14.3197,72796
2025-11-06 12:58,SDS,14.3101,14.32,14.31,14.32,40042
2025-11-06 12:59,SDS,14.3199,14.33,14.3199,14.33,55053
2025-11-06 13:00,SDS,14.33,14.33,14.3283,14.33,410
2025-11-06 13:01,SDS,14.325,14.325,14.3101,14.3122,100056
2025-11-06 13:02,SDS,14.3138,14.32,14.3101,14.3188,13911
2025-11-06 13:03,SDS,14.32,14.3348,14.3198,14.3301,123255
2025-11-06 13:04,SDS,14.3356,14.3599,14.3356,14.3599,71059
2025-11-06 13:05,SDS,14.36,14.38,14.36,14.375,102480
2025-11-06 13:06,SDS,14.38,14.4,14.38,14.3999,263774
2025-11-06 13:07,SDS,14.4,14.4,14.3801,14.395,192481
2025-11-06 13:08,SDS,14.3983,14.399,14.3885,14.3901,146328
2025-11-06 13:09,SDS,14.3906,14.4,14.3906,14.398,12215
2025-11-06 13:10,SDS,14.4,14.405,14.3948,14.3955,165389
2025-11-06 13:11,SDS,14.4,14.4,14.39,14.395,234609
2025-11-06 13:12,SDS,14.4,14.4,14.39,14.3944,91989
2025-11-06 13:13,SDS,14.395,14.395,14.38,14.3945,259415
2025-11-06 13:14,SDS,14.39,14.3955,14.3835,14.39,118654
2025-11-06 13:15,SDS,14.38,14.3899,14.375,14.382,103262
2025-11-06 13:16,SDS,14.38,14.3806,14.3716,14.38,58024
2025-11-06 13:17,SDS,14.39,14.395,14.3801,14.3801,208514
2025-11-06 13:18,SDS,14.3825,14.4,14.3821,14.3821,93445
2025-11-06 13:19,SDS,14.3899,14.395,14.3899,14.39,80997
2025-11-06 13:20,SDS,14.3843,14.3843,14.3722,14.376,26088
2025-11-06 13:21,SDS,14.375,14.3899,14.3701,14.3801,36575
2025-11-06 13:22,SDS,14.3801,14.3801,14.3791,14.38,79814
2025-11-06 13:23,SDS,14.375,14.375,14.36,14.3622,7225
2025-11-06 13:24,SDS,14.365,14.365,14.3435,14.3435,78004
2025-11-06 13:25,SDS,14.34,14.345,14.33,14.33,22773
2025-11-06 13:26,SDS,14.3333,14.3333,14.3123,14.3167,238241
2025-11-06 13:27,SDS,14.315,14.3398,14.315,14.3398,129123
2025-11-06 13:28,SDS,14.33,14.3345,14.325,14.3284,83742
2025-11-06 13:29,SDS,14.3239,14.335,14.3198,14.3301,125207
2025-11-06 13:30,SDS,14.3301,14.3306,14.3167,14.3199,84282
2025-11-06 13:31,SDS,14.31,14.315,14.305,14.3101,206082
2025-11-06 13:32,SDS,14.3149,14.3158,14.3135,14.3135,6287
2025-11-06 13:33,SDS,14.31,14.3283,14.31,14.325,104470
2025-11-06 13:34,SDS,14.3247,14.3255,14.3117,14.3117,13090
2025-11-06 13:35,SDS,14.315,14.3199,14.3,14.3,127445
2025-11-06 13:36,SDS,14.3,14.305,14.28,14.2899,66439
2025-11-06 13:37,SDS,14.2899,14.2999,14.2855,14.2999,130074
2025-11-06 13:38,SDS,14.2996,14.305,14.29,14.2979,91415
2025-11-06 13:39,SDS,14.3,14.305,14.2914,14.295,123375
2025-11-06 13:40,SDS,14.29,14.2958,14.2801,14.2958,161477
2025-11-06 13:41,SDS,14.295,14.295,14.2845,14.295,103847
2025-11-06 13:42,SDS,14.295,14.295,14.2882,14.2883,53533
2025-11-06 13:43,SDS,14.2815,14.29,14.28,14.29,94287
2025-11-06 13:44,SDS,14.28,14.2801,14.28,14.2801,3300
2025-11-06 13:45,SDS,14.29,14.3,14.285,14.3,169220
2025-11-06 13:46,SDS,14.2999,14.31,14.2901,14.3099,86272
2025-11-06 13:47,SDS,14.31,14.315,14.2901,14.2998,194932
2025-11-06 13:48,SDS,14.3,14.3,14.29,14.29,122220
2025-11-06 13:49,SDS,14.295,14.3,14.2915,14.2963,19793
2025-11-06 13:50,SDS,14.2981,14.2999,14.2877,14.2901,124951
2025-11-06 13:51,SDS,14.2916,14.2916,14.2841,14.2865,28717
2025-11-06 13:52,SDS,14.2898,14.29,14.2801,14.2801,128037
2025-11-06 13:53,SDS,14.2853,14.305,14.2853,14.3,169740
2025-11-06 13:54,SDS,14.3,14.3,14.2818,14.2818,28710
2025-11-06 13:55,SDS,14.2899,14.3099,14.2848,14.3099,126047
2025-11-06 13:56,SDS,14.31,14.32,14.31,14.32,11115
2025-11-06 13:57,SDS,14.3197,14.328726,14.3101,14.3199,237978
2025-11-06 13:58,SDS,14.315,14.32,14.3098,14.32,91835
2025-11-06 13:59,SDS,14.3119,14.3199,14.305,14.3059,34107
2025-11-06 14:00,SDS,14.31,14.3148,14.3045,14.31,118837
2025-11-06 14:01,SDS,14.3,14.3,14.295,14.3,25393
2025-11-06 14:02,SDS,14.3,14.31,14.3,14.31,51065
2025-11-06 14:03,SDS,14.3003,14.3099,14.2993,14.3,229794
2025-11-06 14:04,SDS,14.29,14.2901,14.27,14.27,35407
2025-11-06 14:05,SDS,14.27,14.2702,14.2501,14.255,140654
2025-11-06 14:06,SDS,14.255,14.2552,14.24,14.2525,67775
2025-11-06 14:07,SDS,14.2501,14.26,14.25,14.26,160757
2025-11-06 14:08,SDS,14.2601,14.2725,14.26,14.27,96678
2025-11-06 14:09,SDS,14.2699,14.275,14.26,14.275,60109
2025-11-06 14:10,SDS,14.2702,14.2732,14.26,14.26,85891
2025-11-06 14:11,SDS,14.2601,14.265,14.26,14.265,5912
2025-11-06 14:12,SDS,14.2699,14.27,14.2699,14.27,8111
2025-11-06 14:13,SDS,14.2699,14.2699,14.26,14.26,21808
2025-11-06 14:14,SDS,14.2552,14.26,14.25,14.25,40700
2025-11-06 14:15,SDS,14.2503,14.26,14.2451,14.26,113535
2025-11-06 14:16,SDS,14.26,14.265,14.26,14.265,15995
2025-11-06 14:17,SDS,14.26,14.2744,14.26,14.27,84002
2025-11-06 14:18,SDS,14.2701,14.275,14.265,14.275,125296
2025-11-06 14:19,SDS,14.275,14.275,14.265,14.265,67239
2025-11-06 14:20,SDS,14.27,14.27,14.265,14.265,9363
2025-11-06 14:21,SDS,14.265,14.2685,14.265,14.2662,7945
2025-11-06 14:22,SDS,14.2683,14.2699,14.2599,14.265,107163
2025-11-06 14:23,SDS,14.2601,14.2621,14.25,14.2599,54045
2025-11-06 14:25,SDS,14.2501,14.2501,14.2435,14.2435,46508
2025-11-06 14:26,SDS,14.245,14.25,14.245,14.245,30042
2025-11-06 14:27,SDS,14.24,14.24,14.23,14.24,80775
2025-11-06 14:28,SDS,14.25,14.25,14.23,14.2302,74429
2025-11-06 14:29,SDS,14.23,14.235,14.222,14.2302,69310
2025-11-06 14:30,SDS,14.2301,14.2499,14.23,14.2497,7890
2025-11-06 14:31,SDS,14.245,14.245,14.23,14.2399,69406
2025-11-06 14:32,SDS,14.24,14.24,14.225,14.225,48412
2025-11-06 14:33,SDS,14.225,14.2299,14.2218,14.2298,14873
2025-11-06 14:34,SDS,14.2293,14.2315,14.2277,14.2301,69999
2025-11-06 14:35,SDS,14.23,14.23,14.2265,14.23,76177
2025-11-06 14:36,SDS,14.2201,14.2245,14.2198,14.2235,205534
2025-11-06 14:37,SDS,14.225,14.23,14.2223,14.2223,3778
2025-11-06 14:38,SDS,14.2283,14.2299,14.22,14.2202,24315
2025-11-06 14:39,SDS,14.2245,14.24,14.2245,14.2301,28788
2025-11-06 14:40,SDS,14.2399,14.25,14.2321,14.245,59044
2025-11-06 14:41,SDS,14.25,14.265,14.2498,14.2603,95172
2025-11-06 14:42,SDS,14.2699,14.275,14.265,14.2655,158695
2025-11-06 14:43,SDS,14.265,14.2778,14.26,14.2601,107857
2025-11-06 14:44,SDS,14.2601,14.2699,14.2501,14.2501,77625
2025-11-06 14:45,SDS,14.2555,14.2555,14.25,14.25,9410
2025-11-06 14:46,SDS,14.25,14.2614,14.245,14.2601,107705
2025-11-06 14:47,SDS,14.26,14.265,14.2511,14.265,34860
2025-11-06 14:48,SDS,14.26,14.27,14.25,14.2698,113613
2025-11-06 14:49,SDS,14.275,14.275,14.27,14.27,63857
2025-11-06 14:50,SDS,14.27,14.2701,14.2604,14.265,74231
2025-11-06 14:51,SDS,14.26,14.27,14.26,14.27,104471
2025-11-06 14:52,SDS,14.2701,14.28,14.27,14.28,15345
2025-11-06 14:53,SDS,14.2801,14.29,14.27,14.27,112061
2025-11-06 14:54,SDS,14.2645,14.27,14.2619,14.2619,108268
2025-11-06 14:55,SDS,14.26,14.265,14.2501,14.26,72984
2025-11-06 14:56,SDS,14.25,14.2515,14.245,14.25,69664
2025-11-06 14:57,SDS,14.2499,14.2499,14.24,14.24,61894
2025-11-06 14:58,SDS,14.235,14.2355,14.23,14.2301,12299
2025-11-06 14:59,SDS,14.235,14.2552,14.235,14.2499,74391
2025-11-06 15:00,SDS,14.245,14.2499,14.245,14.2499,9060
2025-11-06 15:01,SDS,14.245,14.27,14.245,14.2555,83614
2025-11-06 15:02,SDS,14.26,14.26,14.2585,14.26,59017
2025-11-06 15:03,SDS,14.265,14.265,14.2522,14.2522,53024
2025-11-06 15:05,SDS,14.2502,14.2502,14.2439,14.2439,26700
2025-11-06 15:06,SDS,14.245,14.2599,14.245,14.2499,142583
2025-11-06 15:07,SDS,14.2499,14.25,14.2401,14.2452,101500
2025-11-06 15:08,SDS,14.2499,14.25,14.24,14.2499,135504
2025-11-06 15:09,SDS,14.2499,14.2599,14.2417,14.25,73762
2025-11-06 15:10,SDS,14.2499,14.2499,14.235,14.24,178562
2025-11-06 15:11,SDS,14.24,14.2465,14.2373,14.2401,105302
2025-11-06 15:12,SDS,14.2404,14.25,14.2382,14.25,116410
2025-11-06 15:13,SDS,14.255,14.26,14.2499,14.25,140010
2025-11-06 15:15,SDS,14.2499,14.25,14.2472,14.25,70126
2025-11-06 15:16,SDS,14.255,14.265,14.25,14.25,110548
2025-11-06 15:18,SDS,14.2599,14.2599,14.2428,14.2497,26304
2025-11-06 15:19,SDS,14.2413,14.245,14.24,14.2427,10277
2025-11-06 15:20,SDS,14.2401,14.25,14.2401,14.2498,51054
2025-11-06 15:21,SDS,14.25,14.2528,14.2401,14.245,73276
2025-11-06 15:22,SDS,14.245,14.245,14.2421,14.245,3094
2025-11-06 15:23,SDS,14.24,14.2401,14.235,14.235,42704
2025-11-06 15:24,SDS,14.2399,14.2399,14.235,14.235,7318
2025-11-06 15:25,SDS,14.2365,14.245,14.23,14.2399,129552
2025-11-06 15:26,SDS,14.2335,14.25,14.2301,14.2499,29846
2025-11-06 15:27,SDS,14.245,14.2499,14.2432,14.245,20231
2025-11-06 15:28,SDS,14.25,14.2555,14.25,14.255,19450
2025-11-06 15:29,SDS,14.26,14.2797,14.26,14.275,13976
2025-11-06 15:30,SDS,14.27,14.2775,14.26,14.2699,114469
2025-11-06 15:31,SDS,14.2699,14.2899,14.265,14.2833,91894
2025-11-06 15:32,SDS,14.29,14.3,14.285,14.29,76300
2025-11-06 15:33,SDS,14.28,14.28,14.275,14.2776,49584
2025-11-06 15:34,SDS,14.28,14.28,14.2601,14.2699,101652
2025-11-06 15:35,SDS,14.2601,14.2623,14.2553,14.26,114166
2025-11-06 15:36,SDS,14.2603,14.2799,14.26,14.2701,39273
2025-11-06 15:37,SDS,14.2756,14.2756,14.26,14.27,42531
2025-11-06 15:38,SDS,14.2799,14.2801,14.2799,14.2801,61295
2025-11-06 15:39,SDS,14.285,14.29,14.28,14.29,82069
2025-11-06 15:40,SDS,14.285,14.29,14.28,14.2856,138471
2025-11-06 15:41,SDS,14.2898,14.3,14.2852,14.2905,144621
2025-11-06 15:42,SDS,14.29,14.3,14.29,14.3,75508
2025-11-06 15:43,SDS,14.3021,14.31,14.3,14.3,19185
2025-11-06 15:44,SDS,14.31,14.3199,14.3,14.31,180487
2025-11-06 15:45,SDS,14.31,14.325,14.301,14.325,75198
2025-11-06 15:46,SDS,14.325,14.345,14.31,14.345,218144
2025-11-06 15:47,SDS,14.3452,14.35,14.335,14.345,163045
2025-11-06 15:48,SDS,14.3478,14.3501,14.34,14.34,118906
2025-11-06 15:49,SDS,14.3458,14.35,14.345,14.35,48442
2025-11-06 15:50,SDS,14.35,14.355,14.34,14.34,176624
2025-11-06 15:51,SDS,14.3445,14.3499,14.335,14.345,97434
2025-11-06 15:52,SDS,14.34,14.345,14.32,14.3301,215929
2025-11-06 15:53,SDS,14.3356,14.34,14.3335,14.3399,38716
2025-11-06 15:54,SDS,14.3399,14.34,14.33,14.34,56599
2025-11-06 15:55,SDS,14.35,14.3577,14.3455,14.355,121173
2025-11-05 16:43,SOXL,46.86,46.87,46.8,46.8,10188
2025-11-05 16:44,SOXL,46.79,46.79,46.7585,46.78,2916
2025-11-05 16:45,SOXL,46.75,46.75,46.71,46.71,5190
2025-11-05 16:46,SOXL,46.72,46.72,46.68,46.6906,5968
2025-11-05 16:47,SOXL,46.69,46.73,46.68,46.71,3665
2025-11-05 16:48,SOXL,46.72,46.7289,46.7,46.7099,2304
2025-11-05 16:49,SOXL,46.69,46.7,46.6729,46.68,4435
2025-11-05 16:50,SOXL,46.69,46.7,46.5799,46.58,8085
2025-11-05 16:51,SOXL,46.5519,46.6,46.5502,46.58,6298
2025-11-05 16:52,SOXL,46.59,46.6,46.58,46.586,1107
2025-11-05 16:53,SOXL,46.6,46.61,46.59,46.6,1684
2025-11-05 16:54,SOXL,46.56,46.6195,46.56,46.6,6960
2025-11-05 16:55,SOXL,46.59,46.61,46.59,46.6,16432
2025-11-05 16:56,SOXL,46.59,46.6,46.58,46.58,5789
2025-11-05 16:57,SOXL,46.5702,46.5702,46.51,46.5693,3404
2025-11-05 16:58,SOXL,46.51,46.54,46.5,46.5294,14507
2025-11-05 16:59,SOXL,46.5,46.51,46.46,46.5,11813
2025-11-05 17:00,SOXL,46.5,46.51,46.46,46.51,13681
2025-11-05 17:01,SOXL,46.51,46.57,46.47,46.57,4047
2025-11-05 17:02,SOXL,46.55,46.6,46.55,46.59,12121
2025-11-05 17:03,SOXL,46.57,46.59,46.56,46.56,927
2025-11-05 17:04,SOXL,46.58,46.59,46.56,46.56,2511
2025-11-05 17:05,SOXL,46.56,46.5855,46.56,46.56,1463
2025-11-05 17:06,SOXL,46.56,46.5603,46.56,46.56,1606
2025-11-05 17:07,SOXL,46.57,46.65,46.57,46.63,6936
2025-11-05 17:08,SOXL,46.64,46.65,46.57,46.62,3128
2025-11-05 17:09,SOXL,46.61,46.64,46.6,46.64,7282
2025-11-05 17:10,SOXL,46.63,46.64,46.62,46.62,584
2025-11-05 17:11,SOXL,46.6297,46.63,46.61,46.63,2014
2025-11-05 17:12,SOXL,46.64,46.64,46.62,46.63,4431
2025-11-05 17:13,SOXL,46.61,46.64,46.61,46.63,1578
2025-11-05 17:14,SOXL,46.63,46.64,46.63,46.64,1169
2025-11-05 17:15,SOXL,46.62,46.64,46.62,46.64,1960
2025-11-05 17:16,SOXL,46.63,46.65,46.63,46.64,1192
2025-11-05 17:17,SOXL,46.63,46.6491,46.62,46.63,2005
2025-11-05 17:18,SOXL,46.63,46.63,46.6,46.6,10401
2025-11-05 17:19,SOXL,46.6,46.61,46.59,46.6,2426
2025-11-05 17:20,SOXL,46.59,46.6,46.59,46.6,8113
2025-11-05 17:21,SOXL,46.58,46.59,46.57,46.57,2564
2025-11-05 17:22,SOXL,46.5703,46.5703,46.55,46.57,2477
2025-11-05 17:23,SOXL,46.56,46.58,46.56,46.58,3818
2025-11-05 17:24,SOXL,46.58,46.58,46.58,46.58,367
2025-11-05 17:25,SOXL,46.58,46.6,46.58,46.6,1749
2025-11-05 17:26,SOXL,46.6478,46.6478,46.6478,46.6478,120
2025-11-05 17:27,SOXL,46.63,46.63,46.63,46.63,540
2025-11-05 17:28,SOXL,46.63,46.63,46.61,46.61,696
2025-11-05 17:29,SOXL,46.61,46.61,46.6,46.6,420
2025-11-05 17:30,SOXL,46.6,46.6099,46.6,46.6,1906
2025-11-05 17:31,SOXL,46.6,46.6,46.5728,46.5981,756
2025-11-05 17:32,SOXL,46.57,46.6,46.56,46.57,3293
2025-11-05 17:33,SOXL,46.5796,46.63,46.56,46.63,5779
2025-11-05 17:34,SOXL,46.64,46.64,46.61,46.61,367
2025-11-05 17:35,SOXL,46.61,46.61,46.605,46.61,1799
2025-11-05 17:36,SOXL,46.61,46.61,46.6,46.61,874
2025-11-05 17:37,SOXL,46.62,46.62,46.61,46.61,4853
2025-11-05 17:39,SOXL,46.61,46.62,46.61,46.62,353
2025-11-05 17:40,SOXL,46.608,46.608,46.6004,46.6004,400
2025-11-05 17:41,SOXL,46.58,46.62,46.5715,46.62,3962
2025-11-05 17:42,SOXL,46.61,46.62,46.6,46.6005,602
2025-11-05 17:43,SOXL,46.61,46.62,46.6,46.61,3312
2025-11-05 17:44,SOXL,46.61,46.61,46.61,46.61,600
2025-11-05 17:45,SOXL,46.62,46.62,46.6017,46.62,2124
2025-11-05 17:46,SOXL,46.62,46.62,46.6,46.61,2701
2025-11-05 17:47,SOXL,46.6002,46.6176,46.6002,46.61,1120
2025-11-05 17:48,SOXL,46.62,46.65,46.62,46.63,5581
2025-11-05 17:49,SOXL,46.66,46.66,46.65,46.66,2092
2025-11-05 17:50,SOXL,46.67,46.72,46.67,46.71,17637
2025-11-05 17:51,SOXL,46.7,46.7,46.68,46.7,9523
2025-11-05 17:52,SOXL,46.7,46.72,46.7,46.72,1523
2025-11-05 17:53,SOXL,46.73,46.74,46.73,46.74,998
2025-11-05 17:54,SOXL,46.74,46.75,46.73,46.73,2475
2025-11-05 17:55,SOXL,46.73,46.7399,46.73,46.73,7696
2025-11-05 17:56,SOXL,46.73,46.74,46.7293,46.7397,2466
2025-11-05 17:57,SOXL,46.73,46.755,46.73,46.755,7172
2025-11-05 17:58,SOXL,46.755,46.8,46.74,46.7787,6256
2025-11-05 17:59,SOXL,46.78,46.7897,46.779,46.78,9561
2025-11-05 18:00,SOXL,46.79,46.79,46.77,46.79,2509
2025-11-05 18:01,SOXL,46.8,46.8,46.76,46.769,2815
2025-11-05 18:02,SOXL,46.76,46.76,46.74,46.74,1111
2025-11-05 18:03,SOXL,46.74,46.74,46.6601,46.71,16382
2025-11-05 18:04,SOXL,46.695,46.72,46.67,46.69,25431
2025-11-05 18:05,SOXL,46.66,46.66,46.57,46.57,11228
2025-11-05 18:06,SOXL,46.6,46.65,46.6,46.6499,10340
2025-11-05 18:07,SOXL,46.6,46.63,46.59,46.5999,20600
2025-11-05 18:08,SOXL,46.59,46.64,46.5542,46.64,8015
2025-11-05 18:09,SOXL,46.6234,46.66,46.62,46.66,7185
2025-11-05 18:10,SOXL,46.6463,46.66,46.64,46.65,11846
2025-11-05 18:11,SOXL,46.65,46.65,46.64,46.64,5862
2025-11-05 18:12,SOXL,46.669,46.67,46.669,46.67,870
2025-11-05 18:13,SOXL,46.6431,46.66,46.6431,46.66,371
2025-11-05 18:14,SOXL,46.67,46.67,46.65,46.65,450
2025-11-05 18:15,SOXL,46.67,46.71,46.67,46.67,447
2025-11-05 18:16,SOXL,46.67,46.73,46.67,46.73,845
2025-11-05 18:17,SOXL,46.75,46.79,46.7499,46.77,2880
2025-11-05 18:18,SOXL,46.79,46.79,46.75,46.75,550
2025-11-05 18:19,SOXL,46.7893,46.7893,46.7,46.7,4220
2025-11-05 18:20,SOXL,46.76,46.76,46.76,46.76,3880
2025-11-05 18:21,SOXL,46.7408,46.79,46.7408,46.76,2626
2025-11-05 18:22,SOXL,46.77,46.77,46.76,46.76,688
2025-11-05 18:23,SOXL,46.77,46.77,46.7,46.7,540
2025-11-05 18:24,SOXL,46.7693,46.7693,46.7,46.71,2685
2025-11-05 18:25,SOXL,46.71,46.7101,46.6601,46.7,1144
2025-11-05 18:26,SOXL,46.7,46.7,46.65,46.65,4725
2025-11-05 18:27,SOXL,46.7,46.7,46.69,46.7,591
2025-11-05 18:28,SOXL,46.71,46.71,46.7097,46.7099,700
2025-11-05 18:29,SOXL,46.7,46.7,46.69,46.69,650
2025-11-05 18:30,SOXL,46.651,46.71,46.65,46.67,2894
2025-11-05 18:31,SOXL,46.71,46.76,46.71,46.76,828
2025-11-05 18:32,SOXL,46.74,46.75,46.72,46.75,1811
2025-11-05 18:33,SOXL,46.71,46.77,46.71,46.76,1336
2025-11-05 18:34,SOXL,46.78,46.8,46.78,46.78,3764
2025-11-05 18:35,SOXL,46.78,46.7892,46.74,46.76,9067
2025-11-05 18:36,SOXL,46.77,46.77,46.77,46.77,800
2025-11-05 18:37,SOXL,46.7598,46.76,46.75,46.75,840
2025-11-05 18:38,SOXL,46.76,46.8,46.76,46.78,3871
2025-11-05 18:39,SOXL,46.74,46.78,46.73,46.78,1395
2025-11-05 18:40,SOXL,46.78,46.8,46.78,46.8,6046
2025-11-05 18:41,SOXL,46.82,46.89,46.82,46.88,6565
2025-11-05 18:42,SOXL,46.89,46.94,46.89,46.939,9927
2025-11-05 18:43,SOXL,46.939,46.95,46.93,46.94,12269
2025-11-05 18:44,SOXL,46.94,47.0,46.94,47.0,8092
2025-11-05 18:45,SOXL,47.0,47.0,46.9704,46.98,4701
2025-11-05 18:46,SOXL,46.97,46.97,46.92,46.92,2564
2025-11-05 18:47,SOXL,46.95,46.959,46.92,46.95,1423
2025-11-05 18:48,SOXL,46.9599,46.96,46.94,46.96,4585
2025-11-05 18:49,SOXL,46.97,46.98,46.96,46.98,3055
2025-11-05 18:50,SOXL,46.9796,46.9796,46.94,46.94,3772
2025-11-05 18:51,SOXL,46.93,46.94,46.92,46.93,1907
2025-11-05 18:52,SOXL,46.92,46.94,46.92,46.94,922
2025-11-05 18:53,SOXL,46.93,46.94,46.92,46.94,2437
2025-11-05 18:54,SOXL,46.95,46.96,46.95,46.96,4168
2025-11-05 18:55,SOXL,46.97,46.99,46.97,46.97,3455
2025-11-05 18:56,SOXL,46.96,46.97,46.96,46.97,973
2025-11-05 18:57,SOXL,46.96,46.98,46.96,46.98,6114
2025-11-05 18:58,SOXL,46.99,47.1,46.99,47.09,10097
2025-11-05 18:59,SOXL,47.09,47.13,47.09,47.13,2121
2025-11-05 19:00,SOXL,47.15,47.2,47.12,47.12,7242
2025-11-05 19:01,SOXL,47.13,47.1856,47.1054,47.1784,5334
2025-11-05 19:02,SOXL,47.15,47.16,47.0908,47.115,5117
2025-11-05 19:03,SOXL,47.11,47.11,47.0,47.02,6134
2025-11-05 19:04,SOXL,47.0125,47.03,47.01,47.01,1333
2025-11-05 19:05,SOXL,47.02,47.04,47.02,47.02,1029
2025-11-05 19:06,SOXL,47.0497,47.05,47.02,47.04,1906
2025-11-05 19:07,SOXL,47.05,47.0797,47.05,47.0795,6353
2025-11-05 19:08,SOXL,47.05,47.05,46.96,47.0,12014
2025-11-05 19:09,SOXL,47.0,47.0,46.96,46.9998,2437
2025-11-05 19:10,SOXL,46.99,47.0399,46.97,47.0399,6290
2025-11-05 19:11,SOXL,46.99,46.99,46.96,46.9625,2909
2025-11-05 19:12,SOXL,46.98,46.98,46.92,46.93,8842
2025-11-05 19:13,SOXL,46.92,46.93,46.84,46.85,8523
2025-11-05 19:14,SOXL,46.83,46.84,46.8,46.81,7784
2025-11-05 19:15,SOXL,46.82,46.9181,46.82,46.9181,2857
2025-11-05 19:16,SOXL,46.87,46.88,46.8354,46.88,2188
2025-11-05 19:17,SOXL,46.88,46.89,46.84,46.84,3287
2025-11-05 19:18,SOXL,46.83,46.85,46.83,46.85,2448
2025-11-05 19:19,SOXL,46.825,46.84,46.825,46.84,980
2025-11-05 19:20,SOXL,46.86,46.87,46.85,46.85,1387
2025-11-05 19:21,SOXL,46.87,46.87,46.83,46.83,2077
2025-11-05 19:22,SOXL,46.82,46.85,46.82,46.85,2366
2025-11-05 19:23,SOXL,46.8593,46.8695,46.78,46.78,3352
2025-11-05 19:24,SOXL,46.795,46.795,46.7013,46.7013,5704
2025-11-05 19:25,SOXL,46.7705,46.7705,46.605,46.605,18184
2025-11-05 19:26,SOXL,46.6,46.6,46.54,46.55,7674
2025-11-05 19:27,SOXL,46.56,46.59,46.54,46.59,4132
2025-11-05 19:28,SOXL,46.54,46.6438,46.54,46.57,2081
2025-11-05 19:29,SOXL,46.59,46.7,46.585,46.6,1760
2025-11-05 19:30,SOXL,46.61,46.6855,46.6003,46.65,2600
2025-11-05 19:31,SOXL,46.6953,46.755,46.6953,46.72,1430
2025-11-05 19:32,SOXL,46.73,46.74,46.7,46.7,1993
2025-11-05 19:33,SOXL,46.67,46.67,46.5845,46.6282,7201
2025-11-05 19:34,SOXL,46.61,46.61,46.55,46.56,1514
2025-11-05 19:35,SOXL,46.55,46.57,46.53,46.57,26384
2025-11-05 19:36,SOXL,46.57,46.65,46.57,46.64,999
2025-11-05 19:37,SOXL,46.62,46.6884,46.62,46.67,3468
2025-11-05 19:38,SOXL,46.66,46.72,46.66,46.72,1699
2025-11-05 19:39,SOXL,46.7,46.7,46.602,46.602,12357
2025-11-05 19:40,SOXL,46.69,46.69,46.64,46.6401,1600
2025-11-05 19:41,SOXL,46.64,46.64,46.62,46.62,212
2025-11-05 19:42,SOXL,46.68,46.68,46.66,46.66,900
2025-11-05 19:43,SOXL,46.6666,46.6666,46.6666,46.6666,200
2025-11-05 19:44,SOXL,46.67,46.67,46.67,46.67,100
2025-11-05 19:45,SOXL,46.65,46.65,46.63,46.63,590
2025-11-05 19:46,SOXL,46.62,46.62,46.6,46.6189,1011
2025-11-05 19:47,SOXL,46.583,46.6,46.5501,46.5794,941
2025-11-05 19:48,SOXL,46.55,46.58,46.55,46.58,2072
2025-11-05 19:49,SOXL,46.55,46.5992,46.55,46.55,1400
2025-11-05 19:50,SOXL,46.6,46.6,46.54,46.55,3932
2025-11-05 19:51,SOXL,46.5698,46.57,46.55,46.57,980
2025-11-05 19:52,SOXL,46.5502,46.57,46.55,46.57,6279
2025-11-05 19:53,SOXL,46.5696,46.57,46.5696,46.57,529
2025-11-05 19:54,SOXL,46.5788,46.5788,46.49,46.49,8294
2025-11-05 19:55,SOXL,46.4502,46.5002,46.4502,46.5002,1052
2025-11-05 19:56,SOXL,46.54,46.54,46.4615,46.49,3691
2025-11-05 19:57,SOXL,46.4809,46.4901,46.48,46.4901,8977
2025-11-05 19:58,SOXL,46.49,46.52,46.49,46.519,12909
2025-11-05 19:59,SOXL,46.5102,46.8,46.5,46.8,8708
2025-11-06 07:00,SOXL,47.55,47.62,47.52,47.6,17673
2025-11-06 07:01,SOXL,47.63,47.69,47.59,47.69,8847
2025-11-06 07:02,SOXL,47.7,47.72,47.65,47.67,13609
2025-11-06 07:03,SOXL,47.66,47.66,47.63,47.64,1278
2025-11-06 07:04,SOXL,47.63,47.66,47.59,47.66,15926
2025-11-06 07:05,SOXL,47.675,47.705,47.67,47.69,5926
2025-11-06 07:06,SOXL,47.72,47.76,47.72,47.75,12766
2025-11-06 07:07,SOXL,47.74,47.74,47.7,47.72,4733
2025-11-06 07:08,SOXL,47.72,47.74,47.72,47.72,1632
2025-11-06 07:09,SOXL,47.72,47.73,47.68,47.68,6506
2025-11-06 07:10,SOXL,47.67,47.72,47.67,47.72,3577
2025-11-06 07:11,SOXL,47.72,47.75,47.71,47.72,5043
2025-11-06 07:12,SOXL,47.74,47.74,47.65,47.66,4929
2025-11-06 07:13,SOXL,47.7,47.72,47.67,47.72,7827
2025-11-06 07:14,SOXL,47.72,47.72,47.64,47.64,3877
2025-11-06 07:15,SOXL,47.63,47.67,47.6,47.6,5701
2025-11-06 07:16,SOXL,47.6,47.68,47.59,47.67,9834
2025-11-06 07:17,SOXL,47.66,47.68,47.64,47.67,2931
2025-11-06 07:18,SOXL,47.67,47.69,47.65,47.65,2645
2025-11-06 07:19,SOXL,47.62,47.62,47.6,47.62,3314
2025-11-06 07:20,SOXL,47.63,47.64,47.57,47.59,1876
2025-11-06 07:21,SOXL,47.6,47.6,47.54,47.59,6168
2025-11-06 07:22,SOXL,47.6,47.64,47.59,47.63,3202
2025-11-06 07:23,SOXL,47.65,47.66,47.64,47.64,974
2025-11-06 07:24,SOXL,47.62,47.65,47.59,47.59,3494
2025-11-06 07:25,SOXL,47.58,47.58,47.52,47.56,7478
2025-11-06 07:26,SOXL,47.57,47.57,47.49,47.49,5941
2025-11-06 07:27,SOXL,47.5,47.56,47.5,47.56,4576
2025-11-06 07:28,SOXL,47.54,47.55,47.51,47.51,8736
2025-11-06 07:29,SOXL,47.54,47.57,47.53,47.53,2050
2025-11-06 07:30,SOXL,47.53,47.53,47.48,47.52,2614
2025-11-06 07:31,SOXL,47.54,47.54,47.44,47.44,2545
2025-11-06 07:32,SOXL,47.47,47.52,47.43,47.52,12076
2025-11-06 07:33,SOXL,47.51,47.51,47.42,47.42,4859
2025-11-06 07:34,SOXL,47.47,47.51,47.47,47.49,4480
2025-11-06 07:35,SOXL,47.51,47.56,47.51,47.55,5860
2025-11-06 07:36,SOXL,47.54,47.54,47.48,47.49,5340
2025-11-06 07:37,SOXL,47.47,47.49,47.46,47.49,2269
2025-11-06 07:38,SOXL,47.49,47.5,47.46,47.49,7479
2025-11-06 07:39,SOXL,47.5,47.55,47.5,47.54,4218
2025-11-06 07:40,SOXL,47.54,47.58,47.54,47.58,2906
2025-11-06 07:41,SOXL,47.6,47.62,47.58,47.6,10646
2025-11-06 07:42,SOXL,47.61,47.61,47.58,47.59,1589
2025-11-06 07:43,SOXL,47.6,47.6,47.55,47.55,4545
2025-11-06 07:44,SOXL,47.55,47.62,47.55,47.62,1201
2025-11-06 07:45,SOXL,47.64,47.65,47.62,47.64,8197
2025-11-06 07:46,SOXL,47.64,47.64,47.6,47.6,1836
2025-11-06 07:47,SOXL,47.61,47.63,47.55,47.55,4033
2025-11-06 07:48,SOXL,47.58,47.58,47.55,47.55,5740
2025-11-06 07:49,SOXL,47.54,47.57,47.54,47.56,2349
2025-11-06 07:50,SOXL,47.55,47.55,47.53,47.54,899
2025-11-06 07:51,SOXL,47.52,47.57,47.51,47.57,3128
2025-11-06 07:52,SOXL,47.57,47.62,47.55,47.61,8403
2025-11-06 07:53,SOXL,47.59,47.6,47.59,47.6,427
2025-11-06 07:54,SOXL,47.61,47.61,47.57,47.57,4921
2025-11-06 07:55,SOXL,47.57,47.57,47.52,47.53,3091
2025-11-06 07:56,SOXL,47.52,47.54,47.51,47.52,17201
2025-11-06 07:57,SOXL,47.515,47.52,47.49,47.5,10961
2025-11-06 07:58,SOXL,47.52,47.54,47.52,47.54,803
2025-11-06 07:59,SOXL,47.53,47.54,47.47,47.47,11484
2025-11-06 08:00,SOXL,47.57,47.75,46.54,47.49,366379
2025-11-06 08:01,SOXL,46.46,47.535,46.0,46.55,153411
2025-11-06 08:02,SOXL,46.59,47.7403,46.0,47.47,247436
2025-11-06 08:03,SOXL,47.47,47.48,47.431,47.44,10058
2025-11-06 08:04,SOXL,47.4314,47.53,47.43,47.52,19211
2025-11-06 08:05,SOXL,47.51,47.51,47.45,47.45,3732
2025-11-06 08:06,SOXL,47.44,47.54,47.4,47.51,25788
2025-11-06 08:07,SOXL,47.4994,47.5,47.46,47.46,4405
2025-11-06 08:08,SOXL,47.47,47.48,47.45,47.45,1827
2025-11-06 08:09,SOXL,47.4505,47.5,47.44,47.48,11272
2025-11-06 08:10,SOXL,47.47,47.48,47.43,47.43,9874
2025-11-06 08:11,SOXL,47.45,47.45,47.44,47.449,1192
2025-11-06 08:12,SOXL,47.45,47.45,47.39,47.41,20821
2025-11-06 08:13,SOXL,47.46,47.5,47.46,47.49,12259
2025-11-06 08:14,SOXL,47.4993,47.51,47.49,47.51,7562
2025-11-06 08:15,SOXL,47.49,47.51,47.45,47.51,15027
2025-11-06 08:16,SOXL,47.51,47.54,47.51,47.5172,4198
2025-11-06 08:17,SOXL,47.52,47.52,47.41,47.41,21113
2025-11-06 08:18,SOXL,47.405,47.435,47.36,47.36,11169
2025-11-06 08:19,SOXL,47.37,47.45,47.37,47.44,10393
2025-11-06 08:20,SOXL,47.43,47.49,47.43,47.48,11558
2025-11-06 08:21,SOXL,47.48,47.49,47.46,47.49,13920
2025-11-06 08:22,SOXL,47.4902,47.56,47.4902,47.55,11139
2025-11-06 08:23,SOXL,47.56,47.57,47.555,47.57,4977
2025-11-06 08:24,SOXL,47.58,47.62,47.56,47.56,16729
2025-11-06 08:25,SOXL,47.5882,47.6,47.55,47.57,6607
2025-11-06 08:26,SOXL,47.57,47.59,47.56,47.56,4773
2025-11-06 08:27,SOXL,47.55,47.55,47.49,47.54,21793
2025-11-06 08:28,SOXL,47.6,47.6,47.58,47.58,4714
2025-11-06 08:29,SOXL,47.58,47.59,47.55,47.56,6071
2025-11-06 08:30,SOXL,47.59,47.62,47.5801,47.6,4705
2025-11-06 08:31,SOXL,47.6,47.6,47.565,47.57,5425
2025-11-06 08:32,SOXL,47.56,47.5661,47.54,47.54,9785
2025-11-06 08:33,SOXL,47.5418,47.55,47.5,47.53,8658
2025-11-06 08:34,SOXL,47.53,47.58,47.53,47.58,10968
2025-11-06 08:35,SOXL,47.6,47.63,47.6,47.6,5343
2025-11-06 08:36,SOXL,47.6,47.63,47.6,47.6,15433
2025-11-06 08:37,SOXL,47.58,47.58,47.45,47.49,13042
2025-11-06 08:38,SOXL,47.48,47.48,47.44,47.45,12707
2025-11-06 08:39,SOXL,47.44,47.46,47.38,47.45,21338
2025-11-06 08:40,SOXL,47.45,47.4799,47.43,47.45,17555
2025-11-06 08:41,SOXL,47.44,47.44,47.38,47.38,13972
2025-11-06 08:42,SOXL,47.4,47.4,47.32,47.38,14545
2025-11-06 08:43,SOXL,47.38,47.39,47.33,47.37,14571
2025-11-06 08:44,SOXL,47.38,47.39,47.3,47.34,30722
2025-11-06 08:45,SOXL,47.35,47.375,47.34,47.3599,10858
2025-11-06 08:46,SOXL,47.35,47.3598,47.32,47.3598,7478
2025-11-06 08:47,SOXL,47.32,47.32,47.29,47.31,11447
2025-11-06 08:48,SOXL,47.32,47.32,47.24,47.28,31729
2025-11-06 08:49,SOXL,47.28,47.28,47.2499,47.2502,10382
2025-11-06 08:50,SOXL,47.26,47.26,47.2,47.2,21416
2025-11-06 08:51,SOXL,47.19,47.3,47.19,47.28,10862
2025-11-06 08:52,SOXL,47.29,47.29,47.2485,47.27,6917
2025-11-06 08:53,SOXL,47.2601,47.27,47.2101,47.23,5274
2025-11-06 08:54,SOXL,47.22,47.23,47.12,47.15,34314
2025-11-06 08:55,SOXL,47.14,47.17,47.12,47.12,24238
2025-11-06 08:56,SOXL,47.11,47.1399,47.03,47.08,28022
2025-11-06 08:57,SOXL,47.08,47.13,47.04,47.12,12244
2025-11-06 08:58,SOXL,47.12,47.12,47.02,47.05,11901
2025-11-06 08:59,SOXL,47.05,47.09,47.04,47.07,72276
2025-11-06 09:00,SOXL,47.09,47.1,47.06,47.07,17253
2025-11-06 09:01,SOXL,47.0692,47.14,47.0692,47.11,51159
2025-11-06 09:02,SOXL,47.11,47.14,47.11,47.12,20303
2025-11-06 09:03,SOXL,47.12,47.13,47.03,47.03,44131
2025-11-06 09:04,SOXL,47.0201,47.05,46.88,46.89,64248
2025-11-06 09:05,SOXL,46.89,46.9209,46.76,46.78,34801
2025-11-06 09:06,SOXL,46.8,46.85,46.76,46.78,26259
2025-11-06 09:07,SOXL,46.78,46.78,46.64,46.64,30707
2025-11-06 09:08,SOXL,46.66,46.67,46.47,46.49,47466
2025-11-06 09:09,SOXL,46.48,46.53,46.4,46.41,57304
2025-11-06 09:10,SOXL,46.42,46.5,46.4,46.5,58616
2025-11-06 09:11,SOXL,46.4899,46.59,46.44,46.57,15875
2025-11-06 09:12,SOXL,46.58,46.68,46.58,46.68,41657
2025-11-06 09:13,SOXL,46.67,46.76,46.66,46.72,34440
2025-11-06 09:14,SOXL,46.73,46.8682,46.69,46.73,47473
2025-11-06 09:15,SOXL,46.75,46.76,46.59,46.59,35713
2025-11-06 09:16,SOXL,46.58,46.6185,46.5408,46.6,11899
2025-11-06 09:17,SOXL,46.62,46.63,46.57,46.57,10693
2025-11-06 09:18,SOXL,46.56,46.6178,46.56,46.57,7202
2025-11-06 09:19,SOXL,46.56,46.69,46.56,46.69,17194
2025-11-06 09:20,SOXL,46.68,46.73,46.64,46.675,13841
2025-11-06 09:21,SOXL,46.67,46.68,46.58,46.59,11879
2025-11-06 09:22,SOXL,46.57,46.62,46.57,46.6179,13731
2025-11-06 09:23,SOXL,46.6002,46.6002,46.56,46.57,8623
2025-11-06 09:24,SOXL,46.56,46.57,46.44,46.46,42352
2025-11-06 09:25,SOXL,46.48,46.63,46.44,46.44,23235
2025-11-06 09:26,SOXL,46.45,46.54,46.45,46.52,6684
2025-11-06 09:27,SOXL,46.53,46.58,46.5,46.58,12492
2025-11-06 09:28,SOXL,46.531,46.664,46.48,46.5,28284
2025-11-06 09:29,SOXL,46.5,46.56,46.38,46.52,51536
2025-11-06 09:30,SOXL,46.46,46.77,46.29,46.34,1010823
2025-11-06 09:31,SOXL,46.34,46.41,46.09,46.2156,569836
2025-11-06 09:32,SOXL,46.215,46.59,46.215,46.575,357794
2025-11-06 09:33,SOXL,46.58,46.67,46.34,46.3993,313307
2025-11-06 09:34,SOXL,46.39,46.5925,46.35,46.3992,201537
2025-11-06 09:35,SOXL,46.4,46.4,46.1309,46.2274,392299
2025-11-06 09:36,SOXL,46.225,46.47,46.2135,46.29,248652
2025-11-06 09:37,SOXL,46.28,46.54,46.25,46.48,366062
2025-11-06 09:38,SOXL,46.485,46.9131,46.45,46.81,400813
2025-11-06 09:39,SOXL,46.82,46.84,46.61,46.645,273289
2025-11-06 09:40,SOXL,46.62,46.8043,46.57,46.5989,467658
2025-11-06 09:41,SOXL,46.57,46.6,46.285,46.39,372766
2025-11-06 09:42,SOXL,46.34,46.49,46.22,46.26,302700
2025-11-06 09:43,SOXL,46.29,46.36,46.2,46.32,291435
2025-11-06 09:44,SOXL,46.3193,46.42,46.2,46.365,243936
2025-11-06 09:45,SOXL,46.36,46.58,46.355,46.525,301348
2025-11-06 09:46,SOXL,46.5115,46.575,46.4,46.57,274362
2025-11-06 09:47,SOXL,46.56,46.76,46.54,46.745,276406
2025-11-06 09:48,SOXL,46.78,46.985,46.73,46.9,382284
2025-11-06 09:49,SOXL,46.918645,46.92,46.515,46.53113,297869
2025-11-06 09:50,SOXL,46.5246,46.6669,46.25,46.2807,431310
2025-11-06 09:51,SOXL,46.3,46.3,45.8699,45.8774,712831
2025-11-06 09:52,SOXL,45.895,46.0,45.65,45.795,496749
2025-11-06 09:53,SOXL,45.75,46.05,45.7417,45.895,307243
2025-11-06 09:54,SOXL,45.885,45.9,45.6728,45.6728,265498
2025-11-06 09:55,SOXL,45.68,45.8401,45.6129,45.825,261620
2025-11-06 09:56,SOXL,45.83,45.85,45.605,45.705,250326
2025-11-06 09:57,SOXL,45.7085,45.711,45.48,45.495,585555
2025-11-06 09:58,SOXL,45.52,45.63,45.4761,45.55,204478
2025-11-06 09:59,SOXL,45.54,45.6099,45.4,45.41,366269
2025-11-06 10:00,SOXL,45.39,45.39,45.07,45.125,539483
2025-11-06 10:01,SOXL,45.1207,45.23,44.9,44.93,694671
2025-11-06 10:02,SOXL,44.91,44.91,44.32,44.3793,1228844
2025-11-06 10:03,SOXL,44.4146,44.75,44.31,44.67,612259
2025-11-06 10:04,SOXL,44.665,44.665,44.31,44.42,529506
2025-11-06 10:05,SOXL,44.43,44.885,44.43,44.77,484814
2025-11-06 10:06,SOXL,44.78,45.07,44.7,45.07,642252
2025-11-06 10:07,SOXL,45.0465,45.0465,44.7102,44.8035,353155
2025-11-06 10:08,SOXL,44.81,44.825,44.5601,44.675,304885
2025-11-06 10:09,SOXL,44.715,44.8664,44.6245,44.73,226276
2025-11-06 10:10,SOXL,44.71,45.07,44.71,45.07,321246
2025-11-06 10:11,SOXL,45.075,45.08,44.915,44.915,396610
2025-11-06 10:12,SOXL,44.955,44.955,44.4602,44.47,413142
2025-11-06 10:13,SOXL,44.45,44.635,44.45,44.54,251922
2025-11-06 10:14,SOXL,44.5602,44.57,44.335,44.35,279323
2025-11-06 10:15,SOXL,44.34,44.375,44.11,44.33,510529
2025-11-06 10:16,SOXL,44.3216,44.7099,44.3216,44.63,432379
2025-11-06 10:17,SOXL,44.605,44.8625,44.605,44.735,269070
2025-11-06 10:18,SOXL,44.7278,44.98,44.725,44.93,262364
2025-11-06 10:19,SOXL,44.94,44.95,44.72,44.79,231187
2025-11-06 10:20,SOXL,44.845,45.1152,44.8144,45.05,470181
2025-11-06 10:21,SOXL,45.0932,45.19,44.99,45.025,295612
2025-11-06 10:22,SOXL,45.005,45.16,44.9635,45.12,279343
2025-11-06 10:23,SOXL,45.13,45.2411,45.115,45.2411,353050
2025-11-06 10:24,SOXL,45.255,45.41,45.205,45.225,300488
2025-11-06 10:25,SOXL,45.22,45.41,45.22,45.41,256323
2025-11-06 10:26,SOXL,45.405,45.405,45.09,45.1098,336007
2025-11-06 10:27,SOXL,45.12,45.2,45.085,45.1,129690
2025-11-06 10:28,SOXL,45.13,45.23,45.0135,45.15,188819
2025-11-06 10:29,SOXL,45.17,45.2045,44.93,44.9326,188024
2025-11-06 10:30,SOXL,44.975,45.015,44.7515,44.9,454790
2025-11-06 10:31,SOXL,44.868,45.12,44.868,44.99,204052
2025-11-06 10:32,SOXL,44.995,45.04,44.625,44.6345,200400
2025-11-06 10:33,SOXL,44.61,44.63,44.2224,44.2699,498054
2025-11-06 10:34,SOXL,44.27,44.3452,44.245,44.295,293200
2025-11-06 10:35,SOXL,44.28,44.28,44.115,44.18,359792
2025-11-06 10:36,SOXL,44.1756,44.2113,43.75,43.77,713624
2025-11-06 10:37,SOXL,43.79,43.8188,43.38,43.4203,642880
2025-11-06 10:38,SOXL,43.46,43.6799,43.3915,43.5601,538559
2025-11-06 10:39,SOXL,43.5,43.6,43.49,43.5599,274936
2025-11-06 10:40,SOXL,43.555,43.5855,43.401,43.5,448765
2025-11-06 10:41,SOXL,43.51,43.71,43.465,43.555,369785
2025-11-06 10:42,SOXL,43.59,43.67,43.4315,43.52,272388
2025-11-06 10:43,SOXL,43.495,43.7399,43.495,43.52,345703
2025-11-06 10:44,SOXL,43.51,43.57,43.13,43.18,446440
2025-11-06 10:45,SOXL,43.2112,43.55,43.2112,43.55,452102
2025-11-06 10:46,SOXL,43.54,43.54,43.2505,43.36,411474
2025-11-06 10:47,SOXL,43.35,43.38,43.16,43.16,279246
2025-11-06 10:48,SOXL,43.155,43.35,43.03,43.16,558181
2025-11-06 10:49,SOXL,43.2,43.3074,43.1112,43.2999,401840
2025-11-06 10:50,SOXL,43.33,43.585,43.29,43.38,477643
2025-11-06 10:51,SOXL,43.37,43.68,43.35,43.525,432042
2025-11-06 10:52,SOXL,43.535,43.535,43.19,43.19,399160
2025-11-06 10:53,SOXL,43.18,43.265,42.92,42.9399,723403
2025-11-06 10:54,SOXL,42.96,43.37,42.9599,43.37,468289
2025-11-06 10:55,SOXL,43.3322,43.64,43.29,43.5713,389573
2025-11-06 10:56,SOXL,43.51,43.51,43.055,43.08,401617
2025-11-06 10:57,SOXL,43.14,43.15,42.905,42.93,354894
2025-11-06 10:58,SOXL,42.895,42.93,42.731,42.75,327932
2025-11-06 10:59,SOXL,42.755,42.9,42.73,42.84,289460
2025-11-06 11:00,SOXL,42.83,43.1299,42.83,43.1145,372614
2025-11-06 11:01,SOXL,43.1,43.301,43.1,43.22,436353
2025-11-06 11:02,SOXL,43.23,43.4445,43.2253,43.43,314167
2025-11-06 11:03,SOXL,43.4286,43.548,43.355,43.458548,379734
2025-11-06 11:04,SOXL,43.4555,43.6925,43.45,43.66,312058
2025-11-06 11:05,SOXL,43.69,43.885,43.67,43.79,400103
2025-11-06 11:06,SOXL,43.7809,43.95,43.66,43.6605,354621
2025-11-06 11:07,SOXL,43.67,43.715,43.35,43.4,331293
2025-11-06 11:08,SOXL,43.42,43.595,43.405,43.5899,248345
2025-11-06 11:09,SOXL,43.59,43.59,43.17,43.24,337694
2025-11-06 11:10,SOXL,43.2356,43.3001,43.0399,43.07,307674
2025-11-06 11:11,SOXL,43.105,43.279,43.095,43.279,184222
2025-11-06 11:12,SOXL,43.31,43.3799,43.135,43.18,235363
2025-11-06 11:13,SOXL,43.1752,43.35,43.165,43.255,204348
2025-11-06 11:14,SOXL,43.26,43.395,43.25,43.3,211679
2025-11-06 11:15,SOXL,43.29,43.455,43.29,43.365,207895
2025-11-06 11:16,SOXL,43.37,43.565,43.2712,43.3,374253
2025-11-06 11:17,SOXL,43.31,43.4,43.24,43.305,160200
2025-11-06 11:18,SOXL,43.32,43.37,43.015,43.015,436301
2025-11-06 11:19,SOXL,43.03,43.22,43.03,43.18,187857
2025-11-06 11:20,SOXL,43.195,43.41,43.1299,43.405,248522
2025-11-06 11:21,SOXL,43.44,43.46,43.25,43.32,169694
2025-11-06 11:22,SOXL,43.325,43.37,42.91,42.945,273226
2025-11-06 11:23,SOXL,42.94,43.0442,42.905,42.9387,203418
2025-11-06 11:24,SOXL,42.9252,43.01,42.86,42.9287,228786
2025-11-06 11:25,SOXL,42.91,42.945,42.807,42.8401,223084
2025-11-06 11:26,SOXL,42.845,43.06,42.77,43.03,257883
2025-11-06 11:27,SOXL,43.065,43.07,42.845,42.8756,134482
2025-11-06 11:28,SOXL,42.875,43.035,42.85,43.025,107303
2025-11-06 11:29,SOXL,43.02,43.29,42.9961,43.255,246148
2025-11-06 11:30,SOXL,43.19,43.2499,43.092,43.16,154677
2025-11-06 11:31,SOXL,43.15,43.35,43.15,43.1782,222571
2025-11-06 11:32,SOXL,43.1638,43.27,43.12,43.27,89875
2025-11-06 11:33,SOXL,43.235,43.31,43.175,43.255,111811
2025-11-06 11:34,SOXL,43.21,43.22,43.05,43.085,149636
2025-11-06 11:35,SOXL,43.08,43.08,42.575,42.663,576676
2025-11-06 11:36,SOXL,42.67,42.85,42.665,42.815,237950
2025-11-06 11:37,SOXL,42.83,42.93,42.7312,42.7346,160683
2025-11-06 11:38,SOXL,42.75,42.96,42.75,42.8906,128146
2025-11-06 11:39,SOXL,42.88,42.91,42.7299,42.75,145179
2025-11-06 11:40,SOXL,42.74,42.78,42.61,42.695,252976
2025-11-06 11:41,SOXL,42.74,42.77,42.5833,42.62,218864
2025-11-06 11:42,SOXL,42.64,42.7399,42.6289,42.69,114927
2025-11-06 11:43,SOXL,42.7,42.7,42.4431,42.515,619852
2025-11-06 11:44,SOXL,42.54,42.65,42.4801,42.6179,282785
2025-11-06 11:45,SOXL,42.5907,42.5907,42.45,42.4533,182183
2025-11-06 11:46,SOXL,42.5073,42.61,42.4552,42.57,214754
2025-11-06 11:47,SOXL,42.58,42.58,42.44,42.465,132260
2025-11-06 11:48,SOXL,42.51,42.57,42.4699,42.48,105501
2025-11-06 11:49,SOXL,42.46,42.4844,42.38,42.455,172446
2025-11-06 11:50,SOXL,42.46,42.66,42.3885,42.6199,248296
2025-11-06 11:51,SOXL,42.62,42.8,42.62,42.74,219562
2025-11-06 11:52,SOXL,42.745,42.98,42.745,42.96,243935
2025-11-06 11:53,SOXL,42.97,42.99,42.62,42.6746,363257
2025-11-06 11:54,SOXL,42.6704,42.95,42.668554,42.899,234611
2025-11-06 11:55,SOXL,42.88,42.88,42.495,42.5489,187222
2025-11-06 11:56,SOXL,42.55,42.63,42.22,42.2519,413964
2025-11-06 11:57,SOXL,42.27,42.49,42.265,42.49,234237
2025-11-06 11:58,SOXL,42.505,42.5799,42.44,42.52,138770
2025-11-06 11:59,SOXL,42.5193,42.57,42.4699,42.53,111067
2025-11-06 12:00,SOXL,42.615,42.8954,42.615,42.885,403286
2025-11-06 12:01,SOXL,42.8887,43.01,42.8,42.8,228609
2025-11-06 12:02,SOXL,42.825,42.985,42.7552,42.9801,142190
2025-11-06 12:03,SOXL,43.0,43.0,42.765,42.79,163914
2025-11-06 12:04,SOXL,42.7658,42.9363,42.7658,42.93,118185
2025-11-06 12:05,SOXL,42.9298,43.1,42.9,43.055,197639
2025-11-06 12:06,SOXL,43.04,43.09,42.95,43.09,163720
2025-11-06 12:07,SOXL,43.1,43.12,42.8,42.821,235208
2025-11-06 12:08,SOXL,42.84,42.923,42.72,42.788,132434
2025-11-06 12:09,SOXL,42.83,43.05,42.81,43.035,110374
2025-11-06 12:10,SOXL,43.02,43.19,43.02,43.1835,204886
2025-11-06 12:11,SOXL,43.19,43.2565,43.1,43.215,182846
2025-11-06 12:12,SOXL,43.195,43.2,42.99,43.07,209279
2025-11-06 12:13,SOXL,43.045,43.07,42.8812,42.9067,174476
2025-11-06 12:14,SOXL,42.92,42.92,42.71,42.745,147908
2025-11-06 12:15,SOXL,42.72,42.725,42.6385,42.66,148348
2025-11-06 12:16,SOXL,42.67,42.8,42.63,42.63,186088
2025-11-06 12:17,SOXL,42.6143,42.77,42.6143,42.725,82024
2025-11-06 12:18,SOXL,42.735,42.93,42.705,42.9,933499
2025-11-06 12:19,SOXL,42.86,42.92,42.78,42.88,157774
2025-11-06 12:20,SOXL,42.86,42.86,42.7,42.78,145963
2025-11-06 12:21,SOXL,42.7698,42.7698,42.43,42.4401,250938
2025-11-06 12:22,SOXL,42.4414,42.49,42.4123,42.45,134495
2025-11-06 12:23,SOXL,42.48,42.55,42.32,42.35,179117
2025-11-06 12:24,SOXL,42.345,42.4699,42.335,42.37,136042
2025-11-06 12:25,SOXL,42.3599,42.37,42.2435,42.3314,144032
2025-11-06 12:26,SOXL,42.355,42.4193,42.17,42.31,282229
2025-11-06 12:27,SOXL,42.3017,42.465,42.29,42.4599,145707
2025-11-06 12:28,SOXL,42.445,42.52,42.43,42.43,219498
2025-11-06 12:29,SOXL,42.44,42.61,42.43,42.6,140555
2025-11-06 12:30,SOXL,42.575,42.585,42.47,42.54,141047
2025-11-06 12:31,SOXL,42.56,42.67,42.48,42.59,102481
2025-11-06 12:32,SOXL,42.61,42.89,42.61,42.835,153569
2025-11-06 12:33,SOXL,42.81,42.9735,42.79,42.91,193046
2025-11-06 12:34,SOXL,42.92,42.92,42.72,42.7582,162511
2025-11-06 12:35,SOXL,42.76,43.005,42.76,42.97,182851
2025-11-06 12:36,SOXL,42.965,43.0485,42.93,43.005,99638
2025-11-06 12:37,SOXL,43.01,43.13,42.91,42.91,166360
2025-11-06 12:38,SOXL,42.9099,43.025,42.89,43.02,92248
2025-11-06 12:39,SOXL,43.03,43.03,42.66,42.695,152402
2025-11-06 12:40,SOXL,42.7,42.84,42.6652,42.84,113962
2025-11-06 12:41,SOXL,42.8396,42.96,42.83,42.8507,94309
2025-11-06 12:42,SOXL,42.9,43.08,42.865,43.08,109188
2025-11-06 12:43,SOXL,43.07,43.28,43.0699,43.25,255047
2025-11-06 12:44,SOXL,43.2601,43.2601,43.1517,43.21,109383
2025-11-06 12:45,SOXL,43.2041,43.44,43.2041,43.435,278752
2025-11-06 12:46,SOXL,43.42,43.54,43.42,43.44,283069
2025-11-06 12:47,SOXL,43.46,43.61,43.37,43.605,205979
2025-11-06 12:48,SOXL,43.59,43.75,43.59,43.725,182143
2025-11-06 12:49,SOXL,43.73,43.8099,43.6952,43.6963,307693
2025-11-06 12:50,SOXL,43.71,43.94,43.71,43.9315,239673
2025-11-06 12:51,SOXL,43.92,43.955,43.86,43.86,179420
2025-11-06 12:52,SOXL,43.8656,43.915,43.74,43.885,235571
2025-11-06 12:53,SOXL,43.88,43.91,43.7428,43.7844,140456
2025-11-06 12:54,SOXL,43.76,43.9899,43.76,43.96,283660
2025-11-06 12:55,SOXL,43.9599,43.97,43.831,43.91,170086
2025-11-06 12:56,SOXL,43.8999,43.9584,43.8564,43.9401,123846
2025-11-06 12:57,SOXL,43.9432,43.955,43.77,43.77,144782
2025-11-06 12:58,SOXL,43.8,43.95,43.8,43.8784,162307
2025-11-06 12:59,SOXL,43.88,43.88,43.72,43.8245,157036
2025-11-06 13:00,SOXL,43.8,43.875,43.775,43.855,110472
2025-11-06 13:01,SOXL,43.845,43.915,43.825,43.84,108579
2025-11-06 13:02,SOXL,43.83,43.89,43.8093,43.855,70140
2025-11-06 13:03,SOXL,43.85,43.85,43.64,43.6457,166365
2025-11-06 13:04,SOXL,43.665,43.675,43.4401,43.4407,306017
2025-11-06 13:05,SOXL,43.46,43.46,43.31,43.32,202690
2025-11-06 13:06,SOXL,43.3099,43.3099,42.9113,42.9801,415487
2025-11-06 13:07,SOXL,42.995,43.1698,42.995,43.12,187490
2025-11-06 13:08,SOXL,43.1,43.2099,43.05,43.05,201563
2025-11-06 13:09,SOXL,43.06,43.07,42.93,42.95,212160
2025-11-06 13:10,SOXL,42.945,43.005,42.84,42.9245,185764
2025-11-06 13:11,SOXL,42.9254,43.0,42.855,42.965,102800
2025-11-06 13:12,SOXL,42.945,43.02,42.89,42.945,136888
2025-11-06 13:13,SOXL,42.9485,43.255,42.9485,43.18,252160
2025-11-06 13:14,SOXL,43.195,43.205,43.1,43.205,79901
2025-11-06 13:15,SOXL,43.18,43.33,43.18,43.2762,191455
2025-11-06 13:16,SOXL,43.27,43.3176,43.1801,43.205,134336
2025-11-06 13:17,SOXL,43.2174,43.2419,43.1101,43.235,75995
2025-11-06 13:18,SOXL,43.26,43.335,43.19,43.3,104220
2025-11-06 13:19,SOXL,43.295,43.335,43.1999,43.29,83632
2025-11-06 13:20,SOXL,43.295,43.48,43.27,43.44,307849
2025-11-06 13:21,SOXL,43.445,43.4799,43.3,43.4,114697
2025-11-06 13:22,SOXL,43.395,43.5,43.395,43.455,110126
2025-11-06 13:23,SOXL,43.48,43.65,43.48,43.65,260176
2025-11-06 13:24,SOXL,43.64,43.8,43.64,43.785,218985
2025-11-06 13:25,SOXL,43.7545,43.9159,43.75,43.86,236169
2025-11-06 13:26,SOXL,43.8501,44.0,43.8501,43.97,157993
2025-11-06 13:27,SOXL,43.9544,43.9623,43.785,43.8,167094
2025-11-06 13:28,SOXL,43.8026,43.955,43.8,43.95,124611
2025-11-06 13:29,SOXL,43.9503,44.036,43.8901,43.928,310030
2025-11-06 13:30,SOXL,43.91,44.0793,43.91,44.0585,161723
2025-11-06 13:31,SOXL,44.06,44.12,44.04,44.09,208146
2025-11-06 13:32,SOXL,44.0918,44.12,44.0223,44.0843,129559
2025-11-06 13:33,SOXL,44.09,44.1499,43.925,43.94,274220
2025-11-06 13:34,SOXL,43.93,44.02,43.93,44.015,107860
2025-11-06 13:35,SOXL,44.02,44.1744,44.0,44.1258,117055
2025-11-06 13:36,SOXL,44.1394,44.28,44.12,44.265,270704
2025-11-06 13:37,SOXL,44.24,44.31,44.205,44.2744,284689
2025-11-06 13:38,SOXL,44.2612,44.31,44.17,44.22,176307
2025-11-06 13:39,SOXL,44.215,44.39,44.21,44.325,190007
2025-11-06 13:40,SOXL,44.32,44.38,44.25,44.272,196756
2025-11-06 13:41,SOXL,44.27,44.31,44.1815,44.205,137697
2025-11-06 13:42,SOXL,44.1924,44.31,44.18,44.3,141944
2025-11-06 13:43,SOXL,44.31,44.3299,44.15,44.1767,167198
2025-11-06 13:44,SOXL,44.1801,44.275,44.1801,44.22,110001
2025-11-06 13:45,SOXL,44.225,44.225,44.07,44.09,193729
2025-11-06 13:46,SOXL,44.12,44.125,43.84,43.85,297097
2025-11-06 13:47,SOXL,43.87,44.02,43.855,43.9816,186523
2025-11-06 13:48,SOXL,43.975,44.08,43.9617,43.98,119839
2025-11-06 13:49,SOXL,43.985,44.0585,43.945,44.04,124551
2025-11-06 13:50,SOXL,44.045,44.09,44.0,44.03,120255
2025-11-06 13:51,SOXL,44.02,44.14,44.01,44.0707,64590
2025-11-06 13:52,SOXL,44.07,44.105,44.0315,44.07,63157
2025-11-06 13:53,SOXL,44.075,44.09,43.89,43.96,111829
2025-11-06 13:54,SOXL,43.955,44.05,43.94,44.0245,85593
2025-11-06 13:55,SOXL,44.0099,44.02,43.74,43.74,139531
2025-11-06 13:56,SOXL,43.75,43.775,43.59,43.6001,230686
2025-11-06 13:57,SOXL,43.61,43.7,43.58,43.63,194434
2025-11-06 13:58,SOXL,43.645,43.69,43.58,43.63,110838
2025-11-06 13:59,SOXL,43.66,43.71,43.5999,43.67,70568
2025-11-06 14:00,SOXL,43.66,43.795,43.62,43.7499,125757
2025-11-06 14:01,SOXL,43.74,43.8855,43.7162,43.8299,157718
2025-11-06 14:02,SOXL,43.81,43.84,43.7185,43.77,90559
2025-11-06 14:03,SOXL,43.8,43.97,43.8,43.96,125727
2025-11-06 14:04,SOXL,43.9401,44.0479,43.88,44.03,149765
2025-11-06 14:05,SOXL,44.0285,44.245,44.0285,44.245,282191
2025-11-06 14:06,SOXL,44.2498,44.35,44.1903,44.31,242943
2025-11-06 14:07,SOXL,44.305,44.328,44.2199,44.2444,108368
2025-11-06 14:08,SOXL,44.26,44.26,44.1301,44.185,134574
2025-11-06 14:09,SOXL,44.1885,44.22,44.065,44.115,142238
2025-11-06 14:10,SOXL,44.125,44.2,44.12,44.1638,75697
2025-11-06 14:11,SOXL,44.14,44.22,44.1336,44.21,56960
2025-11-06 14:12,SOXL,44.16,44.245,44.15,44.215,87484
2025-11-06 14:13,SOXL,44.22,44.3001,44.2,44.2893,166104
2025-11-06 14:14,SOXL,44.28,44.3,44.21,44.269,110107
2025-11-06 14:15,SOXL,44.27,44.3,44.135,44.1816,110869
2025-11-06 14:16,SOXL,44.205,44.21,44.04,44.0732,125803
2025-11-06 14:17,SOXL,44.1,44.125,43.9,43.9999,165450
2025-11-06 14:18,SOXL,44.005,44.0635,43.9235,44.0,76606
2025-11-06 14:19,SOXL,43.985,44.17,43.97,44.12,121183
2025-11-06 14:20,SOXL,44.13,44.13,44.04,44.04,54198
2025-11-06 14:21,SOXL,44.03,44.13,44.01,44.085,50154
2025-11-06 14:22,SOXL,44.045,44.215,44.045,44.11,92542
2025-11-06 14:23,SOXL,44.1,44.19,44.06,44.175,41144
2025-11-06 14:24,SOXL,44.165,44.2763,44.165,44.225,141087
2025-11-06 14:25,SOXL,44.28,44.43,44.28,44.4015,184099
2025-11-06 14:26,SOXL,44.4,44.548,44.38,44.548,209154
2025-11-06 14:27,SOXL,44.5391,44.63,44.444,44.45,262623
2025-11-06 14:28,SOXL,44.4404,44.6088,44.44,44.59,133188
2025-11-06 14:29,SOXL,44.6,44.65,44.545,44.6,131087
2025-11-06 14:30,SOXL,44.59,44.6878,44.5112,44.5112,230051
2025-11-06 14:31,SOXL,44.5101,44.58,44.4615,44.4665,159875
2025-11-06 14:32,SOXL,44.47,44.62,44.47,44.6037,133338
2025-11-06 14:33,SOXL,44.6,44.63,44.54,44.5503,97518
2025-11-06 14:34,SOXL,44.56,44.565,44.5,44.5445,78631
2025-11-06 14:35,SOXL,44.55,44.58,44.5144,44.5409,58473
2025-11-06 14:36,SOXL,44.53,44.64,44.525,44.595,118688
2025-11-06 14:37,SOXL,44.605,44.615,44.4744,44.55,99578
2025-11-06 14:38,SOXL,44.5545,44.66,44.54,44.595,111286
2025-11-06 14:39,SOXL,44.59,44.62,44.485,44.49,113544
2025-11-06 14:40,SOXL,44.5,44.51,44.3968,44.3968,132241
2025-11-06 14:41,SOXL,44.39,44.41,44.26,44.325,167187
2025-11-06 14:42,SOXL,44.32,44.33,44.2325,44.2401,106200
2025-11-06 14:43,SOXL,44.22,44.3399,44.19,44.3399,146285
2025-11-06 14:44,SOXL,44.3383,44.49,44.3383,44.4679,148929
2025-11-06 14:45,SOXL,44.4599,44.46,44.37,44.41,76478
2025-11-06 14:46,SOXL,44.39,44.41,44.24,44.27,97102
2025-11-06 14:47,SOXL,44.28,44.31,44.2101,44.245,86560
2025-11-06 14:48,SOXL,44.275,44.32,44.14,44.148,137827
2025-11-06 14:49,SOXL,44.17,44.1999,44.07,44.17,147628
2025-11-06 14:50,SOXL,44.165,44.28,44.0997,44.27,100195
2025-11-06 14:51,SOXL,44.2899,44.299,44.18,44.18,83213
2025-11-06 14:52,SOXL,44.2,44.2,44.04,44.052,124577
2025-11-06 14:53,SOXL,44.02,44.17,43.9607,44.1325,216074
2025-11-06 14:54,SOXL,44.135,44.2391,44.11,44.1599,85818
2025-11-06 14:55,SOXL,44.12,44.2285,44.0902,44.2,79562
2025-11-06 14:56,SOXL,44.21,44.375,44.21,44.3399,169130
2025-11-06 14:57,SOXL,44.33,44.5085,44.3046,44.489,147497
2025-11-06 14:58,SOXL,44.515,44.63,44.515,44.595,135662
2025-11-06 14:59,SOXL,44.58,44.612,44.4399,44.4793,88185
2025-11-06 15:00,SOXL,44.48,44.5801,44.48,44.515,87435
2025-11-06 15:01,SOXL,44.52,44.535,44.395,44.46,117648
2025-11-06 15:02,SOXL,44.47,44.5285,44.35,44.3901,110679
2025-11-06 15:03,SOXL,44.42,44.515,44.42,44.48,74237
2025-11-06 15:04,SOXL,44.485,44.515,44.43,44.48,76705
2025-11-06 15:05,SOXL,44.4855,44.58,44.435,44.54,61300
2025-11-06 15:06,SOXL,44.53,44.5346,44.34,44.4102,121974
2025-11-06 15:07,SOXL,44.435,44.5,44.39,44.47,65418
2025-11-06 15:08,SOXL,44.4698,44.51,44.3052,44.33,97482
2025-11-06 15:09,SOXL,44.34,44.41,44.25,44.4,105109
2025-11-06 15:10,SOXL,44.38,44.4855,44.38,44.425,40717
2025-11-06 15:11,SOXL,44.415,44.485,44.3816,44.395,62971
2025-11-06 15:12,SOXL,44.4085,44.46,44.15,44.165,76438
2025-11-06 15:13,SOXL,44.17,44.3099,44.17,44.3,80444
2025-11-06 15:14,SOXL,44.271,44.3274,44.2201,44.26,51195
2025-11-06 15:15,SOXL,44.27,44.29,44.1201,44.1201,55819
2025-11-06 15:16,SOXL,44.13,44.22,43.985,44.17,162137
2025-11-06 15:17,SOXL,44.16,44.28,44.16,44.2507,86777
2025-11-06 15:18,SOXL,44.25,44.4,44.23,44.3701,99701
2025-11-06 15:19,SOXL,44.38,44.4499,44.38,44.4006,95867
2025-11-06 15:20,SOXL,44.395,44.41,44.2943,44.2943,60051
2025-11-06 15:21,SOXL,44.305,44.34,44.2114,44.3,69073
2025-11-06 15:22,SOXL,44.35,44.35,44.28,44.3144,60131
2025-11-06 15:23,SOXL,44.31,44.33,44.23,44.3055,83546
2025-11-06 15:24,SOXL,44.29,44.3401,44.25,44.3401,57966
2025-11-06 15:25,SOXL,44.34,44.36,44.23,44.305,67837
2025-11-06 15:26,SOXL,44.3,44.36,44.235,44.235,69911
2025-11-06 15:27,SOXL,44.24,44.24,44.125,44.205,129247
2025-11-06 15:28,SOXL,44.2003,44.22,44.0511,44.0833,88246
2025-11-06 15:29,SOXL,44.09,44.1,43.8715,43.93,228786
2025-11-06 15:30,SOXL,43.94,44.1,43.91,44.0233,251169
2025-11-06 15:31,SOXL,44.0256,44.0283,43.79,43.845,239704
2025-11-06 15:32,SOXL,43.8407,43.91,43.64,43.91,252712
2025-11-06 15:33,SOXL,43.9088,44.01,43.9088,43.925,213898
2025-11-06 15:34,SOXL,43.93,44.17,43.93,44.17,150789
2025-11-06 15:35,SOXL,44.16,44.24,44.16,44.1935,112328
2025-11-06 15:36,SOXL,44.24,44.33,44.16,44.205,201186
2025-11-06 15:37,SOXL,44.2,44.29,44.1311,44.1311,175453
2025-11-06 15:38,SOXL,44.14,44.175,44.0623,44.09,104957
2025-11-06 15:39,SOXL,44.1,44.125,43.95,43.9673,190829
2025-11-06 15:40,SOXL,43.98,44.05,43.92,43.922,116875
2025-11-06 15:41,SOXL,43.925,43.955,43.8613,43.8987,158828
2025-11-06 15:42,SOXL,43.9073,43.935,43.745,43.755,218351
2025-11-06 15:43,SOXL,43.775,43.7935,43.6754,43.79,218715
2025-11-06 15:44,SOXL,43.7851,43.815,43.71,43.7365,146606
2025-11-06 15:45,SOXL,43.74,43.815,43.64,43.655,217454
2025-11-06 15:46,SOXL,43.665,43.695,43.4415,43.5,258405
2025-11-06 15:47,SOXL,43.49,43.5893,43.48,43.5199,191879
2025-11-06 15:48,SOXL,43.515,43.565,43.45,43.51,227177
2025-11-06 15:49,SOXL,43.46,43.46,43.2813,43.2813,292222
2025-11-06 15:50,SOXL,43.44,43.44,43.305,43.415,494972
2025-11-06 15:51,SOXL,43.43,43.55,43.385,43.462,484003
2025-11-06 15:52,SOXL,43.4645,43.605,43.46,43.555,473970
2025-11-06 15:53,SOXL,43.46,43.5556,43.43,43.535,415548
2025-11-06 15:54,SOXL,43.545,43.575,43.24,43.29,823974
2025-11-06 15:55,SOXL,43.2,43.2,43.015,43.065,845720
2025-11-06 15:56,SOXL,43.075,43.085,42.98,42.985,657626
2025-11-06 15:57,SOXL,42.96,43.08,42.84,43.05,810608
2025-11-06 15:58,SOXL,42.995,43.0901,42.985,43.075,1196515
2025-11-05 11:00,SSO,115.27,115.27,115.15,115.18,4200
2025-11-05 11:01,SSO,115.187,115.31,115.187,115.31,650
2025-11-05 11:02,SSO,115.27,115.3,115.25,115.2599,1180
2025-11-05 11:03,SSO,115.2535,115.2535,115.04,115.06,7127
2025-11-05 11:04,SSO,115.05,115.21,115.05,115.2,3600
2025-11-05 11:05,SSO,115.18,115.24,115.17,115.24,1926
2025-11-05 11:06,SSO,115.27,115.3399,115.19,115.19,1280
2025-11-05 11:07,SSO,115.2,115.25,115.17,115.17,1506
2025-11-05 11:08,SSO,115.11,115.11,115.1,115.11,1007
2025-11-05 11:09,SSO,115.12,115.2,115.12,115.2,571
2025-11-05 11:10,SSO,115.1701,115.18,115.06,115.07,2423
2025-11-05 11:11,SSO,115.09,115.12,115.06,115.12,500
2025-11-05 11:12,SSO,115.12,115.12,115.05,115.0599,1245
2025-11-05 11:13,SSO,115.09,115.11,115.015,115.06,2931
2025-11-05 11:14,SSO,115.039,115.039,114.92,114.96,14798
2025-11-05 11:15,SSO,114.997,115.091,114.997,115.05,1729
2025-11-05 11:16,SSO,115.045,115.09,115.02,115.02,10364
2025-11-05 11:17,SSO,115.0,115.0,114.91,114.9241,700
2025-11-05 11:18,SSO,114.92,114.99,114.92,114.99,1810
2025-11-05 11:19,SSO,115.0,115.0,114.98,114.98,1000
2025-11-05 11:20,SSO,114.91,114.91,114.91,114.91,100
2025-11-05 11:21,SSO,114.93,115.02,114.93,115.01,800
2025-11-05 11:22,SSO,115.0,115.06,114.96,115.04,1596
2025-11-05 11:23,SSO,115.08,115.09,115.03,115.08,1300
2025-11-05 11:24,SSO,115.1,115.27,115.1,115.26,4155
2025-11-05 11:25,SSO,115.26,115.34,115.26,115.3385,3287
2025-11-05 11:26,SSO,115.34,115.44,115.34,115.42,4690
2025-11-05 11:27,SSO,115.4,115.4,115.3375,115.36,9279
2025-11-05 11:28,SSO,115.4,115.4,115.375,115.38,916
2025-11-05 11:29,SSO,115.4,115.46,115.4,115.4056,6125
2025-11-05 11:30,SSO,115.43,115.4699,115.36,115.36,1843
2025-11-05 11:31,SSO,115.45,115.45,115.4,115.4101,1100
2025-11-05 11:32,SSO,115.4285,115.4574,115.4285,115.44,800
2025-11-05 11:33,SSO,115.435,115.51,115.435,115.461,2600
2025-11-05 11:34,SSO,115.48,115.5,115.47,115.49,1100
2025-11-05 11:35,SSO,115.47,115.47,115.37,115.41,1700
2025-11-05 11:36,SSO,115.4,115.44,115.395,115.44,3437
2025-11-05 11:37,SSO,115.479,115.5257,115.479,115.5257,2200
2025-11-05 11:38,SSO,115.49,115.49,115.4899,115.49,500
2025-11-05 11:39,SSO,115.54,115.54,115.52,115.52,300
2025-11-05 11:40,SSO,115.5327,115.58,115.5327,115.58,3012
2025-11-05 11:41,SSO,115.56,115.56,115.55,115.55,300
2025-11-05 11:42,SSO,115.577,115.6,115.577,115.59,3200
2025-11-05 11:43,SSO,115.59,115.66,115.58,115.637,13035
2025-11-05 11:44,SSO,115.645,115.69,115.645,115.68,12419
2025-11-05 11:45,SSO,115.67,115.67,115.6466,115.67,2584
2025-11-05 11:46,SSO,115.69,115.72,115.68,115.72,3100
2025-11-05 11:47,SSO,115.73,115.76,115.73,115.75,1300
2025-11-05 11:48,SSO,115.72,115.8,115.72,115.8,2121
2025-11-05 11:49,SSO,115.81,115.86,115.81,115.831,2029
2025-11-05 11:50,SSO,115.81,115.87,115.81,115.8535,1688
2025-11-05 11:51,SSO,115.86,115.86,115.83,115.86,1550
2025-11-05 11:52,SSO,115.84,115.86,115.83,115.845,1065
2025-11-05 11:53,SSO,115.87,115.91,115.86,115.9,820
2025-11-05 11:54,SSO,115.89,115.89,115.84,115.88,1200
2025-11-05 11:55,SSO,115.89,115.9,115.8201,115.84,3510
2025-11-05 11:56,SSO,115.84,115.89,115.84,115.89,410
2025-11-05 11:57,SSO,115.87,115.879,115.86,115.879,2600
2025-11-05 11:58,SSO,115.87,115.88,115.7801,115.825,7060
2025-11-05 11:59,SSO,115.84,115.84,115.79,115.79,625
2025-11-05 12:00,SSO,115.8,115.8,115.76,115.77,1200
2025-11-05 12:01,SSO,115.78,115.81,115.78,115.81,714
2025-11-05 12:02,SSO,115.8178,115.88,115.81,115.81,2200
2025-11-05 12:03,SSO,115.83,115.83,115.7743,115.8,1400
2025-11-05 12:04,SSO,115.79,115.79,115.75,115.75,500
2025-11-05 12:05,SSO,115.7601,115.83,115.7601,115.83,1100
2025-11-05 12:06,SSO,115.81,115.81,115.81,115.81,200
2025-11-05 12:07,SSO,115.79,115.79,115.79,115.79,100
2025-11-05 12:08,SSO,115.75,115.76,115.69,115.69,7379
2025-11-05 12:09,SSO,115.72,115.73,115.7186,115.72,660
2025-11-05 12:10,SSO,115.71,115.73,115.68,115.72,610
2025-11-05 12:11,SSO,115.71,115.8,115.7,115.7965,940
2025-11-05 12:12,SSO,115.795,115.82,115.795,115.82,200
2025-11-05 12:13,SSO,115.81,115.81,115.8,115.81,500
2025-11-05 12:14,SSO,115.8171,115.85,115.809,115.809,938
2025-11-05 12:15,SSO,115.8,115.8,115.7565,115.8,1240
2025-11-05 12:16,SSO,115.83,115.8345,115.82,115.8345,530
2025-11-05 12:17,SSO,115.83,115.83,115.83,115.83,210
2025-11-05 12:18,SSO,115.79,115.79,115.79,115.79,100
2025-11-05 12:19,SSO,115.83,115.84,115.83,115.84,349
2025-11-05 12:20,SSO,115.84,115.9001,115.84,115.9001,1210
2025-11-05 12:21,SSO,115.92,115.92,115.92,115.92,100
2025-11-05 12:22,SSO,115.9,115.9,115.88,115.89,1132
2025-11-05 12:23,SSO,115.8882,115.91,115.8882,115.8983,3330
2025-11-05 12:24,SSO,115.89,115.89,115.88,115.88,1744
2025-11-05 12:25,SSO,115.9001,115.94,115.9,115.92,5770
2025-11-05 12:26,SSO,115.9365,115.94,115.92,115.93,550
2025-11-05 12:27,SSO,115.97,116.01,115.97,115.995,12802
2025-11-05 12:28,SSO,115.99,115.995,115.99,115.995,400
2025-11-05 12:29,SSO,116.0,116.03,115.9999,116.01,867
2025-11-05 12:30,SSO,116.01,116.04,116.01,116.04,2209
2025-11-05 12:31,SSO,116.05,116.09,116.05,116.06,3938
2025-11-05 12:32,SSO,116.06,116.095,116.06,116.0845,900
2025-11-05 12:33,SSO,116.06,116.06,115.98,115.98,1900
2025-11-05 12:34,SSO,116.04,116.13,116.04,116.1152,1010
2025-11-05 12:35,SSO,116.1,116.185,116.1,116.1755,4334
2025-11-05 12:36,SSO,116.17,116.2158,116.17,116.2158,1345
2025-11-05 12:37,SSO,116.24,116.2565,116.2266,116.2565,1400
2025-11-05 12:38,SSO,116.26,116.28,116.255,116.2556,2820
2025-11-05 12:39,SSO,116.23,116.2372,116.23,116.2356,2120
2025-11-05 12:40,SSO,116.21,116.215,116.21,116.21,1675
2025-11-05 12:41,SSO,116.1593,116.1593,116.1593,116.1593,100
2025-11-05 12:42,SSO,116.1501,116.1701,116.1501,116.1701,3000
2025-11-05 12:43,SSO,116.17,116.1999,116.17,116.18,2616
2025-11-05 12:44,SSO,116.22,116.2288,116.22,116.22,550
2025-11-05 12:45,SSO,116.23,116.23,116.16,116.16,3520
2025-11-05 12:46,SSO,116.16,116.16,116.11,116.11,1560
2025-11-05 12:47,SSO,116.0954,116.119,116.095,116.119,2233
2025-11-05 12:48,SSO,116.11,116.15,116.11,116.15,901
2025-11-05 12:49,SSO,116.13,116.13,116.1,116.1101,600
2025-11-05 12:50,SSO,116.1,116.1,116.09,116.09,200
2025-11-05 12:51,SSO,116.0956,116.0956,116.0956,116.0956,100
2025-11-05 12:52,SSO,116.09,116.1,116.0894,116.1,1410
2025-11-05 12:53,SSO,116.1499,116.1499,116.14,116.14,5570
2025-11-05 12:54,SSO,116.09,116.1199,116.09,116.1019,803
2025-11-05 12:55,SSO,116.08,116.08,116.06,116.06,520
2025-11-05 12:56,SSO,116.0784,116.08,116.01,116.01,620
2025-11-05 12:57,SSO,116.0244,116.07,116.02,116.07,764
2025-11-05 12:58,SSO,116.07,116.08,116.07,116.075,810
2025-11-05 12:59,SSO,116.09,116.09,116.08,116.08,500
2025-11-05 13:00,SSO,116.06,116.06,116.045,116.05,400
2025-11-05 13:01,SSO,116.0887,116.1095,116.0887,116.1095,1730
2025-11-05 13:02,SSO,116.1,116.13,116.1,116.13,666
2025-11-05 13:03,SSO,116.1245,116.15,116.12,116.12,8239
2025-11-05 13:04,SSO,116.125,116.13,116.125,116.13,1202
2025-11-05 13:05,SSO,116.11,116.11,116.07,116.07,450
2025-11-05 13:06,SSO,116.12,116.12,116.12,116.12,100
2025-11-05 13:08,SSO,116.061,116.061,116.061,116.061,110
2025-11-05 13:09,SSO,116.06,116.07,116.06,116.07,1095
2025-11-05 13:10,SSO,116.07,116.07,116.045,116.06,1250
2025-11-05 13:11,SSO,116.01,116.03,116.0,116.03,8813
2025-11-05 13:12,SSO,116.05,116.08,116.05,116.05,510
2025-11-05 13:13,SSO,116.06,116.09,116.06,116.09,200
2025-11-05 13:14,SSO,116.11,116.12,116.11,116.12,880
2025-11-05 13:15,SSO,116.13,116.18,116.13,116.18,3361
2025-11-05 13:16,SSO,116.1826,116.21,116.1826,116.21,599
2025-11-05 13:17,SSO,116.22,116.23,116.2,116.2,1010
2025-11-05 13:18,SSO,116.16,116.175,116.16,116.1602,4965
2025-11-05 13:19,SSO,116.15,116.15,116.13,116.14,921
2025-11-05 13:20,SSO,116.11,116.12,116.1,116.1,4530
2025-11-05 13:21,SSO,116.11,116.13,116.0705,116.08,4973
2025-11-05 13:22,SSO,116.0917,116.13,116.07,116.13,4359
2025-11-05 13:23,SSO,116.06,116.0601,116.06,116.0601,16812
2025-11-05 13:24,SSO,116.0601,116.0802,116.0601,116.0802,8271
2025-11-05 13:25,SSO,116.071,116.1199,116.07,116.1199,3009
2025-11-05 13:26,SSO,116.08,116.08,116.05,116.065,1839
2025-11-05 13:27,SSO,116.06,116.06,116.0293,116.0301,3522
2025-11-05 13:28,SSO,116.07,116.07,116.07,116.07,200
2025-11-05 13:29,SSO,116.1,116.15,116.1,116.15,4200
2025-11-05 13:30,SSO,116.105,116.105,116.1,116.1,1900
2025-11-05 13:31,SSO,116.11,116.12,116.11,116.12,1100
2025-11-05 13:32,SSO,116.12,116.12,116.12,116.12,110
2025-11-05 13:33,SSO,116.125,116.15,116.125,116.15,2310
2025-11-05 13:34,SSO,116.14,116.14,116.13,116.13,1200
2025-11-05 13:35,SSO,116.155,116.18,116.155,116.18,1896
2025-11-05 13:36,SSO,116.2,116.22,116.2,116.22,510
2025-11-05 13:37,SSO,116.23,116.26,116.23,116.26,900
2025-11-05 13:38,SSO,116.285,116.285,116.2705,116.28,937
2025-11-05 13:39,SSO,116.27,116.285,116.27,116.285,1060
2025-11-05 13:40,SSO,116.26,116.26,116.26,116.26,210
2025-11-05 13:41,SSO,116.24,116.262,116.24,116.26,4596
2025-11-05 13:42,SSO,116.24,116.24,116.21,116.21,300
2025-11-05 13:43,SSO,116.2,116.22,116.2,116.215,715
2025-11-05 13:44,SSO,116.2199,116.2199,116.1955,116.1955,915
2025-11-05 13:45,SSO,116.18,116.2124,116.17,116.21,4310
2025-11-05 13:46,SSO,116.21,116.21,116.1835,116.1835,300
2025-11-05 13:47,SSO,116.185,116.2,116.18,116.2,600
2025-11-05 13:48,SSO,116.2,116.2,116.2,116.2,200
2025-11-05 13:49,SSO,116.21,116.21,116.16,116.16,5692
2025-11-05 13:51,SSO,116.1658,116.24,116.1658,116.2399,3230
2025-11-05 13:52,SSO,116.2335,116.2335,116.23,116.23,620
2025-11-05 13:53,SSO,116.23,116.23,116.2201,116.2201,3100
2025-11-05 13:54,SSO,116.225,116.225,116.225,116.225,240
2025-11-05 13:55,SSO,116.2155,116.2155,116.2,116.205,1405
2025-11-05 13:56,SSO,116.2,116.23,116.18,116.23,1620
2025-11-05 13:57,SSO,116.2365,116.2365,116.22,116.22,974
2025-11-05 13:58,SSO,116.2145,116.23,116.2145,116.23,600
2025-11-05 13:59,SSO,116.23,116.23,116.2133,116.2133,550
2025-11-05 14:00,SSO,116.22,116.22,116.135,116.14,3504
2025-11-05 14:01,SSO,116.15,116.15,116.08,116.08,1740
2025-11-05 14:02,SSO,116.08,116.08,116.035,116.06,6566
2025-11-05 14:03,SSO,116.07,116.08,116.07,116.08,300
2025-11-05 14:04,SSO,116.07,116.07,116.05,116.07,300
2025-11-05 14:05,SSO,116.1,116.1,116.09,116.09,200
2025-11-05 14:06,SSO,116.07,116.07,116.04,116.04,300
2025-11-05 14:07,SSO,116.02,116.02,116.01,116.01,400
2025-11-05 14:08,SSO,115.97,115.97,115.94,115.94,4620
2025-11-05 14:09,SSO,115.92,115.95,115.92,115.935,2998
2025-11-05 14:10,SSO,115.96,116.07,115.96,116.07,4189
2025-11-05 14:11,SSO,116.07,116.07,116.05,116.05,200
2025-11-05 14:12,SSO,116.05,116.05,116.045,116.045,279
2025-11-05 14:13,SSO,116.05,116.06,116.045,116.045,300
2025-11-05 14:14,SSO,116.06,116.08,116.06,116.08,200
2025-11-05 14:15,SSO,116.09,116.11,116.09,116.1,400
2025-11-05 14:16,SSO,116.1,116.155,116.1,116.155,700
2025-11-05 14:17,SSO,116.16,116.16,116.16,116.16,100
2025-11-05 14:18,SSO,116.16,116.16,116.14,116.14,500
2025-11-05 14:19,SSO,116.17,116.17,116.1371,116.1371,400
2025-11-05 14:20,SSO,116.12,116.12,116.11,116.11,328
2025-11-05 14:21,SSO,116.13,116.13,116.13,116.13,100
2025-11-05 14:23,SSO,116.1,116.1,116.1,116.1,100
2025-11-05 14:24,SSO,116.1052,116.14,116.1052,116.14,540
2025-11-05 14:25,SSO,116.15,116.15,116.15,116.15,200
2025-11-05 14:26,SSO,116.12,116.12,116.12,116.12,100
2025-11-05 14:27,SSO,116.09,116.1,116.09,116.1,300
2025-11-05 14:28,SSO,116.065,116.07,116.065,116.07,840
2025-11-05 14:30,SSO,116.07,116.07,116.07,116.07,240
2025-11-05 14:31,SSO,116.09,116.12,116.09,116.12,2562
2025-11-05 14:32,SSO,116.16,116.16,116.16,116.16,100
2025-11-05 14:33,SSO,116.15,116.15,116.08,116.08,1050
2025-11-05 14:34,SSO,116.11,116.14,116.11,116.13,841
2025-11-05 14:35,SSO,116.1288,116.1288,116.1205,116.1205,1641
2025-11-05 14:37,SSO,116.13,116.15,116.13,116.15,630
2025-11-05 14:38,SSO,116.16,116.17,116.16,116.17,300
2025-11-05 14:39,SSO,116.13,116.13,116.13,116.13,400
2025-11-05 14:40,SSO,116.14,116.14,116.13,116.13,2078
2025-11-05 14:41,SSO,116.1193,116.13,116.1193,116.13,420
2025-11-05 14:42,SSO,116.135,116.135,116.135,116.135,1880
2025-11-05 14:43,SSO,116.13,116.13,116.09,116.09,365
2025-11-05 14:45,SSO,116.0965,116.0965,116.0965,116.0965,119
2025-11-05 14:46,SSO,116.1,116.1,116.1,116.1,400
2025-11-05 14:47,SSO,116.11,116.11,116.11,116.11,240
2025-11-05 14:48,SSO,116.08,116.08,116.045,116.045,1720
2025-11-05 14:49,SSO,116.05,116.05,116.04,116.04,600
2025-11-05 14:50,SSO,116.03,116.06,116.03,116.06,2330
2025-11-05 14:51,SSO,116.09,116.1001,116.09,116.1,3087
2025-11-05 14:52,SSO,116.1,116.1,116.0865,116.0865,550
2025-11-05 14:54,SSO,116.1045,116.12,116.1045,116.12,1040
2025-11-05 14:55,SSO,116.13,116.14,116.11,116.11,1000
2025-11-05 14:56,SSO,116.09,116.1,116.08,116.08,3005
2025-11-05 14:57,SSO,116.101,116.101,116.1,116.1,631
2025-11-05 14:58,SSO,116.11,116.11,116.11,116.11,100
2025-11-05 14:59,SSO,116.12,116.12,116.1,116.1,300
2025-11-05 15:00,SSO,116.08,116.11,116.08,116.11,600
2025-11-05 15:01,SSO,116.12,116.13,116.12,116.13,437
2025-11-05 15:02,SSO,116.17,116.1745,116.15,116.15,1166
2025-11-05 15:03,SSO,116.1379,116.1379,116.1379,116.1379,2000
2025-11-05 15:05,SSO,116.11,116.1282,116.09,116.09,1160
2025-11-05 15:06,SSO,116.08,116.11,116.08,116.11,600
2025-11-05 15:07,SSO,116.1,116.1,116.07,116.07,1810
2025-11-05 15:08,SSO,116.05,116.08,116.05,116.08,1360
2025-11-05 15:09,SSO,116.0658,116.0951,116.0658,116.09,2757
2025-11-05 15:10,SSO,116.09,116.12,116.09,116.12,372
2025-11-05 15:11,SSO,116.11,116.11,116.11,116.11,200
2025-11-05 15:12,SSO,116.11,116.13,116.1,116.12,2906
2025-11-05 15:13,SSO,116.12,116.12,116.1,116.1099,585
2025-11-05 15:14,SSO,116.1001,116.13,116.1001,116.1298,1100
2025-11-05 15:15,SSO,116.13,116.15,116.1255,116.15,900
2025-11-05 15:16,SSO,116.15,116.15,116.1252,116.1252,500
2025-11-05 15:17,SSO,116.12,116.12,116.0735,116.0735,601
2025-11-05 15:18,SSO,116.07,116.08,116.07,116.08,350
2025-11-05 15:20,SSO,116.07,116.07,116.06,116.07,773
2025-11-05 15:21,SSO,116.095,116.11,116.095,116.105,300
2025-11-05 15:22,SSO,116.1,116.1,116.09,116.09,200
2025-11-05 15:23,SSO,116.07,116.07,116.06,116.06,8910
2025-11-05 15:24,SSO,116.05,116.05,116.01,116.01,1650
2025-11-05 15:25,SSO,116.02,116.02,115.9907,115.9907,300
2025-11-05 15:26,SSO,115.9807,115.9807,115.9501,115.96,2309
2025-11-05 15:27,SSO,115.9754,115.9754,115.91,115.91,3781
2025-11-05 15:28,SSO,115.9,115.96,115.89,115.96,2340
2025-11-05 15:29,SSO,115.9593,115.9593,115.9565,115.9565,400
2025-11-05 15:30,SSO,115.92,115.93,115.91,115.91,5258
2025-11-05 15:31,SSO,115.91,115.91,115.82,115.83,3777
2025-11-05 15:32,SSO,115.8302,115.8515,115.83,115.84,22751
2025-11-05 15:33,SSO,115.85,115.86,115.84,115.8445,25478
2025-11-05 15:34,SSO,115.85,115.85,115.82,115.82,2700
2025-11-05 15:35,SSO,115.85,115.9088,115.85,115.88,2377
2025-11-05 15:36,SSO,115.87,115.8808,115.87,115.8808,1049
2025-11-05 15:37,SSO,115.83,115.835,115.82,115.83,2835
2025-11-05 15:38,SSO,115.845,115.86,115.84,115.86,1210
2025-11-05 15:39,SSO,115.8605,115.8628,115.83,115.83,1470
2025-11-05 15:40,SSO,115.85,115.94,115.85,115.94,1587
2025-11-05 15:41,SSO,115.93,115.93,115.93,115.93,1097
2025-11-05 15:42,SSO,115.89,115.9,115.875,115.875,533
2025-11-05 15:43,SSO,115.87,115.87,115.77,115.7713,4859
2025-11-05 15:44,SSO,115.78,115.83,115.745,115.7842,13964
2025-11-05 15:45,SSO,115.78,115.81,115.78,115.8,7070
2025-11-05 15:46,SSO,115.79,115.8,115.75,115.75,3059
2025-11-05 15:47,SSO,115.73,115.73,115.69,115.69,1200
2025-11-05 15:48,SSO,115.66,115.7,115.66,115.68,1347
2025-11-05 15:49,SSO,115.68,115.68,115.625,115.64,4031
2025-11-05 15:50,SSO,115.65,115.66,115.57,115.66,7042
2025-11-05 15:51,SSO,115.665,115.69,115.64,115.65,3989
2025-11-05 15:52,SSO,115.64,115.6758,115.58,115.58,4178
2025-11-05 15:53,SSO,115.57,115.61,115.57,115.59,2433
2025-11-05 15:54,SSO,115.6,115.63,115.54,115.56,11629
2025-11-05 15:55,SSO,115.54,115.55,115.47,115.48,15045
2025-11-05 15:56,SSO,115.47,115.47,115.4,115.4435,4892
2025-11-05 15:57,SSO,115.43,115.43,115.19,115.21,9103
2025-11-05 15:58,SSO,115.21,115.23,115.15,115.175,12445
2025-11-05 15:59,SSO,115.16,115.25,115.1147,115.14,91566
2025-11-05 16:00,SSO,115.13,115.14,115.08,115.08,11504
2025-11-05 16:01,SSO,115.06,115.11,115.05,115.11,2061
2025-11-05 16:02,SSO,115.11,115.16,115.11,115.16,1100
2025-11-05 16:04,SSO,115.2298,115.2298,115.2298,115.2298,150
2025-11-05 16:08,SSO,115.19,115.19,115.1704,115.1704,800
2025-11-05 16:09,SSO,115.15,115.15,115.15,115.15,200
2025-11-05 16:10,SSO,115.0901,115.0901,115.08,115.08,920
2025-11-05 16:11,SSO,115.02,115.0525,115.02,115.0525,1010
2025-11-05 16:14,SSO,115.0604,115.0604,115.0604,115.0604,100
2025-11-05 16:15,SSO,115.06,115.06,115.06,115.06,200
2025-11-05 16:16,SSO,115.11,115.12,115.11,115.12,4500
2025-11-05 16:17,SSO,115.15,115.15,115.15,115.15,480
2025-11-05 16:19,SSO,115.22,115.22,115.22,115.22,100
2025-11-05 16:20,SSO,115.22,115.22,115.2,115.2,450
2025-11-05 16:34,SSO,115.2775,115.2775,115.2775,115.2775,1477
2025-11-05 16:39,SSO,115.28,115.28,115.28,115.28,200
2025-11-05 16:52,SSO,115.32,115.32,115.32,115.32,100
2025-11-05 16:57,SSO,115.33,115.33,115.33,115.33,100
2025-11-05 16:59,SSO,115.29,115.29,115.29,115.29,200
2025-11-05 17:06,SSO,115.271,115.271,115.271,115.271,196
2025-11-05 17:08,SSO,115.31,115.31,115.31,115.31,100
2025-11-05 17:38,SSO,115.3788,115.38,115.3788,115.38,749
2025-11-05 17:59,SSO,115.33,115.33,115.33,115.33,100
2025-11-05 18:01,SSO,115.28,115.28,115.28,115.28,399
2025-11-05 18:03,SSO,115.2,115.2,115.2,115.2,1444
2025-11-05 18:15,SSO,115.2301,115.2301,115.2301,115.2301,300
2025-11-05 18:23,SSO,115.21,115.21,115.21,115.21,100
2025-11-05 18:34,SSO,115.25,115.25,115.25,115.25,100
2025-11-05 18:44,SSO,115.4799,115.4799,115.4799,115.4799,1985
2025-11-05 18:50,SSO,115.39,115.39,115.39,115.39,100
2025-11-05 18:51,SSO,115.33,115.33,115.33,115.33,329
2025-11-05 18:53,SSO,115.43,115.43,115.43,115.43,100
2025-11-05 19:03,SSO,115.37,115.37,115.33,115.33,2500
2025-11-05 19:09,SSO,115.2905,115.2905,115.2905,115.2905,131
2025-11-05 19:11,SSO,115.28,115.28,115.28,115.28,300
2025-11-05 19:13,SSO,115.17,115.17,115.17,115.17,300
2025-11-05 19:14,SSO,115.15,115.15,115.15,115.15,400
2025-11-05 19:17,SSO,115.14,115.14,115.14,115.14,200
2025-11-05 19:19,SSO,115.1609,115.1638,115.1609,115.1638,2000
2025-11-05 19:20,SSO,115.1913,115.1913,115.1913,115.1913,114
2025-11-05 19:21,SSO,115.13,115.13,115.13,115.13,200
2025-11-05 19:23,SSO,115.12,115.12,115.08,115.08,1252
2025-11-05 19:24,SSO,115.05,115.05,114.95,114.95,900
2025-11-05 19:25,SSO,114.92,114.92,114.92,114.92,500
2025-11-05 19:27,SSO,114.74,114.79,114.74,114.79,211
2025-11-05 19:34,SSO,114.88,114.88,114.88,114.88,3000
2025-11-05 19:35,SSO,114.86,114.86,114.86,114.86,2000
2025-11-05 19:42,SSO,115.07,115.07,115.07,115.07,100
2025-11-05 19:44,SSO,115.03,115.03,115.03,115.03,100
2025-11-05 19:45,SSO,115.025,115.025,115.025,115.025,400
2025-11-05 19:46,SSO,115.025,115.025,115.01,115.01,800
2025-11-05 19:54,SSO,114.9892,114.9892,114.9892,114.9892,350
2025-11-05 19:55,SSO,115.0291,115.0291,115.0291,115.0291,350
2025-11-06 07:00,SSO,115.32,115.41,115.32,115.38,1200
2025-11-06 07:01,SSO,115.36,115.39,115.359,115.39,500
2025-11-06 07:04,SSO,115.39,115.41,115.39,115.41,1100
2025-11-06 07:08,SSO,115.56,115.59,115.56,115.59,4100
2025-11-06 07:09,SSO,115.58,115.58,115.55,115.55,400
2025-11-06 07:10,SSO,115.569,115.59,115.569,115.59,500
2025-11-06 07:11,SSO,115.61,115.61,115.61,115.61,500
2025-11-06 07:12,SSO,115.56,115.56,115.56,115.56,500
2025-11-06 07:15,SSO,115.56,115.56,115.53,115.53,3125
2025-11-06 07:17,SSO,115.54,115.55,115.54,115.55,300
2025-11-06 07:20,SSO,115.529,115.53,115.529,115.53,3800
2025-11-06 07:23,SSO,115.6,115.6,115.6,115.6,900
2025-11-06 07:24,SSO,115.56,115.56,115.56,115.56,100
2025-11-06 07:30,SSO,115.51,115.51,115.51,115.51,100
2025-11-06 07:31,SSO,115.53,115.53,115.53,115.53,113
2025-11-06 07:32,SSO,115.55,115.55,115.55,115.55,1000
2025-11-06 07:33,SSO,115.59,115.59,115.59,115.59,100
2025-11-06 07:35,SSO,115.62,115.62,115.62,115.62,300
2025-11-06 07:41,SSO,115.58,115.58,115.58,115.58,700
2025-11-06 07:42,SSO,115.6,115.6,115.6,115.6,800
2025-11-06 07:47,SSO,115.62,115.62,115.62,115.62,200
2025-11-06 07:49,SSO,115.59,115.59,115.59,115.59,100
2025-11-06 07:53,SSO,115.61,115.61,115.61,115.61,300
2025-11-06 08:00,SSO,115.36,115.5777,115.15,115.38,14600
2025-11-06 08:01,SSO,115.58,115.58,114.85,114.85,5701
2025-11-06 08:02,SSO,115.01,115.05,114.55,114.77,7224
2025-11-06 08:03,SSO,115.6182,115.6182,115.6182,115.6182,500
2025-11-06 08:04,SSO,115.59,115.61,115.59,115.61,1400
2025-11-06 08:06,SSO,115.6,115.6,115.6,115.6,100
2025-11-06 08:08,SSO,115.6218,115.6218,115.6218,115.6218,118
2025-11-06 08:11,SSO,115.61,115.61,115.6,115.6,1400
2025-11-06 08:15,SSO,115.66,115.66,115.66,115.66,100
2025-11-06 08:16,SSO,115.68,115.68,115.68,115.68,200
2025-11-06 08:17,SSO,115.6507,115.6507,115.6507,115.6507,270
2025-11-06 08:19,SSO,115.6,115.64,115.6,115.64,379
2025-11-06 08:23,SSO,115.71,115.71,115.71,115.71,100
2025-11-06 08:24,SSO,115.72,115.72,115.71,115.71,1625
2025-11-06 08:27,SSO,115.7275,115.74,115.7275,115.74,800
2025-11-06 08:31,SSO,115.8,115.8,115.8,115.8,1000
2025-11-06 08:33,SSO,115.77,115.77,115.77,115.77,100
2025-11-06 08:34,SSO,115.77,115.78,115.77,115.78,500
2025-11-06 08:36,SSO,115.83,115.87,115.82,115.82,13600
2025-11-06 08:37,SSO,115.8,115.8,115.74,115.74,250
2025-11-06 08:39,SSO,115.71,115.738,115.71,115.738,300
2025-11-06 08:41,SSO,115.71,115.71,115.71,115.71,200
2025-11-06 08:47,SSO,115.67,115.67,115.66,115.66,200
2025-11-06 08:48,SSO,115.66,115.66,115.66,115.66,300
2025-11-06 08:49,SSO,115.67,115.6796,115.67,115.6796,200
2025-11-06 08:50,SSO,115.66,115.66,115.64,115.64,600
2025-11-06 08:51,SSO,115.67,115.67,115.67,115.67,100
2025-11-06 08:53,SSO,115.66,115.66,115.66,115.66,100
2025-11-06 08:58,SSO,115.5,115.5,115.5,115.5,400
2025-11-06 08:59,SSO,115.46,115.4662,115.46,115.4662,200
2025-11-06 09:00,SSO,115.47,115.48,115.45,115.45,700
2025-11-06 09:01,SSO,115.47,115.47,115.47,115.47,850
2025-11-06 09:02,SSO,115.46,115.48,115.45,115.48,729
2025-11-06 09:04,SSO,115.361,115.3638,115.36,115.3638,2800
2025-11-06 09:05,SSO,115.3,115.3,115.3,115.3,100
2025-11-06 09:06,SSO,115.26,115.26,115.22,115.22,400
2025-11-06 09:07,SSO,115.19,115.19,115.17,115.17,2600
2025-11-06 09:08,SSO,115.16,115.16,115.04,115.05,2256
2025-11-06 09:09,SSO,115.08,115.08,115.0,115.0,1300
2025-11-06 09:10,SSO,115.0098,115.08,114.98,115.08,1100
2025-11-06 09:11,SSO,115.03,115.03,115.03,115.03,300
2025-11-06 09:12,SSO,115.09,115.13,115.09,115.13,5300
2025-11-06 09:13,SSO,115.11,115.11,115.11,115.11,100
2025-11-06 09:14,SSO,115.13,115.13,115.13,115.13,100
2025-11-06 09:15,SSO,115.11,115.11,115.11,115.11,100
2025-11-06 09:19,SSO,115.04,115.12,115.04,115.12,625
2025-11-06 09:22,SSO,115.01,115.01,115.01,115.01,100
2025-11-06 09:24,SSO,114.95,114.95,114.94,114.94,400
2025-11-06 09:25,SSO,114.8593,114.87,114.85,114.86,400
2025-11-06 09:26,SSO,114.9093,114.9098,114.9093,114.9098,2200
2025-11-06 09:27,SSO,114.9,114.9,114.9,114.9,240
2025-11-06 09:28,SSO,114.89,114.89,114.83,114.83,450
2025-11-06 09:29,SSO,114.75,114.78,114.75,114.77,620
2025-11-06 09:30,SSO,114.78,114.8825,114.75,114.79,35765
2025-11-06 09:31,SSO,114.775,114.9,114.766,114.9,4849
2025-11-06 09:32,SSO,114.91,115.07,114.91,115.07,7674
2025-11-06 09:33,SSO,115.05,115.05,114.91,114.94,4820
2025-11-06 09:34,SSO,114.94,115.09,114.94,114.9899,2874
2025-11-06 09:35,SSO,114.93,114.955,114.84,114.89,5584
2025-11-06 09:36,SSO,114.84,114.99,114.84,114.88,3769
2025-11-06 09:37,SSO,114.91,115.01,114.91,114.9555,3979
2025-11-06 09:38,SSO,114.96,115.0899,114.96,115.02,5637
2025-11-06 09:39,SSO,115.02,115.02,114.92,114.92,3890
2025-11-06 09:40,SSO,114.91,114.91,114.77,114.77,7889
2025-11-06 09:41,SSO,114.76,114.76,114.52,114.58,37530
2025-11-06 09:42,SSO,114.58,114.7,114.55,114.59,10000
2025-11-06 09:43,SSO,114.59,114.6399,114.5665,114.6065,4436
2025-11-06 09:44,SSO,114.62,114.662,114.5601,114.615,6311
2025-11-06 09:45,SSO,114.61,114.82,114.61,114.79,10518
2025-11-06 09:46,SSO,114.8,114.83,114.72,114.795,2071
2025-11-06 09:47,SSO,114.84,114.93,114.84,114.85,6200
2025-11-06 09:48,SSO,114.89,114.96,114.89,114.95,9347
2025-11-06 09:49,SSO,114.93,114.93,114.67,114.69,8639
2025-11-06 09:50,SSO,114.68,114.8,114.45,114.52,29231
2025-11-06 09:51,SSO,114.51,114.55,114.4,114.42,8144
2025-11-06 09:52,SSO,114.47,114.47,114.34,114.4,6406
2025-11-06 09:53,SSO,114.405,114.47,114.4,114.43,7542
2025-11-06 09:54,SSO,114.42,114.42,114.26,114.26,5743
2025-11-06 09:55,SSO,114.27,114.32,114.23,114.3002,6090
2025-11-06 09:56,SSO,114.26,114.33,114.23,114.31,4005
2025-11-06 09:57,SSO,114.3,114.3,114.16,114.16,8305
2025-11-06 09:58,SSO,114.19,114.26,114.15,114.17,4147
2025-11-06 09:59,SSO,114.11,114.12,113.98,113.99,12578
2025-11-06 10:00,SSO,113.96,113.96,113.7,113.83,25561
2025-11-06 10:01,SSO,113.81,113.85,113.75,113.78,14871
2025-11-06 10:02,SSO,113.76,113.775,113.6,113.6565,9179
2025-11-06 10:03,SSO,113.69,113.73,113.59,113.68,32538
2025-11-06 10:04,SSO,113.67,113.6733,113.46,113.46,23912
2025-11-06 10:05,SSO,113.45,113.73,113.44,113.6445,8817
2025-11-06 10:06,SSO,113.62,113.79,113.62,113.79,8893
2025-11-06 10:07,SSO,113.79,113.79,113.65,113.71,10567
2025-11-06 10:08,SSO,113.73,113.76,113.61,113.68,12057
2025-11-06 10:09,SSO,113.71,113.78,113.65,113.7,8587
2025-11-06 10:10,SSO,113.71,113.9593,113.7,113.92,12403
2025-11-06 10:11,SSO,113.95,114.02,113.93,113.93,7879
2025-11-06 10:12,SSO,113.93,113.93,113.68,113.697,10364
2025-11-06 10:13,SSO,113.6958,113.75,113.69,113.7,8300
2025-11-06 10:14,SSO,113.7,113.75,113.62,113.65,3380
2025-11-06 10:15,SSO,113.65,113.72,113.54,113.67,11844
2025-11-06 10:16,SSO,113.6901,113.9288,113.69,113.85,19032
2025-11-06 10:17,SSO,113.89,114.02,113.89,113.9801,4245
2025-11-06 10:18,SSO,113.99,114.15,113.99,114.11,16822
2025-11-06 10:19,SSO,114.097,114.1,113.9614,114.05,7827
2025-11-06 10:20,SSO,114.09,114.24,114.07,114.22,14381
2025-11-06 10:21,SSO,114.22,114.27,114.2099,114.2497,6686
2025-11-06 10:22,SSO,114.26,114.3782,114.22,114.36,5231
2025-11-06 10:23,SSO,114.35,114.36,114.27,114.3,9361
2025-11-06 10:24,SSO,114.36,114.4,114.32,114.32,4518
2025-11-06 10:25,SSO,114.35,114.35,114.27,114.34,5337
2025-11-06 10:26,SSO,114.33,114.35,114.17,114.17,5892
2025-11-06 10:27,SSO,114.23,114.23,114.12,114.14,3398
2025-11-06 10:28,SSO,114.17,114.27,114.16,114.23,6110
2025-11-06 10:29,SSO,114.25,114.25,114.1,114.13,2200
2025-11-06 10:30,SSO,114.1,114.1,113.99,114.06,9652
2025-11-06 10:31,SSO,114.04,114.14,114.02,114.1,2509
2025-11-06 10:32,SSO,114.07,114.12,113.91,113.91,3808
2025-11-06 10:33,SSO,113.8931,113.8931,113.755,113.7599,5400
2025-11-06 10:34,SSO,113.78,113.78,113.76,113.765,650
2025-11-06 10:35,SSO,113.78,113.78,113.64,113.68,1823
2025-11-06 10:36,SSO,113.687533,113.687533,113.313,113.3728,15938
2025-11-06 10:37,SSO,113.34,113.35,113.17,113.17,20326
2025-11-06 10:38,SSO,113.2,113.3654,113.2,113.295,6192
2025-11-06 10:39,SSO,113.2799,113.29,113.23,113.2344,2827
2025-11-06 10:40,SSO,113.2,113.22,113.08,113.1101,8790
2025-11-06 10:41,SSO,113.12,113.205,113.05,113.098,19275
2025-11-06 10:42,SSO,113.06,113.16,113.06,113.14,4384
2025-11-06 10:43,SSO,113.12,113.26,113.12,113.14,5801
2025-11-06 10:44,SSO,113.13,113.13,112.92,112.94,10304
2025-11-06 10:45,SSO,112.97,113.1894,112.92,113.1894,12924
2025-11-06 10:46,SSO,113.18,113.18,113.05,113.11,2274
2025-11-06 10:47,SSO,113.0904,113.0904,113.0016,113.005,4335
2025-11-06 10:48,SSO,112.9986,113.1,112.93,112.99,5866
2025-11-06 10:49,SSO,113.01,113.03,112.96,113.03,2025
2025-11-06 10:50,SSO,113.04,113.19,112.97,112.99,12483
2025-11-06 10:51,SSO,112.9947,113.22,112.9947,113.145,16690
2025-11-06 10:52,SSO,113.14,113.17,113.0,113.09,3510
2025-11-06 10:53,SSO,113.09,113.105,112.94,112.96,11339
2025-11-06 10:54,SSO,112.95,113.1601,112.95,113.16,24274
2025-11-06 10:55,SSO,113.13,113.2,113.08,113.19,3710
2025-11-06 10:56,SSO,113.14,113.1501,112.9,112.97,8577
2025-11-06 10:57,SSO,112.97,113.01,112.96,112.971,2127
2025-11-06 10:58,SSO,112.97,112.99,112.91,112.91,2519
2025-11-06 10:59,SSO,112.911,112.96,112.83,112.9,9540
2025-11-06 11:00,SSO,112.9,112.961,112.89,112.93,2657
2025-11-06 11:01,SSO,112.96,113.09,112.96,112.97,4876
2025-11-06 11:02,SSO,112.99,113.08,112.99,113.03,2849
2025-11-06 11:03,SSO,112.99,113.04,112.96,112.96,3827
2025-11-06 11:04,SSO,113.0,113.1001,112.96,113.1,26072
2025-11-06 11:05,SSO,113.11,113.2,113.11,113.18,4010
2025-11-06 11:06,SSO,113.15,113.2599,113.1,113.1,4367
2025-11-06 11:07,SSO,113.1,113.16,112.94,112.97,9785
2025-11-06 11:08,SSO,112.99,113.1,112.99,113.1,4200
2025-11-06 11:09,SSO,113.17,113.17,113.06,113.1,3500
2025-11-06 11:10,SSO,113.02,113.07,112.94,112.94,2500
2025-11-06 11:11,SSO,112.99,113.0653,112.99,113.02,22275
2025-11-06 11:12,SSO,113.07,113.08,112.9,112.94,9179
2025-11-06 11:13,SSO,112.96,113.06,112.96,113.02,2455
2025-11-06 11:14,SSO,113.04,113.12,113.0301,113.06,7200
2025-11-06 11:15,SSO,113.075,113.161,113.075,113.13,5881
2025-11-06 11:16,SSO,113.08,113.19,112.97,112.97,5498
2025-11-06 11:17,SSO,112.95,113.0,112.9,112.94,1000
2025-11-06 11:18,SSO,112.95,112.97,112.76,112.8,10465
2025-11-06 11:19,SSO,112.8083,112.93,112.8,112.92,40730
2025-11-06 11:20,SSO,112.94,113.05,112.89,113.0455,8504
2025-11-06 11:21,SSO,113.06,113.09,112.93,113.03,1965
2025-11-06 11:22,SSO,113.02,113.0455,112.7282,112.751,5264
2025-11-06 11:23,SSO,112.77,112.83,112.75,112.75,3456
2025-11-06 11:24,SSO,112.7809,112.79,112.73,112.74,3958
2025-11-06 11:25,SSO,112.77,112.78,112.66,112.7,7290
2025-11-06 11:26,SSO,112.75,112.87,112.685,112.85,4425
2025-11-06 11:27,SSO,112.8301,112.84,112.75,112.77,7215
2025-11-06 11:28,SSO,112.7601,112.87,112.7601,112.87,1400
2025-11-06 11:29,SSO,112.9,113.0901,112.89,113.06,14102
2025-11-06 11:30,SSO,113.05,113.05,112.865,112.865,6709
2025-11-06 11:31,SSO,112.9,112.97,112.875,112.88,2700
2025-11-06 11:32,SSO,112.89,112.91,112.81,112.89,4700
2025-11-06 11:33,SSO,112.89,112.99,112.89,112.94,8800
2025-11-06 11:34,SSO,112.9599,112.9599,112.84,112.88,3032
2025-11-06 11:35,SSO,112.84,112.84,112.5,112.56,10935
2025-11-06 11:36,SSO,112.565,112.73,112.54,112.72,4866
2025-11-06 11:37,SSO,112.775,112.775,112.64,112.65,7986
2025-11-06 11:38,SSO,112.68,112.75,112.67,112.68,1600
2025-11-06 11:39,SSO,112.69,112.7,112.58,112.6,8300
2025-11-06 11:40,SSO,112.6,112.61,112.53,112.6,2563
2025-11-06 11:41,SSO,112.64,112.66,112.53,112.53,9582
2025-11-06 11:42,SSO,112.59,112.6,112.53,112.55,5400
2025-11-06 11:43,SSO,112.53,112.54,112.37,112.4803,9889
2025-11-06 11:44,SSO,112.5,112.58,112.4921,112.58,1492
2025-11-06 11:45,SSO,112.55,112.55,112.45,112.4507,2412
2025-11-06 11:46,SSO,112.46,112.515,112.43,112.51,2925
2025-11-06 11:47,SSO,112.4902,112.4902,112.39,112.423,1050
2025-11-06 11:48,SSO,112.42,112.4699,112.4,112.4069,1608
2025-11-06 11:49,SSO,112.44,112.4409,112.395,112.4409,1300
2025-11-06 11:50,SSO,112.42,112.51,112.42,112.5,1100
2025-11-06 11:51,SSO,112.555,112.595,112.5,112.52,3108
2025-11-06 11:52,SSO,112.57,112.6899,112.57,112.6899,4100
2025-11-06 11:53,SSO,112.72,112.73,112.61,112.61,3681
2025-11-06 11:54,SSO,112.58,112.71,112.58,112.6842,12800
2025-11-06 11:55,SSO,112.62,112.63,112.43,112.44,5425
2025-11-06 11:56,SSO,112.45,112.48,112.22,112.25,100545
2025-11-06 11:57,SSO,112.275,112.375,112.275,112.375,6377
2025-11-06 11:58,SSO,112.4,112.45,112.367,112.367,7088
2025-11-06 11:59,SSO,112.35,112.38,112.27,112.31,2600
2025-11-06 12:00,SSO,112.35,112.54,112.35,112.54,7165
2025-11-06 12:01,SSO,112.529,112.59,112.529,112.54,3665
2025-11-06 12:02,SSO,112.5086,112.6099,112.4501,112.6099,11934
2025-11-06 12:03,SSO,112.5745,112.6199,112.4601,112.4601,9053
2025-11-06 12:04,SSO,112.47,112.63,112.47,112.62,2050
2025-11-06 12:05,SSO,112.6293,112.72,112.58,112.72,7490
2025-11-06 12:06,SSO,112.69,112.73,112.64,112.73,2534
2025-11-06 12:07,SSO,112.73,112.73,112.49,112.49,3900
2025-11-06 12:08,SSO,112.51,112.53,112.425,112.47,4700
2025-11-06 12:09,SSO,112.64,112.72,112.64,112.72,59693
2025-11-06 12:10,SSO,112.71,112.8599,112.71,112.8599,15253
2025-11-06 12:11,SSO,112.82,112.94,112.82,112.89,4319
2025-11-06 12:12,SSO,112.87,112.89,112.76,112.8099,8114
2025-11-06 12:13,SSO,112.77,112.81,112.66,112.67,5998
2025-11-06 12:14,SSO,112.7,112.71,112.62,112.62,1750
2025-11-06 12:15,SSO,112.52,112.55,112.4909,112.51,8375
2025-11-06 12:16,SSO,112.54,112.54,112.42,112.42,3433
2025-11-06 12:17,SSO,112.53,112.53,112.48,112.48,2300
2025-11-06 12:18,SSO,112.51,112.66,112.51,112.54,2800
2025-11-06 12:19,SSO,112.55,112.56,112.5,112.56,570
2025-11-06 12:20,SSO,112.56,112.56,112.45,112.45,2346
2025-11-06 12:21,SSO,112.48,112.48,112.24,112.281,3767
2025-11-06 12:22,SSO,112.29,112.3299,112.29,112.3299,5379
2025-11-06 12:23,SSO,112.41,112.42,112.28,112.28,1700
2025-11-06 12:24,SSO,112.29,112.36,112.25,112.34,41957
2025-11-06 12:25,SSO,112.27,112.3,112.24,112.2685,8125
2025-11-06 12:26,SSO,112.3,112.32,112.14,112.21,7422
2025-11-06 12:27,SSO,112.24,112.31,112.24,112.29,1850
2025-11-06 12:28,SSO,112.28,112.37,112.28,112.3699,9209
2025-11-06 12:29,SSO,112.37,112.44,112.37,112.425,1727
2025-11-06 12:30,SSO,112.43,112.43,112.341,112.42,3296
2025-11-06 12:31,SSO,112.42,112.5,112.39,112.46,4100
2025-11-06 12:32,SSO,112.481,112.63,112.481,112.6,3100
2025-11-06 12:33,SSO,112.59,112.7,112.59,112.6891,9856
2025-11-06 12:34,SSO,112.64,112.64,112.48,112.51,6000
2025-11-06 12:35,SSO,112.58,112.62,112.5423,112.62,1900
2025-11-06 12:36,SSO,112.66,112.68,112.58,112.68,2790
2025-11-06 12:37,SSO,112.66,112.7,112.63,112.63,1423
2025-11-06 12:38,SSO,112.62,112.7114,112.62,112.7114,2904
2025-11-06 12:39,SSO,112.7,112.7199,112.5,112.5,17291
2025-11-06 12:40,SSO,112.55,112.55,112.506,112.506,2177
2025-11-06 12:41,SSO,112.59,112.64,112.55,112.55,1300
2025-11-06 12:42,SSO,112.58,112.7178,112.575,112.71,600
2025-11-06 12:43,SSO,112.74,112.79,112.71,112.79,3844
2025-11-06 12:44,SSO,112.78,112.78,112.75,112.76,700
2025-11-06 12:45,SSO,112.85,112.9293,112.85,112.9258,1819
2025-11-06 12:46,SSO,112.93,112.98,112.908,112.908,2000
2025-11-06 12:47,SSO,112.92,112.99,112.88,112.99,2639
2025-11-06 12:48,SSO,113.0,113.02,112.99,113.01,2714
2025-11-06 12:49,SSO,113.005,113.02,112.9501,112.9501,1712
2025-11-06 12:50,SSO,112.98,113.04,112.975,113.03,1700
2025-11-06 12:51,SSO,113.06,113.08,113.03,113.04,2568
2025-11-06 12:52,SSO,113.03,113.11,113.01,113.08,2900
2025-11-06 12:53,SSO,113.09,113.09,112.95,112.95,12712
2025-11-06 12:54,SSO,112.97,113.06,112.97,113.05,3000
2025-11-06 12:55,SSO,113.055,113.0912,113.01,113.0912,1100
2025-11-06 12:56,SSO,113.08,113.11,113.05,113.07,1236
2025-11-06 12:57,SSO,113.08,113.08,112.99,112.99,10918
2025-11-06 12:58,SSO,113.04,113.0601,112.98,112.98,29489
2025-11-06 12:59,SSO,112.98,112.98,112.89,112.96,4709
2025-11-06 13:00,SSO,112.935,112.97,112.92,112.93,3239
2025-11-06 13:01,SSO,112.95,113.055,112.95,113.03,8999
2025-11-06 13:02,SSO,113.06,113.06,112.975,113.01,2100
2025-11-06 13:03,SSO,113.01,113.01,112.83,112.83,7600
2025-11-06 13:04,SSO,112.85,112.87,112.7,112.7,11241
2025-11-06 13:05,SSO,112.71,112.71,112.51,112.51,6136
2025-11-06 13:06,SSO,112.48,112.48,112.34,112.34,4400
2025-11-06 13:07,SSO,112.36,112.4599,112.36,112.39,4140
2025-11-06 13:08,SSO,112.3607,112.44,112.3607,112.39,960
2025-11-06 13:09,SSO,112.39,112.4,112.35,112.362,1710
2025-11-06 13:10,SSO,112.36,112.3999,112.29,112.355,6200
2025-11-06 13:11,SSO,112.35,112.35,112.32,112.34,7000
2025-11-06 13:12,SSO,112.33,112.39,112.33,112.37,1600
2025-11-06 13:13,SSO,112.4,112.5,112.375,112.38,8509
2025-11-06 13:14,SSO,112.44,112.4499,112.38,112.4499,1100
2025-11-06 13:15,SSO,112.44,112.54,112.44,112.46,4506
2025-11-06 13:16,SSO,112.48,112.52,112.4593,112.4699,4100
2025-11-06 13:17,SSO,112.46,112.47,112.385,112.47,900
2025-11-06 13:18,SSO,112.47,112.48,112.36,112.44,2600
2025-11-06 13:19,SSO,112.46,112.46,112.4,112.45,1800
2025-11-06 13:20,SSO,112.44,112.55,112.44,112.54,2856
2025-11-06 13:21,SSO,112.535,112.57,112.43,112.48,7549
2025-11-06 13:22,SSO,112.48,112.52,112.46,112.5,1560
2025-11-06 13:23,SSO,112.53,112.63,112.52,112.63,1500
2025-11-06 13:24,SSO,112.65,112.78,112.65,112.78,1270
2025-11-06 13:25,SSO,112.81,112.88,112.81,112.87,1598
2025-11-06 13:26,SSO,112.85,113.02,112.85,113.0,1900
2025-11-06 13:27,SSO,112.99,112.99,112.86,112.868,6480
2025-11-06 13:28,SSO,112.87,112.95,112.87,112.94,6070
2025-11-06 13:29,SSO,112.9798,113.0,112.88,112.89,5033
2025-11-06 13:30,SSO,112.89,113.0,112.89,112.99,4400
2025-11-06 13:31,SSO,113.02,113.09,113.02,113.04,8700
2025-11-06 13:32,SSO,113.04,113.04,113.01,113.03,2452
2025-11-06 13:33,SSO,113.05,113.07,112.96,112.96,3800
2025-11-06 13:34,SSO,113.0,113.04,112.97,113.03,900
2025-11-06 13:35,SSO,113.06,113.14,113.0,113.14,4800
2025-11-06 13:36,SSO,113.14,113.255,113.13,113.255,5124
2025-11-06 13:37,SSO,113.21,113.26,113.19,113.1998,5727
2025-11-06 13:38,SSO,113.22,113.22,113.12,113.15,1471
2025-11-06 13:39,SSO,113.14,113.21,113.11,113.19,4310
2025-11-06 13:40,SSO,113.189,113.2105,113.189,113.21,950
2025-11-06 13:41,SSO,113.19,113.2599,113.19,113.1934,3326
2025-11-06 13:42,SSO,113.18,113.28,113.18,113.27,2400
2025-11-06 13:43,SSO,113.29,113.3,113.2258,113.2258,20584
2025-11-06 13:44,SSO,113.28,113.29,113.25,113.25,1050
2025-11-06 13:45,SSO,113.23,113.24,113.19,113.22,3534
2025-11-06 13:46,SSO,113.21,113.22,113.06,113.06,7000
2025-11-06 13:47,SSO,113.06,113.14,113.04,113.14,5925
2025-11-06 13:48,SSO,113.14,113.22,113.14,113.22,3326
2025-11-06 13:49,SSO,113.15,113.205,113.15,113.2001,500
2025-11-06 13:50,SSO,113.19,113.23,113.165,113.21,1124
2025-11-06 13:51,SSO,113.23,113.23,113.2,113.2,1300
2025-11-06 13:52,SSO,113.22,113.2499,113.22,113.23,400
2025-11-06 13:53,SSO,113.2401,113.25,113.1301,113.16,6147
2025-11-06 13:54,SSO,113.16,113.26,113.16,113.25,2000
2025-11-06 13:55,SSO,113.25,113.25,113.11,113.12,3800
2025-11-06 13:56,SSO,113.08,113.11,113.0155,113.02,7541
2025-11-06 13:57,SSO,113.02,113.04,112.96,112.99,5355
2025-11-06 13:58,SSO,112.99,113.03,112.985,113.02,3650
2025-11-06 13:59,SSO,113.04,113.09,113.04,113.09,800
2025-11-06 14:00,SSO,113.075,113.08,113.06,113.06,1500
2025-11-06 14:01,SSO,113.12,113.2,113.12,113.16,4200
2025-11-06 14:02,SSO,113.14,113.14,113.06,113.07,2594
2025-11-06 14:03,SSO,113.06,113.21,113.06,113.21,3662
2025-11-06 14:04,SSO,113.18,113.35,113.17,113.33,11451
2025-11-06 14:05,SSO,113.34,113.5,113.34,113.5,9401
2025-11-06 14:06,SSO,113.51,113.58,113.51,113.54,4900
2025-11-06 14:07,SSO,113.5489,113.5489,113.45,113.45,1200
2025-11-06 14:08,SSO,113.43,113.45,113.35,113.43,2238
2025-11-06 14:09,SSO,113.4,113.43,113.35,113.35,1978
2025-11-06 14:10,SSO,113.38,113.48,113.38,113.48,900
2025-11-06 14:11,SSO,113.4301,113.44,113.39,113.39,2142
2025-11-06 14:12,SSO,113.43,113.44,113.4,113.44,524
2025-11-06 14:13,SSO,113.4,113.49,113.4,113.49,500
2025-11-06 14:14,SSO,113.47,113.56,113.47,113.56,300
2025-11-06 14:15,SSO,113.55,113.56,113.49,113.49,4035
2025-11-06 14:16,SSO,113.52,113.52,113.44,113.45,6670
2025-11-06 14:17,SSO,113.48,113.48,113.37,113.39,1480
2025-11-06 14:18,SSO,113.37,113.42,113.33,113.35,3869
2025-11-06 14:19,SSO,113.34,113.44,113.34,113.44,900
2025-11-06 14:20,SSO,113.405,113.43,113.39,113.4,1500
2025-11-06 14:21,SSO,113.4,113.46,113.4,113.45,1799
2025-11-06 14:22,SSO,113.41,113.47,113.41,113.43,1300
2025-11-06 14:23,SSO,113.48,113.51,113.46,113.49,700
2025-11-06 14:24,SSO,113.49,113.5,113.49,113.5,975
2025-11-06 14:25,SSO,113.53,113.56,113.53,113.55,1900
2025-11-06 14:26,SSO,113.58,113.63,113.56,113.63,4050
2025-11-06 14:27,SSO,113.63,113.72,113.63,113.6785,10096
2025-11-06 14:28,SSO,113.707,113.73,113.69,113.725,1208
2025-11-06 14:29,SSO,113.75,113.77,113.72,113.72,476
2025-11-06 14:30,SSO,113.719,113.719,113.6,113.61,4050
2025-11-06 14:31,SSO,113.61,113.6601,113.61,113.6501,2125
2025-11-06 14:32,SSO,113.68,113.75,113.6799,113.75,3600
2025-11-06 14:33,SSO,113.77,113.7701,113.7326,113.74,5552
2025-11-06 14:34,SSO,113.7335,113.7335,113.71,113.73,900
2025-11-06 14:35,SSO,113.72,113.742,113.72,113.73,2300
2025-11-06 14:36,SSO,113.735,113.83,113.735,113.7833,2624
2025-11-06 14:37,SSO,113.73,113.75,113.72,113.73,1600
2025-11-06 14:38,SSO,113.7301,113.79,113.7301,113.79,1898
2025-11-06 14:39,SSO,113.7788,113.8001,113.68,113.68,4387
2025-11-06 14:40,SSO,113.66,113.66,113.59,113.6,2425
2025-11-06 14:41,SSO,113.58,113.59,113.45,113.45,4412
2025-11-06 14:42,SSO,113.45,113.4501,113.38,113.38,7458
2025-11-06 14:43,SSO,113.37,113.44,113.33,113.44,8882
2025-11-06 14:44,SSO,113.49,113.55,113.49,113.5342,520
2025-11-06 14:45,SSO,113.53,113.58,113.49,113.58,1708
2025-11-06 14:46,SSO,113.505,113.51,113.4701,113.4701,800
2025-11-06 14:47,SSO,113.5,113.51,113.44,113.44,5277
2025-11-06 14:48,SSO,113.46,113.47,113.36,113.36,600
2025-11-06 14:49,SSO,113.38,113.405,113.345,113.405,2020
2025-11-06 14:50,SSO,113.4,113.48,113.38,113.48,1827
2025-11-06 14:51,SSO,113.49,113.4942,113.39,113.39,710
2025-11-06 14:52,SSO,113.34,113.36,113.34,113.36,300
2025-11-06 14:53,SSO,113.29,113.43,113.28,113.41,14116
2025-11-06 14:54,SSO,113.41,113.41,113.41,113.41,100
2025-11-06 14:55,SSO,113.485,113.545,113.485,113.545,700
2025-11-06 14:56,SSO,113.55,113.585,113.55,113.57,2409
2025-11-06 14:57,SSO,113.5658,113.685,113.5658,113.67,5772
2025-11-06 14:58,SSO,113.7,113.7291,113.69,113.7291,3245
2025-11-06 14:59,SSO,113.69,113.69,113.57,113.6,800
2025-11-06 15:00,SSO,113.63,113.63,113.57,113.58,1200
2025-11-06 15:01,SSO,113.58,113.58,113.4802,113.4802,800
2025-11-06 15:02,SSO,113.491,113.53,113.43,113.47,3098
2025-11-06 15:03,SSO,113.53,113.53,113.53,113.53,100
2025-11-06 15:04,SSO,113.54,113.56,113.51,113.53,2187
2025-11-06 15:05,SSO,113.56,113.61,113.56,113.6,2736
2025-11-06 15:06,SSO,113.6,113.6,113.51,113.59,4620
2025-11-06 15:07,SSO,113.59,113.61,113.52,113.61,8126
2025-11-06 15:08,SSO,113.6217,113.6217,113.56,113.56,1106
2025-11-06 15:09,SSO,113.58,113.58,113.55,113.58,500
2025-11-06 15:10,SSO,113.57,113.66,113.57,113.61,3600
2025-11-06 15:11,SSO,113.59,113.6,113.59,113.6,200
2025-11-06 15:12,SSO,113.657,113.685,113.55,113.56,5931
2025-11-06 15:13,SSO,113.53,113.5801,113.52,113.5801,1098
2025-11-06 15:14,SSO,113.61,113.61,113.58,113.5899,2100
2025-11-06 15:15,SSO,113.59,113.59,113.5,113.5001,1812
2025-11-06 15:16,SSO,113.48,113.55,113.4,113.541,2000
2025-11-06 15:17,SSO,113.52,113.52,113.5,113.5101,5640
2025-11-06 15:18,SSO,113.51,113.54,113.51,113.52,1820
2025-11-06 15:19,SSO,113.61,113.62,113.57,113.57,651
2025-11-06 15:20,SSO,113.59,113.59,113.55,113.5501,1845
2025-11-06 15:21,SSO,113.5393,113.63,113.5393,113.63,964
2025-11-06 15:22,SSO,113.62,113.63,113.6,113.61,7763
2025-11-06 15:23,SSO,113.62,113.68,113.62,113.67,800
2025-11-06 15:24,SSO,113.66,113.68,113.64,113.67,3958
2025-11-06 15:25,SSO,113.6693,113.6693,113.61,113.65,700
2025-11-06 15:26,SSO,113.645,113.7,113.64,113.64,3406
2025-11-06 15:27,SSO,113.6,113.6,113.56,113.59,1200
2025-11-06 15:28,SSO,113.5701,113.5701,113.49,113.52,6878
2025-11-06 15:29,SSO,113.51,113.51,113.335,113.34,9352
2025-11-06 15:30,SSO,113.38,113.48,113.36,113.38,7527
2025-11-06 15:31,SSO,113.38,113.38,113.28,113.28,2450
2025-11-06 15:32,SSO,113.28,113.3,113.15,113.3,12310
2025-11-06 15:33,SSO,113.31,113.36,113.3,113.3,1700
2025-11-06 15:34,SSO,113.32,113.43,113.2988,113.4299,2324
2025-11-06 15:35,SSO,113.44,113.48,113.42,113.45,7040
2025-11-06 15:36,SSO,113.45,113.45,113.36,113.37,2700
2025-11-06 15:37,SSO,113.3705,113.41,113.37,113.37,6681
2025-11-06 15:38,SSO,113.34,113.35,113.27,113.27,4182
2025-11-06 15:39,SSO,113.2867,113.3,113.215,113.22,12337
2025-11-06 15:40,SSO,113.26,113.31,113.22,113.22,89635
2025-11-06 15:41,SSO,113.23,113.25,113.19,113.2,4622
2025-11-06 15:42,SSO,113.22,113.22,113.1,113.11,8524
2025-11-06 15:43,SSO,113.12,113.13,113.05,113.1,17220
2025-11-06 15:44,SSO,113.06,113.07,113.03,113.05,900
2025-11-06 15:45,SSO,113.0,113.085,112.94,112.97,9000
2025-11-06 15:46,SSO,112.985,112.985,112.765,112.77,10026
2025-11-06 15:47,SSO,112.79,112.83,112.75,112.76,12968
2025-11-06 15:48,SSO,112.755,112.82,112.69,112.8,9553
2025-11-06 15:49,SSO,112.7306,112.76,112.69,112.69,13007
2025-11-06 15:50,SSO,112.69,112.82,112.68,112.79,11142
2025-11-06 15:51,SSO,112.8,112.811,112.7414,112.8,7413
2025-11-06 15:52,SSO,112.8,112.92,112.79,112.88,18018
2025-11-06 15:53,SSO,112.84,112.877,112.8,112.84,5275
2025-11-06 15:54,SSO,112.87,112.8858,112.73,112.75,23603
2025-11-06 15:55,SSO,112.74,112.75,112.68,112.72,16203
2025-11-06 15:56,SSO,112.72,112.72,112.71,112.71,700
2025-11-04 16:39,TECL,135.62,135.62,135.54,135.54,200
2025-11-04 16:40,TECL,135.52,135.52,135.52,135.52,150
2025-11-04 16:43,TECL,135.8,135.8,135.8,135.8,237
2025-11-04 16:53,TECL,136.14,136.14,136.14,136.14,341
2025-11-04 16:54,TECL,136.15,136.15,136.14,136.14,945
2025-11-04 16:55,TECL,136.4,136.4,136.4,136.4,100
2025-11-04 16:56,TECL,136.15,136.15,136.15,136.15,100
2025-11-04 17:06,TECL,136.5,136.5,136.5,136.5,100
2025-11-04 17:20,TECL,136.27,136.27,136.27,136.27,200
2025-11-04 17:28,TECL,136.21,136.21,136.21,136.21,100
2025-11-04 17:33,TECL,136.61,136.61,136.61,136.61,401
2025-11-04 17:49,TECL,136.02,136.02,136.02,136.02,100
2025-11-04 17:51,TECL,135.7,137.56,135.7,137.56,2560
2025-11-04 17:55,TECL,136.45,136.5,135.86,135.86,1944
2025-11-04 17:56,TECL,135.51,135.51,135.51,135.51,100
2025-11-04 18:06,TECL,135.8,135.8,135.5,135.5,248
2025-11-04 18:10,TECL,135.2195,135.2195,135.2195,135.2195,289
2025-11-04 18:13,TECL,135.3,135.3,135.3,135.3,100
2025-11-04 18:15,TECL,135.46,135.46,135.45,135.45,200
2025-11-04 18:17,TECL,135.3,135.3,135.3,135.3,200
2025-11-04 18:19,TECL,135.2,135.2,135.2,135.2,300
2025-11-04 18:32,TECL,135.0,135.0,135.0,135.0,100
2025-11-04 18:36,TECL,135.05,135.05,135.0,135.0,305
2025-11-04 18:37,TECL,135.04,135.04,135.0,135.0,950
2025-11-04 18:50,TECL,135.01,135.01,135.0,135.0,380
2025-11-04 18:51,TECL,135.0,135.02,135.0,135.0,3800
2025-11-04 18:53,TECL,135.078,135.078,135.0,135.07,2900
2025-11-04 18:54,TECL,135.0,135.0,135.0,135.0,400
2025-11-04 18:55,TECL,135.0,135.0,135.0,135.0,120
2025-11-04 18:57,TECL,135.49,135.49,135.49,135.49,250
2025-11-04 18:59,TECL,134.28,134.28,134.28,134.28,250
2025-11-04 19:04,TECL,134.7,134.7,134.7,134.7,149
2025-11-04 19:05,TECL,134.7,134.7,134.7,134.7,2339
2025-11-04 19:06,TECL,134.3,134.3,134.3,134.3,100
2025-11-04 19:09,TECL,135.39,135.39,135.39,135.39,200
2025-11-04 19:10,TECL,134.8299,134.8299,134.8299,134.8299,100
2025-11-04 19:11,TECL,134.2688,134.2834,134.26,134.2675,2472
2025-11-04 19:12,TECL,134.79,134.79,134.79,134.79,100
2025-11-04 19:21,TECL,134.35,134.35,134.35,134.35,250
2025-11-04 19:30,TECL,134.27,134.27,134.27,134.27,100
2025-11-04 19:31,TECL,134.25,134.25,134.25,134.25,279
2025-11-04 19:35,TECL,134.0,134.0,133.99,133.99,200
2025-11-04 19:39,TECL,133.86,134.0,133.86,134.0,250
2025-11-04 19:43,TECL,133.5,133.5,133.5,133.5,220
2025-11-04 19:46,TECL,133.5,133.5,133.49,133.5,750
2025-11-04 19:47,TECL,133.45,133.45,133.45,133.45,100
2025-11-04 19:48,TECL,133.35,133.35,133.35,133.35,200
2025-11-04 19:50,TECL,133.28,133.3,133.28,133.3,339
2025-11-04 19:52,TECL,133.3,133.3,133.001,133.051,1448
2025-11-04 19:57,TECL,133.09,133.14,132.9327,133.14,300
2025-11-05 07:18,TECL,134.64,134.64,134.64,134.64,172
2025-11-05 07:33,TECL,135.02,135.02,134.86,134.86,406
2025-11-05 07:37,TECL,135.46,135.46,135.46,135.46,400
2025-11-05 07:38,TECL,135.46,135.5,135.46,135.5,700
2025-11-05 07:39,TECL,135.6,135.6,135.6,135.6,187
2025-11-05 07:45,TECL,135.6,135.6,135.6,135.6,113
2025-11-05 07:46,TECL,135.46,135.46,135.46,135.46,150
2025-11-05 08:02,TECL,135.3201,135.3201,135.3201,135.3201,115
2025-11-05 08:10,TECL,135.5,135.5,135.5,135.5,200
2025-11-05 08:13,TECL,135.65,135.65,135.65,135.65,133
2025-11-05 08:19,TECL,135.5,135.5,135.5,135.5,129
2025-11-05 08:23,TECL,135.89,135.94,135.8137,135.94,1100
2025-11-05 08:30,TECL,136.7411,136.7411,136.7411,136.7411,100
2025-11-05 08:31,TECL,136.71,136.9641,136.71,136.9641,200
2025-11-05 08:32,TECL,136.99,136.99,136.7,136.7,350
2025-11-05 08:33,TECL,136.5,136.802,136.5,136.802,543
2025-11-05 08:41,TECL,137.12,137.12,137.12,137.12,100
2025-11-05 08:44,TECL,137.49,137.5,137.44,137.49,2550
2025-11-05 08:47,TECL,137.26,137.26,137.26,137.26,100
2025-11-05 08:50,TECL,137.49,137.49,137.49,137.49,123
2025-11-05 08:51,TECL,137.24,137.24,137.24,137.24,214
2025-11-05 08:53,TECL,137.36,137.36,137.36,137.36,200
2025-11-05 08:57,TECL,137.44,137.5,137.32,137.5,3246
2025-11-05 08:59,TECL,137.0399,137.0399,137.0399,137.0399,300
2025-11-05 09:00,TECL,137.06,137.06,137.0,137.0,727
2025-11-05 09:01,TECL,137.23,137.23,137.01,137.01,289
2025-11-05 09:02,TECL,137.06,137.06,137.06,137.06,250
2025-11-05 09:03,TECL,137.06,137.06,137.0,137.0,775
2025-11-05 09:14,TECL,137.37,137.37,137.37,137.37,200
2025-11-05 09:27,TECL,136.68,136.68,136.68,136.68,100
2025-11-05 09:28,TECL,136.4,136.4,136.4,136.4,100
2025-11-05 09:29,TECL,136.0,136.0,136.0,136.0,300
2025-11-05 09:30,TECL,136.12,137.428,136.0,137.3565,72497
2025-11-05 09:31,TECL,137.42,137.49,136.5335,136.5335,1611
2025-11-05 09:32,TECL,136.52,137.05,136.52,137.05,4876
2025-11-05 09:33,TECL,137.05,137.3,136.86,137.19,2170
2025-11-05 09:34,TECL,137.135,137.27,136.285,136.31,1903
2025-11-05 09:35,TECL,136.28,136.77,136.22,136.68,3756
2025-11-05 09:36,TECL,136.81,136.81,135.9974,136.005,3220
2025-11-05 09:37,TECL,136.06,137.04,136.06,136.95,2067
2025-11-05 09:38,TECL,136.6701,137.3644,136.6701,137.18,7223
2025-11-05 09:39,TECL,137.23,137.527,137.23,137.385,4223
2025-11-05 09:40,TECL,137.18,137.56,137.18,137.5,3482
2025-11-05 09:41,TECL,137.5,137.6,137.05,137.18,9260
2025-11-05 09:42,TECL,137.2,137.2,136.85,136.96,2641
2025-11-05 09:43,TECL,136.97,137.5,136.97,137.5,4069
2025-11-05 09:44,TECL,137.46,137.5399,137.06,137.13,13124
2025-11-05 09:45,TECL,137.12,137.51,137.12,137.35,2570
2025-11-05 09:46,TECL,137.345,137.665,137.345,137.665,6212
2025-11-05 09:47,TECL,137.74,138.22,137.74,138.18,4235
2025-11-05 09:48,TECL,138.1,138.5205,138.07,138.51,8049
2025-11-05 09:49,TECL,138.315,138.39,138.0,138.39,5194
2025-11-05 09:50,TECL,138.34,138.765,138.255,138.765,5949
2025-11-05 09:51,TECL,138.76,138.86,138.685,138.86,4173
2025-11-05 09:52,TECL,138.8,139.0499,138.8,139.0499,6447
2025-11-05 09:53,TECL,138.9715,139.37,138.92,139.3488,7331
2025-11-05 09:54,TECL,139.3456,139.39,139.2055,139.39,4920
2025-11-05 09:55,TECL,139.24,139.3,138.83,139.22,7002
2025-11-05 09:56,TECL,138.85,139.32,138.85,139.32,3600
2025-11-05 09:57,TECL,139.31,139.52,139.31,139.3895,9393
2025-11-05 09:58,TECL,139.23,139.48,139.225,139.48,2510
2025-11-05 09:59,TECL,139.42,139.45,139.275,139.45,2928
2025-11-05 10:00,TECL,139.2,139.2,138.9506,139.15,12468
2025-11-05 10:01,TECL,139.045,139.2913,138.7002,138.8225,5240
2025-11-05 10:02,TECL,138.92,138.965,138.5,138.78,6717
2025-11-05 10:03,TECL,138.73,138.96,138.5,138.96,1957
2025-11-05 10:04,TECL,138.88,138.95,138.4,138.4,1000
2025-11-05 10:05,TECL,138.48,139.3,138.48,139.3,5213
2025-11-05 10:06,TECL,139.34,139.9695,139.3095,139.675,5797
2025-11-05 10:07,TECL,139.72,139.72,139.0,139.1555,7943
2025-11-05 10:08,TECL,139.18,139.265,138.8,138.86,7216
2025-11-05 10:09,TECL,138.96,139.1196,138.83,139.1196,3503
2025-11-05 10:10,TECL,138.78,138.88,138.7,138.8,4905
2025-11-05 10:11,TECL,138.81,138.81,138.4,138.48,2774
2025-11-05 10:12,TECL,138.6477,138.6477,138.495,138.495,1217
2025-11-05 10:13,TECL,138.67,138.67,138.58,138.58,300
2025-11-05 10:14,TECL,138.63,138.63,138.39,138.51,2072
2025-11-05 10:15,TECL,138.2,138.26,138.15,138.26,4392
2025-11-05 10:16,TECL,138.5451,138.7,138.39,138.4,2748
2025-11-05 10:17,TECL,138.71,138.71,138.7094,138.7094,300
2025-11-05 10:18,TECL,138.66,138.82,138.65,138.76,1200
2025-11-05 10:19,TECL,138.901,139.0,138.645,138.69,1583
2025-11-05 10:20,TECL,138.795,138.795,138.45,138.775,1034
2025-11-05 10:21,TECL,138.61,138.62,138.15,138.3082,10203
2025-11-05 10:22,TECL,138.36,138.74,138.12,138.73,10959
2025-11-05 10:23,TECL,138.86,139.19,138.785,139.19,3012
2025-11-05 10:24,TECL,139.27,139.2891,139.16,139.25,1062
2025-11-05 10:25,TECL,139.235,139.3,139.03,139.035,4940
2025-11-05 10:26,TECL,139.0,139.59,139.0,139.53,4411
2025-11-05 10:27,TECL,139.7,139.96,139.68,139.95,2933
2025-11-05 10:28,TECL,139.8201,139.9599,139.8201,139.89,2928
2025-11-05 10:29,TECL,139.98,140.06,139.45,139.45,6452
2025-11-05 10:30,TECL,139.445,139.525,139.27,139.275,2522
2025-11-05 10:31,TECL,139.48,139.5799,139.48,139.5557,1267
2025-11-05 10:32,TECL,139.57,139.57,139.43,139.51,2250
2025-11-05 10:33,TECL,139.85,139.85,139.755,139.755,1300
2025-11-05 10:34,TECL,139.8202,139.94,139.73,139.73,6130
2025-11-05 10:35,TECL,139.72,139.72,139.6821,139.7,823
2025-11-05 10:36,TECL,139.8005,139.8005,139.8005,139.8005,143
2025-11-05 10:37,TECL,139.5,139.64,139.5,139.64,200
2025-11-05 10:39,TECL,139.56,139.56,139.5,139.5,200
2025-11-05 10:40,TECL,139.87,139.91,139.87,139.9,534
2025-11-05 10:41,TECL,139.9299,140.2199,139.81,139.81,3024
2025-11-05 10:42,TECL,139.79,139.84,139.6738,139.82,4534
2025-11-05 10:43,TECL,139.97,140.085,139.8674,140.04,6685
2025-11-05 10:44,TECL,140.085,140.085,139.83,139.83,3385
2025-11-05 10:45,TECL,139.82,139.82,139.74,139.74,300
2025-11-05 10:46,TECL,139.96,140.02,139.92,140.02,7132
2025-11-05 10:47,TECL,139.96,140.2499,139.89,140.2499,5165
2025-11-05 10:48,TECL,140.31,140.38,140.22,140.22,4045
2025-11-05 10:49,TECL,140.0425,140.0425,139.695,139.7195,2855
2025-11-05 10:50,TECL,139.78,139.78,139.64,139.77,800
2025-11-05 10:51,TECL,139.6575,139.78,139.6575,139.78,288
2025-11-05 10:52,TECL,139.735,139.84,139.705,139.705,2450
2025-11-05 10:53,TECL,139.76,139.76,139.71,139.71,300
2025-11-05 10:54,TECL,139.88,139.88,139.88,139.88,1126
2025-11-05 10:55,TECL,139.7,139.71,139.7,139.71,1150
2025-11-05 10:56,TECL,139.6894,139.6894,139.5,139.5,1457
2025-11-05 10:57,TECL,139.905,140.1012,139.9,139.9,2271
2025-11-05 10:58,TECL,140.1153,140.3799,140.045,140.3799,1966
2025-11-05 10:59,TECL,140.35,140.35,140.29,140.2905,2589
2025-11-05 11:00,TECL,140.27,140.27,140.06,140.1564,2073
2025-11-05 11:01,TECL,140.201,140.635,140.201,140.635,1200
2025-11-05 11:02,TECL,140.47,140.5191,140.4699,140.4699,2050
2025-11-05 11:03,TECL,140.42,140.42,139.7,139.8,8159
2025-11-05 11:04,TECL,139.85,140.3,139.85,140.29,6829
2025-11-05 11:05,TECL,140.2,140.302,140.2,140.302,1722
2025-11-05 11:06,TECL,140.31,140.31,139.92,139.92,837
2025-11-05 11:07,TECL,139.99,140.04,139.71,139.71,700
2025-11-05 11:08,TECL,139.73,139.81,139.51,139.7689,4115
2025-11-05 11:10,TECL,139.7372,139.7372,139.7372,139.7372,100
2025-11-05 11:11,TECL,139.888,139.888,139.888,139.888,400
2025-11-05 11:12,TECL,139.76,139.76,139.59,139.68,3748
2025-11-05 11:13,TECL,139.805,139.805,139.525,139.61,2500
2025-11-05 11:14,TECL,139.5168,139.5168,139.1946,139.1946,2534
2025-11-05 11:15,TECL,139.49,139.5,139.48,139.5,1040
2025-11-05 11:17,TECL,139.2,139.2,139.06,139.06,1600
2025-11-05 11:18,TECL,139.12,139.19,139.0,139.148,3100
2025-11-05 11:20,TECL,139.025,139.12,139.025,139.12,300
2025-11-05 11:21,TECL,139.28,139.29,139.28,139.29,1700
2025-11-05 11:22,TECL,139.185,139.41,139.185,139.39,1600
2025-11-05 11:23,TECL,139.35,139.3785,139.325,139.3785,600
2025-11-05 11:24,TECL,139.4,139.7705,139.4,139.72,1980
2025-11-05 11:25,TECL,139.865,139.9799,139.865,139.9799,1050
2025-11-05 11:26,TECL,139.92,140.2091,139.92,140.14,1500
2025-11-05 11:27,TECL,140.065,140.08,139.8987,140.02,3404
2025-11-05 11:28,TECL,140.09,140.09,140.005,140.005,600
2025-11-05 11:29,TECL,140.15,140.35,140.15,140.29,5295
2025-11-05 11:30,TECL,140.31,140.31,140.02,140.11,2225
2025-11-05 11:31,TECL,140.235,140.235,140.235,140.235,109
2025-11-05 11:32,TECL,140.0426,140.0535,139.9298,139.9298,1282
2025-11-05 11:33,TECL,139.9864,139.9864,139.9864,139.9864,400
2025-11-05 11:34,TECL,140.08,140.08,140.08,140.08,300
2025-11-05 11:35,TECL,140.04,140.06,139.9532,139.9532,700
2025-11-05 11:37,TECL,139.98,139.98,139.98,139.98,100
2025-11-05 11:38,TECL,139.89,139.89,139.8699,139.88,600
2025-11-05 11:40,TECL,139.9654,139.9654,139.9654,139.9654,116
2025-11-05 11:41,TECL,139.996,140.03,139.996,140.03,1330
2025-11-05 11:42,TECL,140.09,140.18,140.09,140.12,1861
2025-11-05 11:43,TECL,140.15,140.41,140.15,140.41,1530
2025-11-05 11:44,TECL,140.3998,140.54,140.38,140.4845,1700
2025-11-05 11:45,TECL,140.5,140.52,140.5,140.52,300
2025-11-05 11:46,TECL,140.63,140.68,140.61,140.64,3286
2025-11-05 11:47,TECL,140.595,140.595,140.54,140.54,200
2025-11-05 11:48,TECL,140.56,140.68,140.56,140.585,1921
2025-11-05 11:49,TECL,140.6,140.61,140.59,140.6,650
2025-11-05 11:50,TECL,140.515,140.515,140.515,140.515,200
2025-11-05 11:52,TECL,140.405,140.405,140.39,140.39,1600
2025-11-05 11:54,TECL,140.37,140.3962,140.315,140.3962,550
2025-11-05 11:55,TECL,140.55,140.57,140.426,140.426,2755
2025-11-05 11:56,TECL,140.5231,140.5231,140.43,140.43,410
2025-11-05 11:57,TECL,140.4395,140.4395,140.4218,140.4218,1125
2025-11-05 11:58,TECL,140.27,140.27,140.2545,140.2545,450
2025-11-05 11:59,TECL,140.22,140.255,140.22,140.255,250
2025-11-05 12:00,TECL,140.22,140.2291,140.0754,140.0754,719
2025-11-05 12:01,TECL,140.15,140.15,140.15,140.15,200
2025-11-05 12:03,TECL,140.095,140.095,140.0,140.0699,1150
2025-11-05 12:04,TECL,139.9138,139.9138,139.9138,139.9138,290
2025-11-05 12:05,TECL,139.98,139.98,139.98,139.98,150
2025-11-05 12:06,TECL,140.095,140.095,140.095,140.095,100
2025-11-05 12:07,TECL,140.0,140.0,140.0,140.0,100
2025-11-05 12:10,TECL,139.5,139.5573,139.47,139.5573,450
2025-11-05 12:11,TECL,139.6,139.6,139.6,139.6,109
2025-11-05 12:12,TECL,139.96,139.96,139.8878,139.8878,352
2025-11-05 12:13,TECL,139.94,139.94,139.94,139.94,100
2025-11-05 12:14,TECL,140.0,140.0,139.9,139.9,200
2025-11-05 12:15,TECL,139.66,139.66,139.635,139.635,309
2025-11-05 12:16,TECL,139.65,139.76,139.65,139.76,300
2025-11-05 12:17,TECL,139.74,139.8,139.74,139.79,400
2025-11-05 12:18,TECL,139.66,139.66,139.66,139.66,100
2025-11-05 12:19,TECL,139.72,139.845,139.72,139.845,550
2025-11-05 12:20,TECL,139.8,139.8,139.8,139.8,100
2025-11-05 12:21,TECL,140.05,140.06,140.05,140.055,652
2025-11-05 12:22,TECL,139.9246,139.9246,139.9025,139.9025,2979
2025-11-05 12:23,TECL,140.0012,140.0012,139.9391,139.9391,2582
2025-11-05 12:24,TECL,139.895,139.8973,139.875,139.8973,570
2025-11-05 12:25,TECL,139.9851,139.9851,139.9851,139.9851,250
2025-11-05 12:26,TECL,140.0582,140.09,140.0582,140.09,600
2025-11-05 12:27,TECL,140.1,140.29,140.1,140.24,5460
2025-11-05 12:28,TECL,140.268,140.268,140.18,140.26,400
2025-11-05 12:29,TECL,140.2383,140.2383,140.2383,140.2383,128
2025-11-05 12:30,TECL,140.2882,140.2882,140.2882,140.2882,500
2025-11-05 12:31,TECL,140.375,140.375,140.375,140.375,500
2025-11-05 12:32,TECL,140.33,140.33,140.33,140.33,100
2025-11-05 12:33,TECL,140.215,140.215,140.08,140.0999,1440
2025-11-05 12:34,TECL,140.44,140.44,140.44,140.44,100
2025-11-05 12:35,TECL,140.49,140.625,140.47,140.625,2250
2025-11-05 12:36,TECL,140.71,140.71,140.71,140.71,150
2025-11-05 12:37,TECL,140.835,140.835,140.835,140.835,350
2025-11-05 12:38,TECL,140.8891,140.8891,140.885,140.885,600
2025-11-05 12:39,TECL,140.7545,140.7545,140.7545,140.7545,110
2025-11-05 12:40,TECL,140.735,140.735,140.706,140.7222,1159
2025-11-05 12:41,TECL,140.68,140.68,140.68,140.68,6851
2025-11-05 12:42,TECL,140.67,140.68,140.63,140.68,400
2025-11-05 12:43,TECL,140.6473,140.6473,140.64,140.64,300
2025-11-05 12:44,TECL,140.72,140.75,140.72,140.75,1107
2025-11-05 12:45,TECL,140.83,140.8599,140.77,140.77,473
2025-11-05 12:46,TECL,140.63,140.63,140.5889,140.6015,528
2025-11-05 12:47,TECL,140.6101,140.6101,140.6101,140.6101,350
2025-11-05 12:48,TECL,140.635,140.635,140.635,140.635,100
2025-11-05 12:49,TECL,140.6415,140.6415,140.5898,140.5898,650
2025-11-05 12:50,TECL,140.55,140.57,140.55,140.57,1200
2025-11-05 12:51,TECL,140.63,140.68,140.63,140.63,300
2025-11-05 12:53,TECL,140.69,140.7,140.6,140.6,1899
2025-11-05 12:54,TECL,140.4609,140.5138,140.4609,140.5138,206
2025-11-05 12:57,TECL,140.59,140.59,140.59,140.59,100
2025-11-05 13:00,TECL,140.7,140.72,140.7,140.7,400
2025-11-05 13:01,TECL,140.8,140.8,140.76,140.76,825
2025-11-05 13:02,TECL,140.8215,140.8215,140.8215,140.8215,145
2025-11-05 13:03,TECL,140.76,140.76,140.76,140.76,200
2025-11-05 13:05,TECL,140.7216,140.7216,140.59,140.59,700
2025-11-05 13:06,TECL,140.61,140.61,140.61,140.61,100
2025-11-05 13:07,TECL,140.754,140.754,140.72,140.72,1100
2025-11-05 13:08,TECL,140.67,140.67,140.67,140.67,100
2025-11-05 13:10,TECL,140.5709,140.5709,140.5709,140.5709,101
2025-11-05 13:11,TECL,140.5069,140.5069,140.5069,140.5069,150
2025-11-05 13:12,TECL,140.55,140.56,140.55,140.56,1200
2025-11-05 13:13,TECL,140.4761,140.4761,140.4761,140.4761,100
2025-11-05 13:14,TECL,140.64,140.64,140.64,140.64,100
2025-11-05 13:16,TECL,140.785,140.9,140.785,140.9,938
2025-11-05 13:17,TECL,140.93,141.0095,140.9,140.9,1242
2025-11-05 13:18,TECL,140.85,140.85,140.835,140.835,250
2025-11-05 13:19,TECL,140.82,140.8761,140.8,140.8,1100
2025-11-05 13:20,TECL,140.78,140.875,140.78,140.875,982
2025-11-05 13:21,TECL,140.928,140.956,140.91,140.9275,650
2025-11-05 13:22,TECL,140.92,140.92,140.885,140.885,1088
2025-11-05 13:24,TECL,140.8415,140.8789,140.825,140.825,853
2025-11-05 13:25,TECL,140.8299,140.8299,140.74,140.74,400
2025-11-05 13:26,TECL,140.8,140.8,140.8,140.8,100
2025-11-05 13:27,TECL,140.79,140.79,140.79,140.79,100
2025-11-05 13:28,TECL,140.8822,140.8822,140.8822,140.8822,181
2025-11-05 13:29,TECL,140.9151,140.99,140.9151,140.99,600
2025-11-05 13:31,TECL,141.05,141.05,141.0008,141.0008,200
2025-11-05 13:32,TECL,141.0,141.07,141.0,141.07,350
2025-11-05 13:33,TECL,141.19,141.19,141.085,141.091,1048
2025-11-05 13:34,TECL,141.13,141.13,141.13,141.13,1000
2025-11-05 13:35,TECL,141.165,141.25,141.165,141.25,1936
2025-11-05 13:36,TECL,141.33,141.4983,141.33,141.4983,2260
2025-11-05 13:37,TECL,141.4519,141.54,141.4519,141.54,768
2025-11-05 13:38,TECL,141.57,141.69,141.57,141.6215,2015
2025-11-05 13:39,TECL,141.6814,141.6814,141.6512,141.674,3116
2025-11-05 13:40,TECL,141.59,141.71,141.59,141.71,848
2025-11-05 13:41,TECL,141.81,141.81,141.81,141.81,100
2025-11-05 13:42,TECL,141.805,141.835,141.74,141.74,2317
2025-11-05 13:43,TECL,141.7,141.815,141.7,141.815,650
2025-11-05 13:44,TECL,141.9,141.9,141.9,141.9,200
2025-11-05 13:45,TECL,141.8614,141.8614,141.8614,141.8614,1500
2025-11-05 13:46,TECL,141.9036,141.9036,141.9036,141.9036,350
2025-11-05 13:47,TECL,141.9181,141.95,141.9,141.94,600
2025-11-05 13:48,TECL,141.928,142.0,141.928,142.0,3041
2025-11-05 13:49,TECL,142.0,142.02,141.86,141.9004,4413
2025-11-05 13:50,TECL,141.9033,142.0,141.9033,142.0,488
2025-11-05 13:51,TECL,142.0005,142.21,142.0005,142.21,1377
2025-11-05 13:52,TECL,142.0901,142.0901,142.0901,142.0901,1000
2025-11-05 13:53,TECL,142.1899,142.1899,142.1637,142.1637,1791
2025-11-05 13:54,TECL,142.2383,142.2383,142.18,142.23,1037
2025-11-05 13:55,TECL,142.04,142.07,142.04,142.06,2810
2025-11-05 13:56,TECL,142.11,142.14,142.0,142.14,850
2025-11-05 13:57,TECL,142.0356,142.0356,142.0356,142.0356,180
2025-11-05 13:58,TECL,141.95,141.95,141.95,141.95,100
2025-11-05 13:59,TECL,142.0,142.03,141.9763,141.98,2188
2025-11-05 14:00,TECL,141.7094,141.7094,141.64,141.64,495
2025-11-05 14:01,TECL,141.6583,141.6583,141.52,141.52,550
2025-11-05 14:02,TECL,141.5385,141.5385,141.38,141.38,1050
2025-11-05 14:03,TECL,141.41,141.45,141.41,141.45,2073
2025-11-05 14:04,TECL,141.42,141.45,141.42,141.4301,1946
2025-11-05 14:05,TECL,141.55,141.55,141.535,141.535,200
2025-11-05 14:06,TECL,141.43,141.43,141.43,141.43,100
2025-11-05 14:08,TECL,141.27,141.27,141.1001,141.1001,1000
2025-11-05 14:09,TECL,141.2,141.2,141.2,141.2,120
2025-11-05 14:10,TECL,141.32,141.49,141.32,141.3589,2682
2025-11-05 14:11,TECL,141.44,141.51,141.4299,141.4299,950
2025-11-05 14:12,TECL,141.345,141.345,141.345,141.345,100
2025-11-05 14:13,TECL,141.37,141.4715,141.36,141.4715,2740
2025-11-05 14:14,TECL,141.44,141.58,141.44,141.58,400
2025-11-05 14:16,TECL,141.71,141.72,141.71,141.72,600
2025-11-05 14:17,TECL,141.715,141.74,141.715,141.7212,410
2025-11-05 14:19,TECL,141.68,141.68,141.68,141.68,100
2025-11-05 14:23,TECL,141.7991,141.7991,141.7991,141.7991,1000
2025-11-05 14:24,TECL,141.85,141.8506,141.85,141.8506,500
2025-11-05 14:25,TECL,141.85,141.9368,141.811,141.9368,500
2025-11-05 14:26,TECL,141.92,141.92,141.8,141.8,2650
2025-11-05 14:27,TECL,141.73,141.78,141.685,141.685,880
2025-11-05 14:28,TECL,141.6588,141.6588,141.6188,141.6224,1015
2025-11-05 14:29,TECL,141.635,141.769,141.635,141.769,764
2025-11-05 14:31,TECL,141.76,141.8399,141.76,141.8399,800
2025-11-05 14:32,TECL,141.8105,141.9,141.8105,141.9,850
2025-11-05 14:35,TECL,141.9,142.0,141.9,142.0,992
2025-11-05 14:36,TECL,141.9494,141.985,141.9494,141.985,1150
2025-11-05 14:37,TECL,142.014,142.014,142.014,142.014,1000
2025-11-05 14:38,TECL,141.9815,142.1191,141.9815,142.0795,1850
2025-11-05 14:39,TECL,142.06,142.12,142.0408,142.0488,1940
2025-11-05 14:40,TECL,142.05,142.05,141.92,141.97,1700
2025-11-05 14:41,TECL,141.9221,141.9221,141.9221,141.9221,2000
2025-11-05 14:42,TECL,141.96,141.96,141.9,141.9,3462
2025-11-05 14:43,TECL,141.9,141.9,141.83,141.8472,1200
2025-11-05 14:44,TECL,141.9485,141.9485,141.8964,141.8964,1211
2025-11-05 14:45,TECL,141.8841,141.91,141.8585,141.8585,1111
2025-11-05 14:46,TECL,141.8695,141.8695,141.8695,141.8695,108
2025-11-05 14:47,TECL,141.86,141.9,141.82,141.9,944
2025-11-05 14:50,TECL,141.65,141.83,141.65,141.83,1481
2025-11-05 14:51,TECL,141.9,141.95,141.9,141.95,900
2025-11-05 14:52,TECL,142.0,142.005,141.95,141.95,500
2025-11-05 14:53,TECL,141.98,141.98,141.96,141.96,200
2025-11-05 14:54,TECL,142.0,142.01,142.0,142.01,200
2025-11-05 14:55,TECL,142.05,142.142,142.015,142.015,2539
2025-11-05 14:56,TECL,141.95,141.9585,141.935,141.9585,650
2025-11-05 14:57,TECL,142.0291,142.0291,142.0291,142.0291,300
2025-11-05 14:58,TECL,141.9691,141.9691,141.9691,141.9691,100
2025-11-05 14:59,TECL,141.96,141.96,141.85,141.85,200
2025-11-05 15:00,TECL,141.835,141.895,141.8291,141.895,611
2025-11-05 15:01,TECL,141.955,141.955,141.955,141.955,180
2025-11-05 15:02,TECL,142.1,142.1,142.1,142.1,100
2025-11-05 15:03,TECL,141.8,141.8,141.8,141.8,1000
2025-11-05 15:04,TECL,141.64,141.64,141.64,141.64,100
2025-11-05 15:05,TECL,141.65,141.65,141.4897,141.4897,1457
2025-11-05 15:06,TECL,141.53,141.7091,141.53,141.685,1100
2025-11-05 15:07,TECL,141.505,141.505,141.505,141.505,100
2025-11-05 15:09,TECL,141.48,141.5,141.47,141.5,4448
2025-11-05 15:10,TECL,141.71,141.71,141.71,141.71,128
2025-11-05 15:12,TECL,141.7,141.8,141.7,141.8,225
2025-11-05 15:13,TECL,141.8,141.8,141.73,141.73,2437
2025-11-05 15:14,TECL,141.92,141.92,141.92,141.92,2000
2025-11-05 15:15,TECL,141.89,141.99,141.88,141.99,2840
2025-11-05 15:16,TECL,141.8818,141.8818,141.86,141.86,5266
2025-11-05 15:17,TECL,141.84,141.84,141.731,141.731,300
2025-11-05 15:18,TECL,141.7,141.7,141.7,141.7,160
2025-11-05 15:20,TECL,141.69,141.73,141.69,141.73,1214
2025-11-05 15:21,TECL,141.74,141.74,141.74,141.74,100
2025-11-05 15:22,TECL,141.74,141.74,141.74,141.74,100
2025-11-05 15:23,TECL,141.6,141.6,141.4805,141.4805,3283
2025-11-05 15:24,TECL,141.445,141.46,141.3736,141.3736,1800
2025-11-05 15:25,TECL,141.5091,141.5091,141.44,141.46,2944
2025-11-05 15:26,TECL,141.495,141.5092,141.495,141.5092,296
2025-11-05 15:27,TECL,141.28,141.315,141.2,141.21,3325
2025-11-05 15:28,TECL,141.3601,141.385,141.33,141.385,2652
2025-11-05 15:29,TECL,141.4,141.4,141.4,141.4,100
2025-11-05 15:30,TECL,141.32,141.32,141.12,141.12,762
2025-11-05 15:31,TECL,141.27,141.27,140.99,140.99,5105
2025-11-05 15:32,TECL,141.045,141.14,141.0263,141.14,4407
2025-11-05 15:33,TECL,141.1128,141.1128,141.1128,141.1128,194
2025-11-05 15:34,TECL,140.95,140.98,140.95,140.98,640
2025-11-05 15:35,TECL,141.04,141.04,141.0,141.0,345
2025-11-05 15:36,TECL,140.965,141.0556,140.965,140.975,612
2025-11-05 15:37,TECL,140.81,140.8565,140.73,140.8565,1594
2025-11-05 15:38,TECL,140.89,140.95,140.89,140.95,1200
2025-11-05 15:39,TECL,140.94,140.94,140.94,140.94,100
2025-11-05 15:40,TECL,140.93,140.9453,140.92,140.9453,353
2025-11-05 15:41,TECL,141.11,141.1399,141.11,141.135,1800
2025-11-05 15:42,TECL,140.98,140.98,140.98,140.98,100
2025-11-05 15:43,TECL,140.97,140.97,140.73,140.75,582
2025-11-05 15:44,TECL,140.62,140.78,140.52,140.78,11128
2025-11-05 15:45,TECL,140.72,140.86,140.67,140.86,4938
2025-11-05 15:46,TECL,140.7718,140.7718,140.69,140.69,1200
2025-11-05 15:47,TECL,140.45,140.54,140.45,140.54,1121
2025-11-05 15:48,TECL,140.475,140.54,140.475,140.54,300
2025-11-05 15:49,TECL,140.4397,140.4397,140.33,140.355,1547
2025-11-05 15:50,TECL,140.32,140.32,139.955,140.1896,5379
2025-11-05 15:51,TECL,140.2203,140.3647,140.16,140.16,5989
2025-11-05 15:52,TECL,140.205,140.205,139.86,139.8613,20751
2025-11-05 15:53,TECL,139.8201,139.89,139.75,139.7527,8751
2025-11-05 15:54,TECL,139.9,139.94,139.59,139.8085,11854
2025-11-05 15:55,TECL,139.78,139.82,139.49,139.58,8690
2025-11-05 15:56,TECL,139.42,139.5691,139.35,139.5185,19634
2025-11-05 15:57,TECL,139.485,139.485,139.039,139.055,3802
2025-11-05 15:58,TECL,139.18,139.18,138.856,138.92,8086
2025-11-05 15:59,TECL,138.88,139.04,138.7509,138.94,5661
2025-11-05 16:00,TECL,139.01,139.01,138.05,138.05,7345
2025-11-05 16:01,TECL,139.01,139.01,139.01,139.01,255
2025-11-05 16:04,TECL,138.6,138.6,138.6,138.6,127
2025-11-05 16:05,TECL,139.07,139.07,139.07,139.07,100
2025-11-05 16:11,TECL,138.5,138.5,138.5,138.5,290
2025-11-05 16:14,TECL,138.04,138.04,138.01,138.01,523
2025-11-05 16:40,TECL,138.88,138.88,138.88,138.88,150
2025-11-05 16:44,TECL,139.0,139.0,139.0,139.0,186
2025-11-05 17:05,TECL,139.0,139.0,139.0,139.0,120
2025-11-05 17:25,TECL,138.7,138.7,138.7,138.7,133
2025-11-05 17:30,TECL,138.7457,138.7457,138.7457,138.7457,100
2025-11-05 17:42,TECL,139.01,139.01,138.8097,138.8097,2410
2025-11-05 17:47,TECL,139.28,139.28,139.28,139.28,500
2025-11-05 18:03,TECL,139.11,139.11,139.1,139.1,250
2025-11-05 18:04,TECL,139.07,139.07,139.07,139.07,200
2025-11-05 18:07,TECL,139.07,139.07,139.07,139.07,1420
2025-11-05 18:43,TECL,139.28,139.28,139.28,139.28,140
2025-11-05 18:44,TECL,139.5,139.5,139.5,139.5,750
2025-11-05 18:54,TECL,139.4,139.4,139.4,139.4,150
2025-11-05 19:08,TECL,139.19,139.19,139.19,139.19,100
2025-11-05 19:11,TECL,139.08,139.08,139.08,139.08,100
2025-11-05 19:16,TECL,139.08,139.08,139.08,139.08,150
2025-11-05 19:23,TECL,138.71,138.71,138.7,138.7,237
2025-11-05 19:24,TECL,138.7,138.7,138.5,138.5,650
2025-11-05 19:43,TECL,139.2534,139.2534,139.2534,139.2534,100
2025-11-05 19:57,TECL,138.09,138.09,138.09,138.09,350
2025-11-05 19:59,TECL,139.1219,139.1219,139.1219,139.1219,100
2025-11-06 07:06,TECL,139.79,139.79,139.79,139.79,300
2025-11-06 07:11,TECL,140.34,140.34,140.34,140.34,250
2025-11-06 08:00,TECL,139.39,140.5,139.01,139.01,1311
2025-11-06 08:01,TECL,140.5046,140.5046,140.5046,140.5046,143
2025-11-06 08:02,TECL,138.0,138.0,137.8,137.8,200
2025-11-06 08:30,TECL,140.6,140.6,140.6,140.6,400
2025-11-06 08:41,TECL,140.6116,140.6116,140.6116,140.6116,500
2025-11-06 09:00,TECL,140.1963,140.1963,140.1963,140.1963,650
2025-11-06 09:04,TECL,139.51,139.51,139.5,139.5,458
2025-11-06 09:07,TECL,139.26,139.26,138.95,138.95,1785
2025-11-06 09:08,TECL,138.7,138.7,138.7,138.7,100
2025-11-06 09:10,TECL,138.63,138.82,138.63,138.82,351
2025-11-06 09:12,TECL,138.43,138.43,138.43,138.43,383
2025-11-06 09:19,TECL,138.5,138.5,138.5,138.5,170
2025-11-06 09:24,TECL,138.55,138.55,138.43,138.43,686
2025-11-06 09:26,TECL,138.5,138.5,138.5,138.5,276
2025-11-06 09:30,TECL,138.44,138.44,137.5,137.632,14016
2025-11-06 09:31,TECL,137.24,137.8044,137.21,137.355,2829
2025-11-06 09:32,TECL,137.48,137.87,137.2863,137.87,2440
2025-11-06 09:33,TECL,138.11,138.11,137.415,137.585,6320
2025-11-06 09:34,TECL,137.58,138.05,137.53,137.64,2787
2025-11-06 09:35,TECL,137.5,137.54,137.09,137.09,4640
2025-11-06 09:36,TECL,137.24,137.8,137.22,137.32,4726
2025-11-06 09:37,TECL,137.325,137.56,137.17,137.17,1775
2025-11-06 09:38,TECL,137.615,138.065,137.615,138.06,6172
2025-11-06 09:39,TECL,138.07,138.18,137.5,137.5,4585
2025-11-06 09:40,TECL,137.29,137.6515,137.29,137.36,3637
2025-11-06 09:41,TECL,137.18,137.18,136.4949,136.64,6532
2025-11-06 09:42,TECL,136.56,136.8873,136.4265,136.46,2188
2025-11-06 09:43,TECL,136.445,136.5592,136.38,136.5,2940
2025-11-06 09:44,TECL,136.49,136.78,136.452,136.78,2984
2025-11-06 09:45,TECL,136.75,137.1,136.75,137.095,2209
2025-11-06 09:46,TECL,137.151,137.2361,137.151,137.2361,1464
2025-11-06 09:47,TECL,137.3175,137.68,137.3175,137.64,1750
2025-11-06 09:48,TECL,137.6547,137.92,137.525,137.92,4750
2025-11-06 09:49,TECL,137.89,137.92,137.06,137.06,6893
2025-11-06 09:50,TECL,137.2,137.2,136.36,136.4,6888
2025-11-06 09:51,TECL,136.5285,136.5285,135.68,135.68,4989
2025-11-06 09:52,TECL,135.765,135.825,135.25,135.565,5891
2025-11-06 09:53,TECL,135.72,136.04,135.72,135.88,2673
2025-11-06 09:54,TECL,135.7395,135.7395,135.7395,135.7395,100
2025-11-06 09:55,TECL,135.33,135.44,135.1401,135.3,5978
2025-11-06 09:56,TECL,135.11,135.1744,134.8001,135.1744,7399
2025-11-06 09:57,TECL,134.85,134.86,134.5,134.5768,12700
2025-11-06 09:58,TECL,134.58,134.98,134.45,134.6679,2356
2025-11-06 09:59,TECL,134.66,134.705,134.46,134.6,1817
2025-11-06 10:00,TECL,134.3,134.3762,133.75,134.01,29146
2025-11-06 10:01,TECL,133.87,133.87,133.55,133.55,3685
2025-11-06 10:02,TECL,133.5,133.6668,133.0,133.02,10628
2025-11-06 10:03,TECL,133.025,133.56,132.95,133.55,7118
2025-11-06 10:04,TECL,133.485,133.485,132.84,132.915,2740
2025-11-06 10:05,TECL,133.03,134.01,133.03,133.9455,8155
2025-11-06 10:06,TECL,133.665,134.204,133.665,134.19,4069
2025-11-06 10:07,TECL,134.2447,134.2799,133.655,133.68,4420
2025-11-06 10:08,TECL,133.7815,133.7815,133.14,133.2312,5993
2025-11-06 10:09,TECL,133.2933,133.76,133.2933,133.76,6101
2025-11-06 10:10,TECL,133.6068,134.39,133.6068,134.2601,3333
2025-11-06 10:11,TECL,134.3,134.4999,134.2101,134.337,6618
2025-11-06 10:12,TECL,134.161,134.161,133.4,133.42,2260
2025-11-06 10:13,TECL,133.5,133.67,133.5,133.5,2643
2025-11-06 10:14,TECL,133.44,133.5302,133.1,133.135,2300
2025-11-06 10:15,TECL,133.19,133.35,132.83,133.1742,22351
2025-11-06 10:16,TECL,133.49,134.1399,133.48,134.1399,4427
2025-11-06 10:17,TECL,134.1125,134.56,134.1125,134.28,8184
2025-11-06 10:18,TECL,134.37,134.82,134.31,134.81,7168
2025-11-06 10:19,TECL,134.7288,134.7288,134.26,134.27,7636
2025-11-06 10:20,TECL,134.5,135.08,134.485,134.94,4220
2025-11-06 10:21,TECL,135.0748,135.075,134.95,134.95,1603
2025-11-06 10:22,TECL,134.86,135.37,134.86,135.33,2250
2025-11-06 10:23,TECL,135.32,135.42,135.17,135.39,5738
2025-11-06 10:24,TECL,135.6,135.7,135.45,135.45,3912
2025-11-06 10:25,TECL,135.4,135.59,135.37,135.59,4650
2025-11-06 10:26,TECL,135.57,135.57,135.0801,135.13,4700
2025-11-06 10:27,TECL,135.195,135.21,135.03,135.12,1825
2025-11-06 10:28,TECL,135.06,135.425,135.0,135.425,3800
2025-11-06 10:29,TECL,135.321,135.321,134.878,134.8814,1217
2025-11-06 10:31,TECL,134.76,134.88,134.76,134.7622,4187
2025-11-06 10:32,TECL,134.79,134.79,134.1,134.1,634
2025-11-06 10:33,TECL,134.0455,134.14,133.6,133.65,3120
2025-11-06 10:34,TECL,133.5135,133.68,133.5,133.68,657
2025-11-06 10:35,TECL,133.56,133.57,133.2688,133.2688,2591
2025-11-06 10:36,TECL,133.26,133.26,132.4,132.4,6715
2025-11-06 10:37,TECL,132.3301,132.3301,131.36,131.36,22435
2025-11-06 10:38,TECL,131.5042,132.09,131.42,131.9099,6710
2025-11-06 10:39,TECL,131.76,131.9355,131.68,131.7799,13882
2025-11-06 10:40,TECL,131.77,131.77,131.4201,131.74,3478
2025-11-06 10:41,TECL,131.56,131.72,131.5,131.565,715
2025-11-06 10:42,TECL,131.499,131.81,131.45,131.566,3418
2025-11-06 10:43,TECL,131.78,132.1,131.7485,131.7485,5567
2025-11-06 10:44,TECL,131.7975,131.83,131.06,131.06,23526
2025-11-06 10:45,TECL,131.21,131.63,131.21,131.63,4090
2025-11-06 10:46,TECL,131.94,131.94,131.43,131.43,740
2025-11-06 10:47,TECL,131.4436,131.64,131.35,131.54,1375
2025-11-06 10:48,TECL,131.232,131.27,130.75,131.22,8509
2025-11-06 10:49,TECL,131.12,131.2542,131.03,131.2542,12337
2025-11-06 10:50,TECL,131.77,132.06,131.53,131.53,5153
2025-11-06 10:51,TECL,131.59,132.14,131.59,131.9599,5427
2025-11-06 10:52,TECL,131.885,131.885,131.42,131.4718,1575
2025-11-06 10:53,TECL,131.4601,131.555,131.0,131.01,2905
2025-11-06 10:54,TECL,131.13,131.7532,131.12,131.7532,2754
2025-11-06 10:55,TECL,131.77,132.25,131.77,132.25,3750
2025-11-06 10:56,TECL,131.8945,131.8945,130.97,131.065,1500
2025-11-06 10:57,TECL,131.06,131.06,130.86,130.86,2801
2025-11-06 10:58,TECL,130.8,130.81,130.62,130.65,3464
2025-11-06 10:59,TECL,130.71,130.845,130.54,130.77,3926
2025-11-06 11:00,TECL,130.83,131.1722,130.83,131.1722,1716
2025-11-06 11:01,TECL,131.4,131.5736,131.3087,131.3087,4437
2025-11-06 11:02,TECL,131.38,131.53,131.295,131.3991,1399
2025-11-06 11:03,TECL,131.475,131.52,131.32,131.416,557
2025-11-06 11:04,TECL,131.39,131.8,131.39,131.77,1200
2025-11-06 11:05,TECL,131.83,132.12,131.83,132.025,2710
2025-11-06 11:06,TECL,132.11,132.3355,131.8001,131.8001,4089
2025-11-06 11:07,TECL,132.03,132.04,131.27,131.3,5769
2025-11-06 11:08,TECL,131.39,131.54,131.3502,131.52,2489
2025-11-06 11:09,TECL,131.679,131.679,131.35,131.35,300
2025-11-06 11:10,TECL,131.3,131.335,131.0,131.01,2477
2025-11-06 11:11,TECL,131.2209,131.4,131.2209,131.375,859
2025-11-06 11:12,TECL,131.312,131.3863,131.17,131.17,850
2025-11-06 11:13,TECL,131.29,131.4673,131.29,131.4673,1387
2025-11-06 11:14,TECL,131.48,131.81,131.48,131.64,16051
2025-11-06 11:15,TECL,131.72,131.89,131.62,131.754,5056
2025-11-06 11:16,TECL,131.72,132.07,131.45,131.45,10545
2025-11-06 11:17,TECL,131.5,131.61,131.38,131.56,3582
2025-11-06 11:18,TECL,131.4745,131.48,130.98,131.01,1902
2025-11-06 11:19,TECL,130.99,131.14,130.92,131.081,1894
2025-11-06 11:20,TECL,131.16,131.55,131.148,131.55,400
2025-11-06 11:21,TECL,131.65,131.65,131.3498,131.62,4546
2025-11-06 11:22,TECL,131.38,131.38,130.8518,130.8518,700
2025-11-06 11:23,TECL,130.8595,130.99,130.754,130.754,3192
2025-11-06 11:24,TECL,130.8,130.8,130.72,130.76,980
2025-11-06 11:25,TECL,130.67,130.72,130.5,130.72,12419
2025-11-06 11:26,TECL,130.635,131.08,130.56,131.08,1200
2025-11-06 11:27,TECL,130.87,130.9493,130.75,130.8386,5694
2025-11-06 11:28,TECL,130.965,131.17,130.965,131.17,600
2025-11-06 11:29,TECL,131.22,131.54,131.195,131.54,2400
2025-11-06 11:30,TECL,131.511,131.5801,131.23,131.37,5242
2025-11-06 11:31,TECL,131.552,131.552,131.36,131.36,4329
2025-11-06 11:32,TECL,131.38,131.38,131.38,131.38,1000
2025-11-06 11:33,TECL,131.34,131.58,131.25,131.4,1540
2025-11-06 11:34,TECL,131.2816,131.2816,131.0,131.01,2490
2025-11-06 11:35,TECL,131.0,131.0,129.95,130.15,23364
2025-11-06 11:36,TECL,130.24,130.62,130.23,130.62,2700
2025-11-06 11:37,TECL,130.61,130.74,130.21,130.2601,3301
2025-11-06 11:38,TECL,130.4,130.67,130.3701,130.4914,26312
2025-11-06 11:39,TECL,130.55,130.55,130.12,130.25,16703
2025-11-06 11:40,TECL,130.188,130.36,130.0,130.36,2895
2025-11-06 11:41,TECL,130.46,130.46,130.0,130.04,3532
2025-11-06 11:42,TECL,130.11,130.186,130.1001,130.1001,2737
2025-11-06 11:43,TECL,130.09,130.1401,129.5957,129.93,10269
2025-11-06 11:44,TECL,129.92,130.14,129.8456,130.08,20782
2025-11-06 11:45,TECL,130.0,130.0,129.684,129.75,2319
2025-11-06 11:46,TECL,129.7399,129.956,129.7399,129.93,1821
2025-11-06 11:47,TECL,129.75,129.795,129.7,129.7785,5573
2025-11-06 11:48,TECL,129.85,129.88,129.6955,129.6955,700
2025-11-06 11:49,TECL,129.64,129.64,129.4,129.5301,6881
2025-11-06 11:50,TECL,129.64,129.87,129.53,129.71,1876
2025-11-06 11:51,TECL,130.0,130.19,130.0,130.01,1800
2025-11-06 11:52,TECL,130.291,130.47,130.291,130.39,3148
2025-11-06 11:53,TECL,130.49,130.61,130.02,130.02,1587
2025-11-06 11:54,TECL,130.04,130.518,130.04,130.49,7749
2025-11-06 11:55,TECL,130.16,130.16,129.68,129.765,4012
2025-11-06 11:56,TECL,129.777,129.92,129.17,129.18,1650
2025-11-06 11:57,TECL,129.226,129.7,129.226,129.7,2896
2025-11-06 11:58,TECL,129.83,129.83,129.71,129.72,1030
2025-11-06 11:59,TECL,129.68,129.79,129.48,129.6499,12980
2025-11-06 12:00,TECL,129.63,130.315,129.63,130.29,3800
2025-11-06 12:01,TECL,130.35,130.5,130.245,130.26,3755
2025-11-06 12:02,TECL,130.23,130.3431,130.23,130.33,2700
2025-11-06 12:03,TECL,130.25,130.36,129.92,129.92,4255
2025-11-06 12:04,TECL,130.2668,130.2668,130.2668,130.2668,400
2025-11-06 12:05,TECL,130.245,130.3471,130.245,130.3471,1300
2025-11-06 12:06,TECL,130.25,130.25,130.25,130.25,100
2025-11-06 12:07,TECL,130.4066,130.4066,129.78,129.78,2233
2025-11-06 12:08,TECL,129.74,129.74,129.4806,129.4806,1144
2025-11-06 12:09,TECL,130.0257,130.2163,130.0257,130.2163,220
2025-11-06 12:10,TECL,130.5,130.5914,130.3236,130.55,8752
2025-11-06 12:11,TECL,130.5,130.5645,130.3913,130.5645,2480
2025-11-06 12:12,TECL,130.5,130.53,130.25,130.25,2917
2025-11-06 12:13,TECL,130.25,130.25,130.25,130.25,913
2025-11-06 12:14,TECL,130.0,130.1,129.72,129.72,881
2025-11-06 12:15,TECL,129.55,129.55,129.5,129.5,400
2025-11-06 12:16,TECL,129.6,129.625,129.535,129.535,640
2025-11-06 12:17,TECL,129.58,129.625,129.58,129.625,1980
2025-11-06 12:18,TECL,129.66,129.8365,129.66,129.8365,5930
2025-11-06 12:19,TECL,129.8433,129.89,129.712,129.88,700
2025-11-06 12:20,TECL,129.595,129.6593,129.5,129.5,2148
2025-11-06 12:21,TECL,129.25,129.25,128.95,129.0745,3419
2025-11-06 12:22,TECL,129.01,129.01,129.0,129.0,340
2025-11-06 12:23,TECL,129.275,129.275,128.7,128.7,3785
2025-11-06 12:24,TECL,128.92,129.1,128.77,128.77,620
2025-11-06 12:25,TECL,128.73,128.8035,128.58,128.72,6805
2025-11-06 12:26,TECL,128.79,128.92,128.38,128.435,810
2025-11-06 12:28,TECL,129.08,129.2199,129.08,129.2199,1190
2025-11-06 12:29,TECL,129.085,129.25,129.085,129.25,250
2025-11-06 12:30,TECL,129.14,129.1919,129.11,129.19,1612
2025-11-06 12:31,TECL,129.24,129.375,129.24,129.2998,1000
2025-11-06 12:32,TECL,129.3433,129.8103,129.3433,129.78,600
2025-11-06 12:33,TECL,129.9,130.0347,129.9,130.0347,1388
2025-11-06 12:35,TECL,129.55,130.013,129.55,130.01,2230
2025-11-06 12:36,TECL,129.99,129.99,129.99,129.99,100
2025-11-06 12:38,TECL,129.9299,129.9299,129.9299,129.9299,121
2025-11-06 12:39,TECL,130.06,130.06,129.45,129.4645,1385
2025-11-06 12:40,TECL,129.42,129.71,129.42,129.652,1084
2025-11-06 12:41,TECL,130.0,130.0,129.95,129.964,539
2025-11-06 12:42,TECL,130.0,130.258,130.0,130.1732,4031
2025-11-06 12:43,TECL,130.28,130.52,130.28,130.52,1365
2025-11-06 12:44,TECL,130.3672,130.37,130.3179,130.37,800
2025-11-06 12:45,TECL,130.465,130.77,130.465,130.77,13750
2025-11-06 12:46,TECL,130.77,131.0,130.76,130.915,4611
2025-11-06 12:47,TECL,130.83,131.045,130.73,131.045,1794
2025-11-06 12:48,TECL,131.05,131.19,131.04,131.19,3100
2025-11-06 12:49,TECL,131.23,131.23,131.1399,131.1399,452
2025-11-06 12:50,TECL,131.145,131.54,131.145,131.54,1830
2025-11-06 12:51,TECL,131.6334,131.6334,131.55,131.55,400
2025-11-06 12:52,TECL,131.37,131.4101,131.27,131.4101,1821
2025-11-06 12:53,TECL,131.45,131.55,131.33,131.4078,800
2025-11-06 12:54,TECL,131.6185,131.75,131.6185,131.75,1055
2025-11-06 12:55,TECL,131.5745,131.65,131.5745,131.65,200
2025-11-06 12:56,TECL,131.86,131.86,131.68,131.78,1333
2025-11-06 12:57,TECL,131.7293,131.7293,131.6496,131.6496,400
2025-11-06 12:58,TECL,131.57,131.67,131.57,131.67,400
2025-11-06 12:59,TECL,131.28,131.335,131.22,131.335,3640
2025-11-06 13:00,TECL,131.37,131.515,131.34,131.43,3229
2025-11-06 13:01,TECL,131.5,131.68,131.5,131.68,2809
2025-11-06 13:04,TECL,130.83,130.83,130.6,130.61,1679
2025-11-06 13:05,TECL,130.48,130.48,130.26,130.26,2035
2025-11-06 13:06,TECL,130.14,130.14,129.5,129.6248,4228
2025-11-06 13:07,TECL,129.7,129.97,129.7,129.81,4499
2025-11-06 13:08,TECL,129.83,130.0,129.83,130.0,400
2025-11-06 13:09,TECL,129.5,129.5,129.5,129.5,100
2025-11-06 13:10,TECL,129.5,129.54,129.42,129.42,900
2025-11-06 13:12,TECL,129.575,129.575,129.46,129.46,857
2025-11-06 13:13,TECL,129.57,129.97,129.57,129.97,1600
2025-11-06 13:14,TECL,129.8087,129.92,129.71,129.92,16003
2025-11-06 13:15,TECL,130.0919,130.0919,129.95,130.05,1917
2025-11-06 13:16,TECL,130.125,130.1299,130.01,130.01,37445
2025-11-06 13:17,TECL,129.75,129.95,129.75,129.95,1420
2025-11-06 13:18,TECL,130.11,130.11,129.96,129.96,215
2025-11-06 13:19,TECL,129.93,130.01,129.93,130.01,2371
2025-11-06 13:20,TECL,129.99,130.24,129.99,130.24,213
2025-11-06 13:21,TECL,130.34,130.34,130.29,130.29,300
2025-11-06 13:22,TECL,130.265,130.265,130.21,130.25,500
2025-11-06 13:23,TECL,130.5,130.61,130.4981,130.61,500
2025-11-06 13:24,TECL,130.7907,131.0,130.7907,131.0,930
2025-11-06 13:25,TECL,131.11,131.18,131.1098,131.18,920
2025-11-06 13:26,TECL,131.34,131.63,131.305,131.6279,4459
2025-11-06 13:27,TECL,131.5685,131.5685,131.2819,131.3101,1873
2025-11-06 13:28,TECL,131.28,131.575,131.28,131.575,983
2025-11-06 13:29,TECL,131.67,131.79,131.67,131.79,897
2025-11-06 13:30,TECL,131.66,131.78,131.66,131.78,528
2025-11-06 13:31,TECL,132.04,132.12,132.0245,132.0245,2312
2025-11-06 13:32,TECL,131.97,132.03,131.97,132.02,700
2025-11-06 13:33,TECL,132.07,132.07,131.96,131.96,400
2025-11-06 13:34,TECL,131.85,131.9515,131.83,131.9515,935
2025-11-06 13:35,TECL,132.0,132.255,131.986,132.255,1152
2025-11-06 13:36,TECL,132.49,132.49,132.49,132.49,200
2025-11-06 13:37,TECL,132.52,132.545,132.48,132.545,970
2025-11-06 13:38,TECL,132.429,132.429,132.315,132.335,600
2025-11-06 13:39,TECL,132.28,132.55,132.27,132.55,1250
2025-11-06 13:40,TECL,132.51,132.51,132.36,132.36,600
2025-11-06 13:41,TECL,132.3038,132.3038,132.3038,132.3038,1000
2025-11-06 13:42,TECL,132.39,132.58,132.39,132.58,700
2025-11-06 13:43,TECL,132.525,132.525,132.525,132.525,100
2025-11-06 13:44,TECL,132.5707,132.6,132.5707,132.6,211
2025-11-06 13:46,TECL,132.4818,132.4818,131.82,131.85,9128
2025-11-06 13:47,TECL,131.95,132.18,131.89,132.18,2300
2025-11-06 13:48,TECL,132.26,132.36,132.26,132.313,4400
2025-11-06 13:49,TECL,132.2467,132.2467,132.2467,132.2467,1000
2025-11-06 13:50,TECL,132.325,132.36,132.21,132.36,3472
2025-11-06 13:51,TECL,132.36,132.37,132.27,132.27,400
2025-11-06 13:52,TECL,132.3598,132.36,132.3,132.3,7848
2025-11-06 13:53,TECL,132.0,132.02,131.99,132.02,1750
2025-11-06 13:54,TECL,132.09,132.3,132.09,132.3,600
2025-11-06 13:55,TECL,131.8805,131.885,131.65,131.65,1500
2025-11-06 13:56,TECL,131.65,131.74,131.4682,131.48,6193
2025-11-06 13:57,TECL,131.36,131.55,131.36,131.55,1400
2025-11-06 13:58,TECL,131.4975,131.65,131.4975,131.54,600
2025-11-06 13:59,TECL,131.5301,131.67,131.5301,131.67,3969
2025-11-06 14:00,TECL,131.71,131.8494,131.67,131.8494,3157
2025-11-06 14:01,TECL,131.81,131.95,131.81,131.9,900
2025-11-06 14:02,TECL,131.7,131.71,131.695,131.695,400
2025-11-06 14:03,TECL,131.77,131.9,131.77,131.855,1900
2025-11-06 14:04,TECL,132.04,132.38,131.99,132.31,4300
2025-11-06 14:05,TECL,132.44,132.8099,132.44,132.76,2850
2025-11-06 14:06,TECL,132.787,133.16,132.787,133.02,5441
2025-11-06 14:07,TECL,132.99,133.0345,132.8153,132.8153,919
2025-11-06 14:08,TECL,132.72,132.87,132.72,132.85,600
2025-11-06 14:09,TECL,132.55,132.67,132.5234,132.61,900
2025-11-06 14:10,TECL,132.64,132.93,132.64,132.93,3856
2025-11-06 14:11,TECL,132.96,132.96,132.86,132.9,1500
2025-11-06 14:12,TECL,132.97,133.01,132.95,133.01,810
2025-11-06 14:13,TECL,133.03,133.13,132.99,132.99,3900
2025-11-06 14:14,TECL,133.09,133.1804,133.09,133.1804,2568
2025-11-06 14:15,TECL,133.1353,133.1353,132.9367,132.9782,2573
2025-11-06 14:16,TECL,132.95,132.95,132.6517,132.7,1365
2025-11-06 14:17,TECL,132.77,132.81,132.53,132.54,1000
2025-11-06 14:18,TECL,132.58,132.655,132.42,132.55,4326
2025-11-06 14:19,TECL,132.59,132.845,132.59,132.845,1305
2025-11-06 14:20,TECL,132.76,132.817,132.76,132.817,782
2025-11-06 14:21,TECL,132.72,132.74,132.72,132.74,600
2025-11-06 14:22,TECL,132.88,132.88,132.58,132.6299,388
2025-11-06 14:23,TECL,132.77,132.77,132.76,132.76,400
2025-11-06 14:24,TECL,132.9,133.05,132.9,133.05,200
2025-11-06 14:25,TECL,133.03,133.31,133.03,133.31,2249
2025-11-06 14:26,TECL,133.2975,133.615,133.27,133.615,4564
2025-11-06 14:27,TECL,133.62,133.87,133.48,133.48,3868
2025-11-06 14:28,TECL,133.55,133.8598,133.55,133.8598,1000
2025-11-06 14:29,TECL,133.9349,134.02,133.9,133.9,3714
2025-11-06 14:30,TECL,133.87,133.95,133.82,133.82,2017
2025-11-06 14:31,TECL,133.63,133.72,133.63,133.63,800
2025-11-06 14:32,TECL,133.7039,133.9085,133.7039,133.9085,850
2025-11-06 14:33,TECL,133.8182,133.8182,133.79,133.79,837
2025-11-06 14:34,TECL,133.79,133.79,133.63,133.72,900
2025-11-06 14:35,TECL,133.84,133.87,133.84,133.87,400
2025-11-06 14:36,TECL,133.9,133.9753,133.9,133.9753,8472
2025-11-06 14:37,TECL,133.92,133.92,133.7,133.7,310
2025-11-06 14:38,TECL,133.815,133.92,133.815,133.92,5500
2025-11-06 14:39,TECL,133.9639,134.01,133.8,133.8,1284
2025-11-06 14:40,TECL,133.6,133.66,133.4907,133.583,5546
2025-11-06 14:41,TECL,133.22,133.2715,133.22,133.2715,300
2025-11-06 14:42,TECL,133.24,133.24,133.06,133.06,3318
2025-11-06 14:43,TECL,133.03,133.0523,132.925,133.04,1285
2025-11-06 14:44,TECL,133.27,133.41,133.2,133.41,730
2025-11-06 14:45,TECL,133.5259,133.5259,133.35,133.4917,5209
2025-11-06 14:46,TECL,133.416,133.44,133.26,133.26,3343
2025-11-06 14:47,TECL,133.32,133.32,133.3036,133.3036,518
2025-11-06 14:48,TECL,133.3,133.32,133.03,133.03,927
2025-11-06 14:49,TECL,132.98,133.0963,132.9628,133.0963,1577
2025-11-06 14:50,TECL,133.03,133.34,133.03,133.34,1060
2025-11-06 14:51,TECL,133.24,133.24,133.16,133.16,300
2025-11-06 14:52,TECL,133.0,133.03,132.83,132.83,1200
2025-11-06 14:53,TECL,132.66,133.0,132.56,133.0,15192
2025-11-06 14:54,TECL,133.0,133.04,132.9,133.04,1800
2025-11-06 14:55,TECL,133.0,133.25,132.96,133.25,984
2025-11-06 14:56,TECL,133.34,133.48,133.34,133.415,911
2025-11-06 14:57,TECL,133.52,133.71,133.5142,133.71,2345
2025-11-06 14:58,TECL,133.82,133.97,133.82,133.91,945
2025-11-06 14:59,TECL,133.845,133.845,133.59,133.63,1502
2025-11-06 15:00,TECL,133.63,133.73,133.6,133.73,825
2025-11-06 15:01,TECL,133.65,133.65,133.35,133.43,11723
2025-11-06 15:02,TECL,133.44,133.52,133.18,133.275,12062
2025-11-06 15:03,TECL,133.38,133.51,133.38,133.51,1600
2025-11-06 15:04,TECL,133.52,133.54,133.52,133.54,500
2025-11-06 15:05,TECL,133.52,133.69,133.52,133.61,2940
2025-11-06 15:06,TECL,133.39,133.4,133.39,133.4,1040
2025-11-06 15:07,TECL,133.51,133.53,133.46,133.52,1158
2025-11-06 15:08,TECL,133.5656,133.6502,133.25,133.25,1450
2025-11-06 15:09,TECL,133.25,133.44,133.19,133.4374,1254
2025-11-06 15:10,TECL,133.6,133.6,133.5695,133.5695,200
2025-11-06 15:11,TECL,133.63,133.63,133.63,133.63,1100
2025-11-06 15:12,TECL,133.657,133.657,133.02,133.02,658
2025-11-06 15:13,TECL,133.055,133.31,133.055,133.31,2602
2025-11-06 15:14,TECL,133.3379,133.3379,133.3379,133.3379,100
2025-11-06 15:15,TECL,133.18,133.19,132.8939,132.8939,2226
2025-11-06 15:16,TECL,132.6,132.99,132.6,132.99,1500
2025-11-06 15:17,TECL,132.95,133.03,132.95,133.03,750
2025-11-06 15:18,TECL,133.0145,133.29,133.0145,133.26,820
2025-11-06 15:19,TECL,133.37,133.43,133.32,133.32,720
2025-11-06 15:20,TECL,133.27,133.27,133.14,133.15,1004
2025-11-06 15:21,TECL,133.07,133.2,133.01,133.2,10188
2025-11-06 15:22,TECL,133.21,133.31,133.17,133.23,3025
2025-11-06 15:23,TECL,133.16,133.2793,133.155,133.2793,5296
2025-11-06 15:24,TECL,133.23,133.275,133.23,133.275,610
2025-11-06 15:25,TECL,133.3,133.33,133.18,133.3068,801
2025-11-06 15:26,TECL,133.39,133.41,133.14,133.14,2048
2025-11-06 15:27,TECL,133.11,133.11,132.9,133.0,1300
2025-11-06 15:28,TECL,132.88,132.9,132.74,132.8,2555
2025-11-06 15:29,TECL,132.69,132.72,132.32,132.345,2896
2025-11-06 15:30,TECL,132.46,132.7,132.42,132.64,5486
2025-11-06 15:31,TECL,132.38,132.41,132.12,132.12,1180
2025-11-06 15:32,TECL,132.0,132.19,131.79,132.19,2995
2025-11-06 15:33,TECL,132.3,132.4,132.22,132.26,1535
2025-11-06 15:34,TECL,132.51,132.7,132.51,132.7,500
2025-11-06 15:35,TECL,132.75,132.85,132.75,132.85,1900
2025-11-06 15:36,TECL,132.9,132.91,132.6,132.61,1503
2025-11-06 15:37,TECL,132.65,132.73,132.65,132.7025,500
2025-11-06 15:38,TECL,132.44,132.44,132.32,132.32,300
2025-11-06 15:39,TECL,132.34,132.34,132.0,132.0,6207
2025-11-06 15:40,TECL,132.0,132.1601,131.925,131.925,2759
2025-11-06 15:41,TECL,131.93,131.93,131.9101,131.912,3625
2025-11-06 15:42,TECL,131.83,131.8807,131.711,131.7999,2078
2025-11-06 15:43,TECL,131.4588,131.63,131.4588,131.62,1680
2025-11-06 15:44,TECL,131.655,131.68,131.4807,131.52,4696
2025-11-06 15:45,TECL,131.3,131.625,131.23,131.28,2850
2025-11-06 15:46,TECL,131.35,131.36,130.78,130.82,2067
2025-11-06 15:47,TECL,130.87,131.0,130.83,130.9899,3169
2025-11-06 15:48,TECL,130.845,131.01,130.83,130.97,4029
2025-11-06 15:49,TECL,130.8,130.84,130.6,130.635,1904
2025-11-06 15:50,TECL,130.68,130.94,130.6054,130.79,5139
2025-11-06 15:51,TECL,130.809,131.02,130.7,130.86,8471
2025-11-06 15:52,TECL,130.82,131.1679,130.82,131.0757,29423
2025-11-06 15:53,TECL,130.96,131.1,130.87,130.905,21846
2025-11-06 15:54,TECL,130.93,130.98,130.3101,130.435,12614
2025-11-06 15:55,TECL,130.31,130.5,130.11,130.423,14227
2025-11-05 13:16,TNA,45.955,46.01,45.955,45.99,60403
2025-11-05 13:17,TNA,45.995,46.0199,45.98,45.98,8630
2025-11-05 13:18,TNA,45.97,45.98,45.955,45.9563,9985
2025-11-05 13:19,TNA,45.955,45.96,45.9,45.91,88499
2025-11-05 13:20,TNA,45.89,45.89,45.83,45.8355,32595
2025-11-05 13:21,TNA,45.83,45.87,45.82,45.83,20428
2025-11-05 13:22,TNA,45.8301,45.85,45.8156,45.85,4720
2025-11-05 13:23,TNA,45.86,45.895,45.86,45.87,3438
2025-11-05 13:24,TNA,45.855,45.8602,45.83,45.8602,2782
2025-11-05 13:25,TNA,45.88,45.89,45.86,45.8764,7948
2025-11-05 13:26,TNA,45.87,45.87,45.83,45.83,4023
2025-11-05 13:27,TNA,45.84,45.84,45.805,45.83,16777
2025-11-05 13:28,TNA,45.84,45.87,45.8397,45.87,4751
2025-11-05 13:29,TNA,45.86,45.88,45.85,45.87,5352
2025-11-05 13:30,TNA,45.87,45.89,45.85,45.8899,7627
2025-11-05 13:31,TNA,45.87,45.92,45.87,45.92,5211
2025-11-05 13:32,TNA,45.91,45.9113,45.855,45.855,28790
2025-11-05 13:33,TNA,45.87,45.8733,45.85,45.855,5503
2025-11-05 13:34,TNA,45.85,45.85,45.82,45.82,2952
2025-11-05 13:35,TNA,45.825,45.88,45.825,45.88,4104
2025-11-05 13:36,TNA,45.895,45.96,45.8837,45.96,19646
2025-11-05 13:37,TNA,45.95,45.95,45.9,45.91,2469
2025-11-05 13:38,TNA,45.9177,45.9299,45.91,45.9299,5463
2025-11-05 13:39,TNA,45.935,45.96,45.92,45.96,25442
2025-11-05 13:40,TNA,45.97,45.97,45.92,45.92,13264
2025-11-05 13:41,TNA,45.9199,45.93,45.9,45.93,3173
2025-11-05 13:42,TNA,45.93,45.94,45.88,45.88,6840
2025-11-05 13:43,TNA,45.88,45.8959,45.86,45.88,2537
2025-11-05 13:44,TNA,45.86,45.86,45.8,45.81,14098
2025-11-05 13:45,TNA,45.8,45.82,45.79,45.8,3890
2025-11-05 13:46,TNA,45.815,45.83,45.79,45.79,3787
2025-11-05 13:47,TNA,45.78,45.7801,45.77,45.775,3776
2025-11-05 13:48,TNA,45.78,45.78,45.765,45.7799,10590
2025-11-05 13:49,TNA,45.765,45.7768,45.71,45.72,9365
2025-11-05 13:50,TNA,45.7129,45.735,45.68,45.6956,14885
2025-11-05 13:51,TNA,45.69,45.77,45.69,45.7615,11696
2025-11-05 13:52,TNA,45.7699,45.7898,45.7555,45.78,18411
2025-11-05 13:53,TNA,45.7924,45.7955,45.75,45.76,6656
2025-11-05 13:54,TNA,45.75,45.76,45.7456,45.75,2256
2025-11-05 13:55,TNA,45.7635,45.7635,45.73,45.73,5522
2025-11-05 13:56,TNA,45.75,45.76,45.725,45.74,3454
2025-11-05 13:57,TNA,45.78,45.7863,45.76,45.78,3050
2025-11-05 13:58,TNA,45.7855,45.7955,45.77,45.77,3580
2025-11-05 13:59,TNA,45.8,45.8044,45.78,45.78,4221
2025-11-05 14:00,TNA,45.78,45.78,45.73,45.73,9991
2025-11-05 14:01,TNA,45.7343,45.7536,45.68,45.68,10189
2025-11-05 14:02,TNA,45.68,45.685,45.66,45.675,18825
2025-11-05 14:03,TNA,45.68,45.72,45.645,45.695,21117
2025-11-05 14:04,TNA,45.7,45.71,45.685,45.71,4100
2025-11-05 14:05,TNA,45.72,45.79,45.72,45.75,8899
2025-11-05 14:06,TNA,45.74,45.76,45.72,45.73,4104
2025-11-05 14:07,TNA,45.73,45.73,45.6735,45.68,4820
2025-11-05 14:08,TNA,45.69,45.7,45.6547,45.66,5384
2025-11-05 14:09,TNA,45.67,45.69,45.6535,45.6535,10120
2025-11-05 14:10,TNA,45.66,45.71,45.64,45.64,16072
2025-11-05 14:11,TNA,45.65,45.71,45.6301,45.71,8302
2025-11-05 14:12,TNA,45.73,45.75,45.715,45.745,12742
2025-11-05 14:13,TNA,45.75,45.79,45.74,45.755,7291
2025-11-05 14:14,TNA,45.7544,45.8103,45.75,45.81,7268
2025-11-05 14:15,TNA,45.805,45.86,45.8,45.86,14406
2025-11-05 14:16,TNA,45.84,45.925,45.84,45.925,10206
2025-11-05 14:17,TNA,45.91,45.92,45.8856,45.91,10862
2025-11-05 14:18,TNA,45.91,45.93,45.88,45.9,9928
2025-11-05 14:19,TNA,45.89,45.95,45.89,45.95,6187
2025-11-05 14:20,TNA,45.94,45.95,45.92,45.93,5153
2025-11-05 14:21,TNA,45.93,45.95,45.895,45.9,2495
2025-11-05 14:22,TNA,45.91,45.9399,45.91,45.9233,2780
2025-11-05 14:23,TNA,45.92,45.94,45.9,45.925,12618
2025-11-05 14:24,TNA,45.92,45.92,45.9,45.91,2737
2025-11-05 14:25,TNA,45.92,45.925,45.9,45.925,10677
2025-11-05 14:26,TNA,45.9184,45.9184,45.89,45.89,3988
2025-11-05 14:27,TNA,45.89,45.8903,45.86,45.88,3320
2025-11-05 14:28,TNA,45.855,45.955,45.855,45.955,7466
2025-11-05 14:29,TNA,45.95,45.95,45.945,45.95,1480
2025-11-05 14:30,TNA,45.95,45.9601,45.95,45.95,13020
2025-11-05 14:31,TNA,45.96,46.0065,45.96,46.0,15689
2025-11-05 14:32,TNA,46.01,46.0299,46.005,46.01,10049
2025-11-05 14:33,TNA,45.98,45.98,45.94,45.9601,3835
2025-11-05 14:34,TNA,45.97,45.99,45.97,45.97,2575
2025-11-05 14:35,TNA,45.9599,45.97,45.9599,45.96,26376
2025-11-05 14:36,TNA,45.92,45.945,45.9055,45.9055,10374
2025-11-05 14:37,TNA,45.91,45.92,45.91,45.92,1800
2025-11-05 14:38,TNA,45.9288,45.94,45.92,45.925,3130
2025-11-05 14:39,TNA,45.925,45.9455,45.92,45.93,14881
2025-11-05 14:40,TNA,45.9434,45.96,45.93,45.95,5800
2025-11-05 14:41,TNA,45.975,46.01,45.975,46.01,3259
2025-11-05 14:42,TNA,46.01,46.04,45.99,45.9955,22090
2025-11-05 14:43,TNA,45.99,45.99,45.96,45.96,12515
2025-11-05 14:44,TNA,45.9612,45.97,45.9463,45.95,1961
2025-11-05 14:45,TNA,45.955,45.99,45.955,45.98,3777
2025-11-05 14:46,TNA,45.98,46.0,45.97,45.98,3800
2025-11-05 14:47,TNA,45.96,45.965,45.93,45.93,2440
2025-11-05 14:48,TNA,45.93,45.93,45.8801,45.9099,25560
2025-11-05 14:49,TNA,45.91,45.91,45.8701,45.8701,3691
2025-11-05 14:50,TNA,45.875,45.89,45.845,45.88,12970
2025-11-05 14:51,TNA,45.89,45.9,45.86,45.8798,10182
2025-11-05 14:52,TNA,45.8799,45.89,45.87,45.87,8459
2025-11-05 14:53,TNA,45.88,45.945,45.88,45.9401,21226
2025-11-05 14:54,TNA,45.94,45.985,45.94,45.9601,12101
2025-11-05 14:55,TNA,45.96,45.975,45.92,45.92,5869
2025-11-05 14:56,TNA,45.91,45.96,45.91,45.94,3100
2025-11-05 14:57,TNA,45.95,46.0198,45.95,45.98,9937
2025-11-05 14:58,TNA,45.98,46.0201,45.98,46.02,2800
2025-11-05 14:59,TNA,46.0,46.005,45.98,45.985,2990
2025-11-05 15:00,TNA,45.98,46.08,45.98,46.065,11323
2025-11-05 15:01,TNA,46.075,46.13,46.07,46.12,14169
2025-11-05 15:02,TNA,46.12,46.16,46.09,46.13,21735
2025-11-05 15:03,TNA,46.12,46.1665,46.12,46.16,11832
2025-11-05 15:04,TNA,46.16,46.205,46.155,46.1993,19025
2025-11-05 15:05,TNA,46.19,46.19,46.13,46.13,4478
2025-11-05 15:06,TNA,46.12,46.1955,46.1,46.1955,3455
2025-11-05 15:07,TNA,46.18,46.19,46.165,46.165,6740
2025-11-05 15:08,TNA,46.17,46.23,46.15,46.22,19483
2025-11-05 15:09,TNA,46.225,46.25,46.22,46.25,11144
2025-11-05 15:10,TNA,46.2421,46.265,46.23,46.26,22172
2025-11-05 15:11,TNA,46.255,46.26,46.17,46.19,5739
2025-11-05 15:12,TNA,46.195,46.24,46.185,46.24,7601
2025-11-05 15:13,TNA,46.225,46.235,46.22,46.22,4918
2025-11-05 15:14,TNA,46.23,46.24,46.22,46.22,6269
2025-11-05 15:15,TNA,46.23,46.25,46.21,46.22,8055
2025-11-05 15:16,TNA,46.2147,46.2199,46.19,46.2,2574
2025-11-05 15:17,TNA,46.2,46.2,46.095,46.1,17448
2025-11-05 15:18,TNA,46.1,46.16,46.095,46.15,14223
2025-11-05 15:19,TNA,46.16,46.21,46.16,46.2099,6493
2025-11-05 15:20,TNA,46.2,46.21,46.19,46.2,9178
2025-11-05 15:21,TNA,46.1901,46.25,46.1901,46.2293,9952
2025-11-05 15:22,TNA,46.22,46.245,46.2153,46.245,5013
2025-11-05 15:23,TNA,46.2455,46.2499,46.2201,46.2456,5461
2025-11-05 15:24,TNA,46.22,46.23,46.21,46.2199,4900
2025-11-05 15:25,TNA,46.21,46.22,46.175,46.175,7794
2025-11-05 15:26,TNA,46.175,46.175,46.1399,46.17,3399
2025-11-05 15:27,TNA,46.18,46.19,46.12,46.1233,8400
2025-11-05 15:28,TNA,46.11,46.15,46.105,46.15,6206
2025-11-05 15:29,TNA,46.15,46.15,46.11,46.11,5089
2025-11-05 15:30,TNA,46.1,46.11,46.037,46.05,9029
2025-11-05 15:31,TNA,46.07,46.08,46.04,46.04,6999
2025-11-05 15:32,TNA,46.04,46.05,46.025,46.045,8196
2025-11-05 15:33,TNA,46.04,46.04,46.01,46.02,17349
2025-11-05 15:34,TNA,46.02,46.025,45.99,45.99,20354
2025-11-05 15:35,TNA,46.0,46.035,45.99,45.99,10056
2025-11-05 15:36,TNA,45.9901,46.02,45.99,45.99,6130
2025-11-05 15:37,TNA,45.97,45.99,45.961449,45.98,7238
2025-11-05 15:38,TNA,45.98,46.025,45.98,46.025,9185
2025-11-05 15:39,TNA,46.0385,46.05,46.0385,46.05,4180
2025-11-05 15:40,TNA,46.05,46.1093,46.05,46.1,5904
2025-11-05 15:41,TNA,46.09,46.1,46.075,46.075,6696
2025-11-05 15:42,TNA,46.0603,46.07,46.0301,46.06,5392
2025-11-05 15:43,TNA,46.04,46.04,45.98,45.98,9077
2025-11-05 15:44,TNA,45.99,46.005,45.96,46.005,46578
2025-11-05 15:45,TNA,46.0,46.02,45.975,45.975,15672
2025-11-05 15:46,TNA,45.99,45.9965,45.93,45.95,57604
2025-11-05 15:47,TNA,45.94,45.98,45.94,45.98,4883
2025-11-05 15:48,TNA,45.98,45.99,45.9664,45.9664,10249
2025-11-05 15:49,TNA,45.95,45.95,45.84,45.86,26213
2025-11-05 15:50,TNA,45.86,45.92,45.81,45.88,75987
2025-11-05 15:51,TNA,45.88,45.9099,45.775,45.79,19045
2025-11-05 15:52,TNA,45.8,45.82,45.78,45.7835,22876
2025-11-05 15:53,TNA,45.78,45.8655,45.78,45.86,22553
2025-11-05 15:54,TNA,45.85,45.88,45.79,45.8122,53842
2025-11-05 15:55,TNA,45.8,45.9,45.765,45.9,51705
2025-11-05 15:56,TNA,45.915,45.9299,45.865,45.91,38765
2025-11-05 15:57,TNA,45.9,45.9,45.8,45.82,43654
2025-11-05 15:58,TNA,45.83,45.83,45.765,45.77,145354
2025-11-05 15:59,TNA,45.77,45.78,45.68,45.71,182926
2025-11-05 16:00,TNA,45.71,45.71,45.66,45.66,22147
2025-11-05 16:01,TNA,45.71,45.71,45.66,45.69,10797
2025-11-05 16:02,TNA,45.69,45.79,45.69,45.79,1399
2025-11-05 16:03,TNA,45.74,45.78,45.74,45.78,300
2025-11-05 16:04,TNA,45.82,45.82,45.82,45.82,400
2025-11-05 16:05,TNA,45.86,45.89,45.86,45.89,1167
2025-11-05 16:06,TNA,45.9003,45.921,45.87,45.89,1838
2025-11-05 16:08,TNA,45.89,45.89,45.89,45.89,1942
2025-11-05 16:10,TNA,45.78,45.78,45.78,45.78,100
2025-11-05 16:12,TNA,45.8401,45.86,45.84,45.86,927
2025-11-05 16:13,TNA,45.8,45.8,45.8,45.8,1800
2025-11-05 16:14,TNA,45.79,45.79,45.79,45.79,436
2025-11-05 16:15,TNA,45.75,45.77,45.73,45.74,24950
2025-11-05 16:16,TNA,45.73,45.75,45.73,45.75,985
2025-11-05 16:17,TNA,45.78,45.79,45.78,45.79,200
2025-11-05 16:20,TNA,45.79,45.79,45.7899,45.7899,200
2025-11-05 16:22,TNA,45.76,45.76,45.75,45.75,6440
2025-11-05 16:23,TNA,45.77,45.77,45.75,45.7675,5125
2025-11-05 16:24,TNA,45.7599,45.7599,45.7599,45.7599,660
2025-11-05 16:25,TNA,45.7891,45.79,45.7891,45.79,300
2025-11-05 16:26,TNA,45.8,45.8,45.8,45.8,600
2025-11-05 16:28,TNA,45.81,45.81,45.81,45.81,700
2025-11-05 16:29,TNA,45.82,45.82,45.82,45.82,185
2025-11-05 16:35,TNA,45.86,45.86,45.86,45.86,200
2025-11-05 16:37,TNA,45.8513,45.8513,45.8513,45.8513,3000
2025-11-05 16:39,TNA,45.88,45.88,45.8799,45.88,21891
2025-11-05 16:42,TNA,45.87,45.87,45.87,45.87,100
2025-11-05 16:45,TNA,45.9,45.9,45.8902,45.8902,13335
2025-11-05 16:48,TNA,45.89,45.89,45.89,45.89,600
2025-11-05 16:54,TNA,45.87,45.8706,45.87,45.8706,3411
2025-11-05 16:55,TNA,45.89,45.89,45.89,45.89,100
2025-11-05 17:01,TNA,45.9,45.9,45.9,45.9,654
2025-11-05 17:02,TNA,45.86,45.86,45.86,45.86,100
2025-11-05 17:11,TNA,45.78,45.78,45.78,45.78,150
2025-11-05 17:12,TNA,45.87,45.87,45.87,45.87,100
2025-11-05 17:14,TNA,45.7918,45.7918,45.7918,45.7918,125
2025-11-05 17:19,TNA,45.8,45.8,45.75,45.75,619
2025-11-05 17:21,TNA,45.71,45.71,45.71,45.71,1162
2025-11-05 17:25,TNA,45.7501,45.7501,45.75,45.75,2268
2025-11-05 17:27,TNA,45.75,45.75,45.75,45.75,1000
2025-11-05 17:28,TNA,45.75,45.75,45.75,45.75,700
2025-11-05 17:32,TNA,45.8,45.8,45.7986,45.7986,7000
2025-11-05 17:33,TNA,45.8482,45.8482,45.8482,45.8482,200
2025-11-05 17:35,TNA,45.73,45.73,45.73,45.73,800
2025-11-05 17:44,TNA,45.72,45.72,45.72,45.72,100
2025-11-05 17:53,TNA,45.8,45.8,45.8,45.8,100
2025-11-05 17:55,TNA,45.7411,45.7411,45.7411,45.7411,5500
2025-11-05 17:56,TNA,45.74,45.74,45.73,45.73,16484
2025-11-05 18:02,TNA,45.78,45.78,45.78,45.78,400
2025-11-05 18:03,TNA,45.78,45.78,45.78,45.78,200
2025-11-05 18:05,TNA,45.7,45.7,45.7,45.7,700
2025-11-05 18:06,TNA,45.7,45.7,45.7,45.7,1250
2025-11-05 18:11,TNA,45.71,45.71,45.71,45.71,500
2025-11-05 18:19,TNA,45.78,45.78,45.78,45.78,200
2025-11-05 18:25,TNA,45.68,45.68,45.68,45.68,300
2025-11-05 18:29,TNA,45.7595,45.7595,45.7595,45.7595,200
2025-11-05 18:30,TNA,45.73,45.73,45.73,45.73,200
2025-11-05 18:32,TNA,45.7299,45.73,45.7299,45.73,1407
2025-11-05 18:33,TNA,45.76,45.76,45.76,45.76,100
2025-11-05 18:34,TNA,45.75,45.75,45.75,45.75,300
2025-11-05 18:35,TNA,45.73,45.73,45.73,45.73,400
2025-11-05 18:36,TNA,45.74,45.74,45.74,45.74,300
2025-11-05 18:37,TNA,45.74,45.74,45.72,45.73,1942
2025-11-05 18:38,TNA,45.72,45.72,45.72,45.72,400
2025-11-05 18:39,TNA,45.73,45.7405,45.73,45.7405,973
2025-11-05 18:40,TNA,45.7408,45.7408,45.7408,45.7408,216
2025-11-05 18:43,TNA,45.82,45.82,45.82,45.82,100
2025-11-05 18:44,TNA,45.85,45.85,45.85,45.85,1100
2025-11-05 18:46,TNA,45.87,45.87,45.87,45.87,900
2025-11-05 18:50,TNA,45.84,45.84,45.82,45.83,1510
2025-11-05 18:52,TNA,45.8201,45.8201,45.8201,45.8201,200
2025-11-05 18:54,TNA,45.88,45.889,45.88,45.889,400
2025-11-05 18:55,TNA,45.89,45.8998,45.89,45.8998,600
2025-11-05 18:56,TNA,45.89,45.89,45.89,45.89,100
2025-11-05 18:57,TNA,45.89,45.89,45.89,45.89,500
2025-11-05 19:02,TNA,45.8,45.8,45.8,45.8,200
2025-11-05 19:13,TNA,45.7,45.7,45.69,45.69,400
2025-11-05 19:18,TNA,45.6896,45.6896,45.6896,45.6896,500
2025-11-05 19:20,TNA,45.68,45.68,45.68,45.68,1300
2025-11-05 19:23,TNA,45.6,45.6,45.6,45.6,399
2025-11-05 19:24,TNA,45.6,45.6,45.5,45.5,5823
2025-11-05 19:25,TNA,45.48,45.48,45.43,45.43,3400
2025-11-05 19:27,TNA,45.38,45.38,45.38,45.38,200
2025-11-05 19:28,TNA,45.4,45.4,45.4,45.4,100
2025-11-05 19:29,TNA,45.45,45.45,45.45,45.45,100
2025-11-05 19:31,TNA,45.53,45.53,45.53,45.53,111
2025-11-05 19:35,TNA,45.5,45.5,45.5,45.5,200
2025-11-05 19:36,TNA,45.5193,45.53,45.5193,45.53,401
2025-11-05 19:37,TNA,45.5697,45.5697,45.5697,45.5697,100
2025-11-05 19:39,TNA,45.64,45.67,45.64,45.67,3250
2025-11-05 19:40,TNA,45.6692,45.6692,45.6692,45.6692,200
2025-11-05 19:44,TNA,45.5833,45.6,45.5833,45.6,319
2025-11-05 19:45,TNA,45.58,45.58,45.58,45.58,100
2025-11-05 19:46,TNA,45.59,45.59,45.59,45.59,5145
2025-11-05 19:47,TNA,45.57,45.57,45.57,45.57,100
2025-11-05 19:49,TNA,45.54,45.54,45.54,45.54,100
2025-11-05 19:51,TNA,45.57,45.57,45.57,45.57,910
2025-11-05 19:52,TNA,45.5201,45.5238,45.5201,45.5238,805
2025-11-05 19:53,TNA,45.5301,45.5301,45.5301,45.5301,603
2025-11-05 19:57,TNA,45.5504,45.5504,45.5504,45.5504,180
2025-11-05 19:58,TNA,45.589,45.5981,45.589,45.59,820
2025-11-05 19:59,TNA,45.61,45.61,45.61,45.61,600
2025-11-06 07:00,TNA,45.76,45.8,45.76,45.77,4487
2025-11-06 07:01,TNA,45.78,45.78,45.77,45.78,662
2025-11-06 07:02,TNA,45.82,45.85,45.82,45.82,2261
2025-11-06 07:03,TNA,45.79,45.81,45.79,45.81,200
2025-11-06 07:04,TNA,45.8,45.8,45.78,45.79,3412
2025-11-06 07:05,TNA,45.81,45.81,45.81,45.81,188
2025-11-06 07:06,TNA,45.85,45.91,45.85,45.91,1095
2025-11-06 07:07,TNA,45.91,45.94,45.91,45.94,2275
2025-11-06 07:08,TNA,45.98,46.0,45.98,46.0,3875
2025-11-06 07:09,TNA,46.0,46.0,46.0,46.0,100
2025-11-06 07:11,TNA,45.96,45.96,45.96,45.96,400
2025-11-06 07:12,TNA,45.97,45.97,45.97,45.97,300
2025-11-06 07:13,TNA,45.939,45.94,45.939,45.94,300
2025-11-06 07:14,TNA,45.95,45.95,45.95,45.95,325
2025-11-06 07:16,TNA,45.91,45.91,45.91,45.91,100
2025-11-06 07:18,TNA,45.93,45.93,45.92,45.92,200
2025-11-06 07:19,TNA,45.89,45.89,45.89,45.89,1400
2025-11-06 07:20,TNA,45.9,45.9,45.9,45.9,400
2025-11-06 07:21,TNA,45.87,45.87,45.87,45.87,500
2025-11-06 07:23,TNA,45.94,45.94,45.94,45.94,102
2025-11-06 07:24,TNA,45.9,45.9,45.9,45.9,500
2025-11-06 07:25,TNA,45.879,45.879,45.879,45.879,225
2025-11-06 07:27,TNA,45.82,45.82,45.82,45.82,2510
2025-11-06 07:28,TNA,45.81,45.81,45.81,45.81,100
2025-11-06 07:30,TNA,45.85,45.85,45.85,45.85,364
2025-11-06 07:32,TNA,45.87,45.89,45.87,45.89,1000
2025-11-06 07:39,TNA,45.9,45.9,45.9,45.9,1427
2025-11-06 07:40,TNA,45.91,45.91,45.91,45.91,101
2025-11-06 07:46,TNA,45.95,45.95,45.95,45.95,562
2025-11-06 07:48,TNA,45.96,45.96,45.96,45.96,400
2025-11-06 07:50,TNA,45.97,45.97,45.97,45.97,1031
2025-11-06 07:51,TNA,45.979,45.979,45.979,45.979,200
2025-11-06 07:52,TNA,45.98,45.98,45.979,45.979,724
2025-11-06 07:55,TNA,45.97,45.97,45.97,45.97,100
2025-11-06 07:56,TNA,45.96,45.96,45.96,45.96,200
2025-11-06 07:57,TNA,45.971,46.0,45.971,46.0,2682
2025-11-06 07:59,TNA,46.0,46.01,46.0,46.01,1447
2025-11-06 08:00,TNA,45.91,46.0,45.53,45.96,28183
2025-11-06 08:01,TNA,45.18,45.97,45.18,45.97,3515
2025-11-06 08:02,TNA,45.31,45.48,45.07,45.1,8701
2025-11-06 08:08,TNA,45.98,45.98,45.98,45.98,600
2025-11-06 08:10,TNA,46.0,46.01,46.0,46.01,2415
2025-11-06 08:11,TNA,46.01,46.01,45.98,45.98,500
2025-11-06 08:12,TNA,45.97,46.0,45.97,45.99,2400
2025-11-06 08:13,TNA,46.0,46.04,46.0,46.04,1340
2025-11-06 08:14,TNA,46.06,46.06,46.06,46.06,150
2025-11-06 08:15,TNA,46.07,46.07,46.06,46.06,400
2025-11-06 08:16,TNA,46.08,46.08,46.08,46.08,360
2025-11-06 08:18,TNA,45.98,45.98,45.96,45.96,882
2025-11-06 08:19,TNA,45.9701,46.05,45.9701,46.05,1050
2025-11-06 08:20,TNA,46.02,46.02,46.02,46.02,100
2025-11-06 08:21,TNA,46.02,46.03,46.02,46.03,587
2025-11-06 08:22,TNA,46.03,46.03,46.03,46.03,500
2025-11-06 08:23,TNA,46.03,46.05,46.03,46.05,200
2025-11-06 08:24,TNA,46.05,46.06,46.04,46.06,1542
2025-11-06 08:26,TNA,46.0601,46.0601,46.0601,46.0601,400
2025-11-06 08:27,TNA,46.0519,46.0519,46.04,46.05,1682
2025-11-06 08:29,TNA,46.059,46.07,46.05,46.05,4026
2025-11-06 08:30,TNA,46.07,46.0897,46.07,46.0897,5234
2025-11-06 08:32,TNA,46.05,46.09,46.05,46.09,1600
2025-11-06 08:33,TNA,46.09,46.09,46.09,46.09,100
2025-11-06 08:34,TNA,46.069,46.069,46.069,46.069,200
2025-11-06 08:35,TNA,46.0977,46.11,46.0977,46.11,10667
2025-11-06 08:36,TNA,46.1,46.13,46.1,46.1091,6557
2025-11-06 08:37,TNA,46.07,46.07,46.0597,46.0597,2475
2025-11-06 08:39,TNA,46.05,46.05,46.05,46.05,1875
2025-11-06 08:40,TNA,46.05,46.07,46.05,46.07,3506
2025-11-06 08:41,TNA,46.02,46.02,46.02,46.02,1500
2025-11-06 08:42,TNA,46.02,46.02,46.02,46.02,100
2025-11-06 08:43,TNA,46.01,46.01,46.01,46.01,100
2025-11-06 08:44,TNA,46.02,46.02,46.0017,46.0017,673
2025-11-06 08:45,TNA,46.05,46.05,46.05,46.05,500
2025-11-06 08:46,TNA,46.04,46.04,46.04,46.04,100
2025-11-06 08:47,TNA,46.02,46.02,46.02,46.02,500
2025-11-06 08:48,TNA,46.0407,46.0407,46.0407,46.0407,300
2025-11-06 08:49,TNA,46.03,46.04,46.03,46.04,6175
2025-11-06 08:50,TNA,46.04,46.04,46.0099,46.01,12649
2025-11-06 08:51,TNA,46.03,46.03,46.03,46.03,200
2025-11-06 08:52,TNA,46.03,46.03,46.03,46.03,2385
2025-11-06 08:53,TNA,46.03,46.03,46.029,46.029,9095
2025-11-06 08:54,TNA,46.04,46.04,46.0,46.0,4878
2025-11-06 08:55,TNA,46.02,46.02,46.0,46.0,20120
2025-11-06 08:56,TNA,46.0,46.0,45.99,45.99,1605
2025-11-06 08:57,TNA,45.97,45.97,45.95,45.9518,11842
2025-11-06 08:58,TNA,45.93,45.93,45.92,45.92,3015
2025-11-06 08:59,TNA,45.92,45.92,45.89,45.89,4110
2025-11-06 09:00,TNA,45.86,45.8709,45.85,45.87,3376
2025-11-06 09:01,TNA,45.84,45.84,45.84,45.84,200
2025-11-06 09:02,TNA,45.85,45.88,45.85,45.88,800
2025-11-06 09:04,TNA,45.81,45.81,45.77,45.77,1900
2025-11-06 09:05,TNA,45.75,45.755,45.69,45.7,21602
2025-11-06 09:06,TNA,45.71,45.72,45.68,45.68,3301
2025-11-06 09:07,TNA,45.69,45.69,45.67,45.68,8133
2025-11-06 09:08,TNA,45.65,45.65,45.52,45.53,11847
2025-11-06 09:09,TNA,45.55,45.56,45.49,45.49,10515
2025-11-06 09:10,TNA,45.55,45.55,45.54,45.55,1800
2025-11-06 09:11,TNA,45.53,45.54,45.5001,45.54,500
2025-11-06 09:12,TNA,45.56,45.58,45.56,45.58,400
2025-11-06 09:13,TNA,45.59,45.6,45.59,45.6,1320
2025-11-06 09:14,TNA,45.58,45.59,45.57,45.57,2263
2025-11-06 09:15,TNA,45.56,45.6,45.56,45.59,2905
2025-11-06 09:16,TNA,45.56,45.57,45.54,45.57,2080
2025-11-06 09:17,TNA,45.5901,45.5901,45.56,45.56,200
2025-11-06 09:18,TNA,45.57,45.57,45.54,45.54,580
2025-11-06 09:19,TNA,45.54,45.55,45.51,45.52,4650
2025-11-06 09:20,TNA,45.52,45.52,45.48,45.49,1521
2025-11-06 09:21,TNA,45.5,45.5,45.44,45.47,11479
2025-11-06 09:22,TNA,45.47,45.47,45.47,45.47,3110
2025-11-06 09:23,TNA,45.4604,45.4604,45.43,45.4303,1607
2025-11-06 09:24,TNA,45.44,45.44,45.39,45.39,11090
2025-11-06 09:25,TNA,45.38,45.39,45.37,45.37,1670
2025-11-06 09:26,TNA,45.39,45.39,45.37,45.37,3021
2025-11-06 09:27,TNA,45.35,45.4,45.35,45.39,300
2025-11-06 09:28,TNA,45.309,45.31,45.26,45.26,1900
2025-11-06 09:29,TNA,45.24,45.47,45.24,45.46,32930
2025-11-06 09:30,TNA,45.46,45.51,45.34,45.49,186966
2025-11-06 09:31,TNA,45.5,45.65,45.5,45.615,85710
2025-11-06 09:32,TNA,45.61,45.74,45.58,45.7114,84734
2025-11-06 09:33,TNA,45.71,45.71,45.4099,45.42,36855
2025-11-06 09:34,TNA,45.42,45.61,45.4,45.525,28545
2025-11-06 09:35,TNA,45.53,45.545,45.39,45.46,42677
2025-11-06 09:36,TNA,45.46,45.54,45.39,45.45,29981
2025-11-06 09:37,TNA,45.45,45.46,45.32,45.39,37862
2025-11-06 09:38,TNA,45.39,45.5,45.37,45.465,32449
2025-11-06 09:39,TNA,45.47,45.485,45.3399,45.3399,39369
2025-11-06 09:40,TNA,45.32,45.36,45.22,45.22,77136
2025-11-06 09:41,TNA,45.215,45.22,45.1,45.14,89011
2025-11-06 09:42,TNA,45.15,45.23,45.07,45.0856,45322
2025-11-06 09:43,TNA,45.07,45.07,44.97,45.0099,74553
2025-11-06 09:44,TNA,45.015,45.114,45.0,45.1,37991
2025-11-06 09:45,TNA,45.08,45.25,45.08,45.24,42925
2025-11-06 09:46,TNA,45.25,45.3,45.2199,45.2701,62466
2025-11-06 09:47,TNA,45.27,45.355,45.2399,45.305,33972
2025-11-06 09:48,TNA,45.31,45.43,45.28,45.4,68196
2025-11-06 09:49,TNA,45.38,45.3899,45.16,45.16,59559
2025-11-06 09:50,TNA,45.17,45.2099,44.9307,45.0429,167907
2025-11-06 09:51,TNA,45.06,45.1171,45.01,45.06,51173
2025-11-06 09:52,TNA,45.085,45.11,44.9601,45.05,53325
2025-11-06 09:53,TNA,45.02,45.185,45.02,45.16,24675
2025-11-06 09:54,TNA,45.15,45.15,44.935,44.96,27856
2025-11-06 09:55,TNA,44.965,45.0,44.9,44.99,43154
2025-11-06 09:56,TNA,44.99,45.01,44.84,44.8457,55360
2025-11-06 09:57,TNA,44.85,44.89,44.8235,44.84,51014
2025-11-06 09:58,TNA,44.85,44.9,44.8,44.8242,42794
2025-11-06 09:59,TNA,44.82,44.825,44.71,44.74,63007
2025-11-06 10:00,TNA,44.74,44.74,44.61,44.68,50352
2025-11-06 10:01,TNA,44.66,44.7899,44.6507,44.75,39188
2025-11-06 10:02,TNA,44.73,44.73,44.54,44.56,69584
2025-11-06 10:03,TNA,44.57,44.67,44.52,44.6,40967
2025-11-06 10:04,TNA,44.59,44.595,44.345,44.3735,127773
2025-11-06 10:05,TNA,44.35,44.61,44.35,44.525,58081
2025-11-06 10:06,TNA,44.53,44.79,44.51,44.78,51057
2025-11-06 10:07,TNA,44.78,44.78,44.61,44.641,40518
2025-11-06 10:08,TNA,44.66,44.67,44.56,44.64,59179
2025-11-06 10:09,TNA,44.65,44.65,44.52,44.575,37070
2025-11-06 10:10,TNA,44.57,44.81,44.57,44.8,57292
2025-11-06 10:11,TNA,44.81,44.89,44.78,44.81,61843
2025-11-06 10:12,TNA,44.79,44.793,44.59,44.6056,52684
2025-11-06 10:13,TNA,44.61,44.66,44.5435,44.56,53663
2025-11-06 10:14,TNA,44.58,44.62,44.47,44.475,41511
2025-11-06 10:15,TNA,44.48,44.54,44.445,44.45,47080
2025-11-06 10:16,TNA,44.49,44.645,44.48,44.55,43101
2025-11-06 10:17,TNA,44.54,44.6345,44.54,44.55,28407
2025-11-06 10:18,TNA,44.56,44.66,44.55,44.65,57872
2025-11-06 10:19,TNA,44.65,44.6751,44.58,44.635,41043
2025-11-06 10:20,TNA,44.65,44.89,44.65,44.88,62019
2025-11-06 10:21,TNA,44.88,45.0,44.88,44.98,60077
2025-11-06 10:22,TNA,44.96,45.06,44.9401,45.015,81232
2025-11-06 10:23,TNA,45.015,45.075,45.01,45.075,55431
2025-11-06 10:24,TNA,45.08,45.1207,44.9656,44.99,34108
2025-11-06 10:25,TNA,44.9856,45.005,44.915,44.94,42368
2025-11-06 10:26,TNA,44.96,44.98,44.86,44.88,25343
2025-11-06 10:27,TNA,44.895,44.91,44.8,44.84,16312
2025-11-06 10:28,TNA,44.845,44.905,44.81,44.87,21662
2025-11-06 10:29,TNA,44.87,44.8799,44.74,44.765,20496
2025-11-06 10:30,TNA,44.77,44.77,44.62,44.62,29080
2025-11-06 10:31,TNA,44.62,44.78,44.61,44.6803,18296
2025-11-06 10:32,TNA,44.69,44.72,44.56,44.57,17738
2025-11-06 10:33,TNA,44.56,44.57,44.43,44.435,66920
2025-11-06 10:34,TNA,44.435,44.47,44.41,44.45,112380
2025-11-06 10:35,TNA,44.45,44.455,44.29,44.3364,61394
2025-11-06 10:36,TNA,44.35,44.36,44.19,44.19,54269
2025-11-06 10:37,TNA,44.21,44.22,44.05,44.0543,92709
2025-11-06 10:38,TNA,44.06,44.16,44.0599,44.07,66702
2025-11-06 10:39,TNA,44.07,44.1,44.035,44.04,34206
2025-11-06 10:40,TNA,44.04,44.05,43.95,44.0201,81665
2025-11-06 10:41,TNA,44.02,44.1,43.9709,43.98,54575
2025-11-06 10:42,TNA,43.99,44.0701,43.96,44.04,28700
2025-11-06 10:43,TNA,44.02,44.12,43.95,43.97,138347
2025-11-06 10:44,TNA,43.96,43.98,43.78,43.815,143059
2025-11-06 10:45,TNA,43.82,43.94,43.8,43.94,89296
2025-11-06 10:46,TNA,43.92,43.93,43.829,43.9099,38919
2025-11-06 10:47,TNA,43.9,43.91,43.7803,43.795,46067
2025-11-06 10:48,TNA,43.79,44.04,43.76,43.96,39817
2025-11-06 10:49,TNA,43.9766,43.9766,43.86,43.8742,17735
2025-11-06 10:50,TNA,43.9,44.0301,43.795,43.8,15748
2025-11-06 10:51,TNA,43.82,44.045,43.81,43.94,41081
2025-11-06 10:52,TNA,43.945,43.96,43.82,43.88,20219
2025-11-06 10:53,TNA,43.8845,43.9,43.78,43.8,21659
2025-11-06 10:54,TNA,43.82,44.055,43.7851,44.04,25216
2025-11-06 10:55,TNA,44.03,44.1,43.97,44.06,37967
2025-11-06 10:56,TNA,44.04,44.04,43.83,43.86,23092
2025-11-06 10:57,TNA,43.88,43.92,43.84,43.86,17904
2025-11-06 10:58,TNA,43.86,43.88,43.7701,43.7701,22505
2025-11-06 10:59,TNA,43.79,43.83,43.74,43.79,76243
2025-11-06 11:00,TNA,43.79,43.81,43.725,43.76,37170
2025-11-06 11:01,TNA,43.78,43.85,43.78,43.82,72884
2025-11-06 11:02,TNA,43.815,43.9399,43.81,43.88,19697
2025-11-06 11:03,TNA,43.92,43.95,43.83,43.845,18217
2025-11-06 11:04,TNA,43.84,43.95,43.82,43.93,12025
2025-11-06 11:05,TNA,43.95,44.049,43.9499,44.02,21616
2025-11-06 11:06,TNA,44.01,44.08,43.9419,43.9545,27767
2025-11-06 11:07,TNA,43.95,43.99,43.84,43.8599,41781
2025-11-06 11:08,TNA,43.87,43.9901,43.85,43.9901,14897
2025-11-06 11:09,TNA,43.99,43.995,43.8215,43.855,67588
2025-11-06 11:10,TNA,43.84,43.88,43.74,43.75,29664
2025-11-06 11:11,TNA,43.76,43.79,43.7007,43.73,29618
2025-11-06 11:12,TNA,43.77,43.78,43.63,43.66,58353
2025-11-06 11:13,TNA,43.67,43.7199,43.65,43.71,8881
2025-11-06 11:14,TNA,43.71,43.8,43.7,43.7255,13210
2025-11-06 11:15,TNA,43.73,43.8423,43.72,43.825,40154
2025-11-06 11:16,TNA,43.83,43.87,43.69,43.72,32008
2025-11-06 11:17,TNA,43.73,43.7365,43.6499,43.65,21177
2025-11-06 11:18,TNA,43.66,43.67,43.53,43.5599,75073
2025-11-06 11:19,TNA,43.56,43.64,43.52,43.62,61632
2025-11-06 11:20,TNA,43.63,43.73,43.575,43.73,21684
2025-11-06 11:21,TNA,43.73,43.8,43.62,43.73,24994
2025-11-06 11:22,TNA,43.7399,43.745,43.51,43.515,40572
2025-11-06 11:23,TNA,43.51,43.59,43.51,43.53,25624
2025-11-06 11:24,TNA,43.53,43.57,43.5,43.51,28397
2025-11-06 11:25,TNA,43.51,43.52,43.4244,43.4707,50877
2025-11-06 11:26,TNA,43.47,43.52,43.42,43.48,38851
2025-11-06 11:27,TNA,43.48,43.48,43.41,43.4151,20000
2025-11-06 11:28,TNA,43.4135,43.4413,43.39,43.42,25644
2025-11-06 11:29,TNA,43.42,43.649,43.42,43.63,87146
2025-11-06 11:30,TNA,43.62,43.62,43.43,43.475,28386
2025-11-06 11:31,TNA,43.4799,43.5777,43.4799,43.53,12931
2025-11-06 11:32,TNA,43.53,43.595,43.5,43.58,13123
2025-11-06 11:33,TNA,43.59,43.7,43.58,43.64,23912
2025-11-06 11:34,TNA,43.635,43.68,43.57,43.68,11774
2025-11-06 11:35,TNA,43.67,43.67,43.37,43.38,81156
2025-11-06 11:36,TNA,43.4,43.54,43.37,43.49,47108
2025-11-06 11:37,TNA,43.49,43.55,43.4001,43.41,26163
2025-11-06 11:38,TNA,43.43,43.57,43.43,43.56,9933
2025-11-06 11:39,TNA,43.56,43.56,43.46,43.46,18533
2025-11-06 11:40,TNA,43.46,43.47,43.38,43.41,20277
2025-11-06 11:41,TNA,43.4201,43.4499,43.37,43.3746,15390
2025-11-06 11:42,TNA,43.39,43.42,43.36,43.405,12336
2025-11-06 11:43,TNA,43.39,43.3945,43.3,43.36,64194
2025-11-06 11:44,TNA,43.35,43.41,43.34,43.41,26853
2025-11-06 11:45,TNA,43.38,43.43,43.31,43.325,37207
2025-11-06 11:46,TNA,43.34,43.42,43.32,43.3799,15565
2025-11-06 11:47,TNA,43.38,43.38,43.27,43.29,23941
2025-11-06 11:48,TNA,43.29,43.3,43.25,43.275,21728
2025-11-06 11:49,TNA,43.28,43.325,43.24,43.325,11612
2025-11-06 11:50,TNA,43.33,43.4344,43.28,43.43,31979
2025-11-06 11:51,TNA,43.439,43.56,43.43,43.44,63825
2025-11-06 11:52,TNA,43.495,43.615,43.4699,43.615,56428
2025-11-06 11:53,TNA,43.65,43.66,43.53,43.5499,70788
2025-11-06 11:54,TNA,43.535,43.6901,43.535,43.65,21374
2025-11-06 11:55,TNA,43.64,43.64,43.4,43.4166,21400
2025-11-06 11:56,TNA,43.43,43.44,43.21,43.235,51491
2025-11-06 11:57,TNA,43.245,43.4144,43.24,43.4144,48371
2025-11-06 11:58,TNA,43.4098,43.43,43.35,43.38,32666
2025-11-06 11:59,TNA,43.36,43.39,43.3135,43.3699,45963
2025-11-06 12:00,TNA,43.36,43.525,43.36,43.45,46252
2025-11-06 12:01,TNA,43.44,43.51,43.43,43.4599,69628
2025-11-06 12:02,TNA,43.46,43.5268,43.4,43.525,17538
2025-11-06 12:03,TNA,43.53,43.53,43.385,43.385,18277
2025-11-06 12:04,TNA,43.395,43.5563,43.395,43.5563,13578
2025-11-06 12:05,TNA,43.5299,43.63,43.48,43.61,47216
2025-11-06 12:06,TNA,43.6,43.6,43.515,43.585,29419
2025-11-06 12:07,TNA,43.58,43.59,43.38,43.38,52512
2025-11-06 12:08,TNA,43.4,43.445,43.32,43.36,41162
2025-11-06 12:09,TNA,43.37,43.6,43.35,43.6,24577
2025-11-06 12:10,TNA,43.61,43.68,43.57,43.6499,46377
2025-11-06 12:11,TNA,43.64,43.77,43.63,43.71,54715
2025-11-06 12:12,TNA,43.7,43.72,43.57,43.58,54362
2025-11-06 12:13,TNA,43.55,43.61,43.5,43.5,18342
2025-11-06 12:14,TNA,43.5,43.53,43.4201,43.435,17286
2025-11-06 12:15,TNA,43.43,43.43,43.33,43.35,22844
2025-11-06 12:16,TNA,43.38,43.395,43.26,43.265,37671
2025-11-06 12:17,TNA,43.27,43.33,43.26,43.31,52064
2025-11-06 12:18,TNA,43.29,43.4,43.28,43.32,55097
2025-11-06 12:19,TNA,43.31,43.35,43.28,43.32,27120
2025-11-06 12:20,TNA,43.3,43.335,43.2399,43.26,32827
2025-11-06 12:21,TNA,43.2599,43.2599,43.08,43.1,136977
2025-11-06 12:22,TNA,43.1055,43.1676,43.1055,43.1676,11929
2025-11-06 12:23,TNA,43.17,43.245,43.12,43.122,21599
2025-11-06 12:24,TNA,43.125,43.1799,43.125,43.135,29432
2025-11-06 12:25,TNA,43.13,43.15,43.12,43.125,33308
2025-11-06 12:26,TNA,43.1301,43.18,43.06,43.0962,32835
2025-11-06 12:27,TNA,43.11,43.18,43.0901,43.17,15994
2025-11-06 12:28,TNA,43.16,43.2,43.15,43.1635,34954
2025-11-06 12:29,TNA,43.15,43.26,43.1462,43.25,21867
2025-11-06 12:30,TNA,43.24,43.24,43.16,43.24,19413
2025-11-06 12:31,TNA,43.26,43.27,43.18,43.26,17564
2025-11-06 12:32,TNA,43.29,43.39,43.29,43.3435,16869
2025-11-06 12:33,TNA,43.335,43.45,43.33,43.4,24867
2025-11-06 12:34,TNA,43.4,43.4,43.26,43.305,35097
2025-11-06 12:35,TNA,43.315,43.48,43.315,43.4799,32104
2025-11-06 12:36,TNA,43.46,43.46,43.39,43.44,12678
2025-11-06 12:37,TNA,43.43,43.455,43.345,43.36,25840
2025-11-06 12:38,TNA,43.37,43.48,43.3599,43.4699,17965
2025-11-06 12:39,TNA,43.465,43.47,43.3299,43.33,21961
2025-11-06 12:40,TNA,43.34,43.389,43.32,43.36,10157
2025-11-06 12:41,TNA,43.36,43.4165,43.3134,43.3134,12043
2025-11-06 12:42,TNA,43.34,43.4707,43.34,43.4707,32160
2025-11-06 12:43,TNA,43.4753,43.54,43.4753,43.54,30838
2025-11-06 12:44,TNA,43.5399,43.56,43.5,43.56,12446
2025-11-06 12:45,TNA,43.555,43.7,43.555,43.69,54943
2025-11-06 12:46,TNA,43.685,43.735,43.6702,43.69,22604
2025-11-06 12:47,TNA,43.7,43.78,43.69,43.765,25172
2025-11-06 12:48,TNA,43.77,43.8001,43.74,43.8001,11992
2025-11-06 12:49,TNA,43.8,43.83,43.75,43.76,15279
2025-11-06 12:50,TNA,43.7799,43.88,43.7701,43.83,65377
2025-11-06 12:51,TNA,43.828,43.9,43.828,43.8752,39066
2025-11-06 12:52,TNA,43.875,43.93,43.848,43.9201,28161
2025-11-06 12:53,TNA,43.91,43.91,43.77,43.795,37620
2025-11-06 12:54,TNA,43.785,43.85,43.785,43.835,12764
2025-11-06 12:55,TNA,43.83,43.835,43.78,43.79,13476
2025-11-06 12:56,TNA,43.805,43.83,43.77,43.81,12766
2025-11-06 12:57,TNA,43.8,43.8155,43.74,43.7439,23418
2025-11-06 12:58,TNA,43.785,43.82,43.75,43.75,6860
2025-11-06 12:59,TNA,43.765,43.765,43.67,43.72,17889
2025-11-06 13:00,TNA,43.71,43.71,43.67,43.67,25612
2025-11-06 13:01,TNA,43.73,43.785,43.71,43.78,15037
2025-11-06 13:02,TNA,43.79,43.81,43.7335,43.7757,20486
2025-11-06 13:03,TNA,43.78,43.78,43.58,43.58,34038
2025-11-06 13:04,TNA,43.59,43.625,43.5,43.535,31268
2025-11-06 13:05,TNA,43.53,43.53,43.39,43.39,51728
2025-11-06 13:06,TNA,43.39,43.39,43.27,43.28,31362
2025-11-06 13:07,TNA,43.3,43.3467,43.2755,43.34,19441
2025-11-06 13:08,TNA,43.3362,43.4001,43.33,43.375,20281
2025-11-06 13:09,TNA,43.37,43.3956,43.305,43.35,10676
2025-11-06 13:10,TNA,43.34,43.4,43.3,43.37,17688
2025-11-06 13:11,TNA,43.36,43.37,43.32,43.34,19399
2025-11-06 13:12,TNA,43.3455,43.38,43.325,43.34,14448
2025-11-06 13:13,TNA,43.35,43.39,43.27,43.3,41760
2025-11-06 13:14,TNA,43.33,43.36,43.2899,43.36,34830
2025-11-06 13:15,TNA,43.36,43.42,43.295,43.33,27129
2025-11-06 13:16,TNA,43.335,43.35,43.31,43.34,6945
2025-11-06 13:17,TNA,43.32,43.36,43.3,43.35,3452
2025-11-06 13:18,TNA,43.38,43.38,43.302,43.34,14061
2025-11-06 13:19,TNA,43.3501,43.36,43.31,43.34,3668
2025-11-06 13:20,TNA,43.355,43.44,43.34,43.41,8267
2025-11-06 13:21,TNA,43.41,43.41,43.32,43.37,12929
2025-11-06 13:22,TNA,43.36,43.42,43.36,43.41,13201
2025-11-06 13:23,TNA,43.42,43.5,43.4,43.4961,12214
2025-11-06 13:24,TNA,43.485,43.61,43.48,43.6,32517
2025-11-06 13:25,TNA,43.595,43.67,43.59,43.655,53967
2025-11-06 13:26,TNA,43.64,43.78,43.64,43.7739,35816
2025-11-06 13:27,TNA,43.76,43.76,43.625,43.625,19389
2025-11-06 13:28,TNA,43.64,43.685,43.64,43.68,6632
2025-11-06 13:29,TNA,43.6756,43.715,43.6509,43.6751,10340
2025-11-06 13:30,TNA,43.6613,43.73,43.6613,43.73,13948
2025-11-06 13:31,TNA,43.75,43.79,43.75,43.7533,16297
2025-11-06 13:32,TNA,43.7645,43.77,43.7151,43.76,24266
2025-11-06 13:33,TNA,43.77,43.805,43.7,43.71,16809
2025-11-06 13:34,TNA,43.71,43.82,43.71,43.82,8758
2025-11-06 13:35,TNA,43.8258,43.9,43.8,43.88,26296
2025-11-06 13:36,TNA,43.88,43.97,43.8607,43.97,53193
2025-11-06 13:37,TNA,43.96,43.96,43.9034,43.905,12007
2025-11-06 13:38,TNA,43.9244,43.93,43.8707,43.89,18720
2025-11-06 13:39,TNA,43.89,43.93,43.86,43.9167,7966
2025-11-06 13:40,TNA,43.93,43.9593,43.9001,43.9007,8925
2025-11-06 13:41,TNA,43.93,43.99,43.93,43.94,16338
2025-11-06 13:42,TNA,43.93,44.04,43.915,44.04,16370
2025-11-06 13:43,TNA,44.04,44.0599,43.99,44.0,28887
2025-11-06 13:44,TNA,44.01,44.05,44.005,44.005,21047
2025-11-06 13:45,TNA,44.0,44.0,43.94,43.96,18342
2025-11-06 13:46,TNA,43.935,43.9501,43.86,43.86,72661
2025-11-06 13:47,TNA,43.87,43.9403,43.8443,43.92,29561
2025-11-06 13:48,TNA,43.935,44.01,43.935,43.96,10253
2025-11-06 13:49,TNA,43.95,43.975,43.9215,43.9558,7778
2025-11-06 13:50,TNA,43.96,44.0207,43.935,43.97,21439
2025-11-06 13:51,TNA,43.975,44.01,43.95,43.96,8316
2025-11-06 13:52,TNA,43.9599,43.97,43.925,43.943,10805
2025-11-06 13:53,TNA,43.95,43.96,43.885,43.91,13369
2025-11-06 13:54,TNA,43.92,43.99,43.9,43.975,10889
2025-11-06 13:55,TNA,43.97,43.975,43.88,43.89,17917
2025-11-06 13:56,TNA,43.89,43.91,43.8201,43.8201,29901
2025-11-06 13:57,TNA,43.8312,43.835,43.7545,43.775,24797
2025-11-06 13:58,TNA,43.77,43.8,43.73,43.765,37340
2025-11-06 13:59,TNA,43.77,43.86,43.765,43.84,20043
2025-11-06 14:00,TNA,43.81,43.8335,43.77,43.81,14123
2025-11-06 14:01,TNA,43.8,43.87,43.785,43.84,17796
2025-11-06 14:02,TNA,43.84,43.84,43.7807,43.7807,9035
2025-11-06 14:03,TNA,43.82,43.84,43.79,43.83,15434
2025-11-06 14:04,TNA,43.82,43.96,43.8,43.9244,44553
2025-11-06 14:05,TNA,43.94,44.05,43.915,44.03,76024
2025-11-06 14:06,TNA,44.03,44.08,44.005,44.05,48214
2025-11-06 14:07,TNA,44.05,44.06,43.995,43.995,12241
2025-11-06 14:08,TNA,44.01,44.01,43.92,43.97,25525
2025-11-06 14:09,TNA,43.965,44.0,43.89,43.92,14661
2025-11-06 14:10,TNA,43.94,44.0147,43.935,44.0147,14113
2025-11-06 14:11,TNA,43.99,44.0113,43.95,43.95,11261
2025-11-06 14:12,TNA,43.945,43.99,43.94,43.98,4450
2025-11-06 14:13,TNA,43.97,44.03,43.96,44.0299,9337
2025-11-06 14:14,TNA,44.015,44.0855,44.01,44.0807,6515
2025-11-06 14:15,TNA,44.09,44.11,44.03,44.03,17196
2025-11-06 14:16,TNA,44.06,44.06,43.955,43.98,21124
2025-11-06 14:17,TNA,43.99,44.0,43.93,43.9544,16500
2025-11-06 14:18,TNA,43.95,43.98,43.905,43.9201,7320
2025-11-06 14:19,TNA,43.92,44.02,43.9199,44.0,8680
2025-11-06 14:20,TNA,43.99,44.005,43.94,43.94,7631
2025-11-06 14:21,TNA,43.93,43.97,43.93,43.9644,2618
2025-11-06 14:22,TNA,43.96,44.0299,43.96,43.985,6726
2025-11-06 14:23,TNA,44.0,44.04,43.98,44.04,10550
2025-11-06 14:24,TNA,44.03,44.03,44.015,44.02,1340
2025-11-06 14:25,TNA,44.04,44.1,44.03,44.08,12526
2025-11-06 14:26,TNA,44.085,44.1,44.06,44.08,26068
2025-11-06 14:27,TNA,44.1,44.15,44.0932,44.11,42254
2025-11-06 14:28,TNA,44.11,44.1924,44.105,44.1835,7034
2025-11-06 14:29,TNA,44.19,44.2,44.16,44.1704,63113
2025-11-06 14:30,TNA,44.17,44.18,44.055,44.06,22080
2025-11-06 14:31,TNA,44.06,44.12,44.0501,44.12,17835
2025-11-06 14:32,TNA,44.13,44.22,44.13,44.2192,12605
2025-11-06 14:33,TNA,44.2201,44.23,44.2,44.2,28482
2025-11-06 14:34,TNA,44.2,44.2,44.11,44.16,47928
2025-11-06 14:35,TNA,44.16,44.18,44.155,44.17,7100
2025-11-06 14:36,TNA,44.18,44.27,44.18,44.26,43515
2025-11-06 14:37,TNA,44.26,44.26,44.17,44.205,7993
2025-11-06 14:38,TNA,44.19,44.2134,44.19,44.19,6182
2025-11-06 14:39,TNA,44.19,44.21,44.0933,44.0933,15997
2025-11-06 14:40,TNA,44.09,44.09,44.01,44.02,13025
2025-11-06 14:41,TNA,44.01,44.0124,43.935,43.95,40458
2025-11-06 14:42,TNA,43.96,43.96,43.8745,43.8745,22883
2025-11-06 14:43,TNA,43.87,43.93,43.83,43.92,15059
2025-11-06 14:44,TNA,43.93,44.0065,43.93,43.9888,4766
2025-11-06 14:45,TNA,43.98,44.01,43.95,43.97,18432
2025-11-06 14:46,TNA,43.98,43.98,43.91,43.91,17904
2025-11-06 14:47,TNA,43.95,43.95,43.9244,43.93,4139
2025-11-06 14:48,TNA,43.955,43.955,43.86,43.87,11221
2025-11-06 14:49,TNA,43.89,43.89,43.825,43.89,36318
2025-11-06 14:50,TNA,43.88,43.945,43.87,43.93,3400
2025-11-06 14:51,TNA,43.96,43.9644,43.86,43.86,9695
2025-11-06 14:52,TNA,43.86,43.87,43.78,43.78,15720
2025-11-06 14:53,TNA,43.77,43.8245,43.75,43.8,28683
2025-11-06 14:54,TNA,43.82,43.89,43.8,43.88,9730
2025-11-06 14:55,TNA,43.88,43.93,43.87,43.915,12485
2025-11-06 14:56,TNA,43.93,43.97,43.92,43.9699,8127
2025-11-06 14:57,TNA,43.95,44.03,43.9499,44.0217,22134
2025-11-06 14:58,TNA,44.03,44.0845,44.03,44.0706,11385
2025-11-06 14:59,TNA,44.06,44.06,43.93,43.95,12331
2025-11-06 15:00,TNA,43.98,43.98,43.8823,43.91,24916
2025-11-06 15:01,TNA,43.9,43.93,43.85,43.92,15060
2025-11-06 15:02,TNA,43.94,43.94,43.835,43.855,6707
2025-11-06 15:03,TNA,43.865,43.89,43.85,43.87,9016
2025-11-06 15:04,TNA,43.87,43.89,43.84,43.84,12213
2025-11-06 15:05,TNA,43.83,43.91,43.82,43.885,19870
2025-11-06 15:06,TNA,43.875,43.875,43.8,43.81,22936
2025-11-06 15:07,TNA,43.81,43.88,43.76,43.87,22135
2025-11-06 15:08,TNA,43.87,43.905,43.85,43.85,8282
2025-11-06 15:09,TNA,43.8501,43.92,43.84,43.9155,12581
2025-11-06 15:10,TNA,43.91,43.97,43.9,43.95,20306
2025-11-06 15:11,TNA,43.945,43.9666,43.93,43.94,8200
2025-11-06 15:12,TNA,43.97,43.98,43.87,43.87,11398
2025-11-06 15:13,TNA,43.89,43.98,43.89,43.96,13853
2025-11-06 15:14,TNA,43.9544,43.9555,43.92,43.92,6446
2025-11-06 15:15,TNA,43.93,43.935,43.87,43.875,6607
2025-11-06 15:16,TNA,43.865,43.875,43.77,43.85,20831
2025-11-06 15:17,TNA,43.84,43.843858,43.83,43.843858,3840
2025-11-06 15:18,TNA,43.85,43.9,43.835,43.88,9880
2025-11-06 15:19,TNA,43.925,43.925,43.9045,43.91,3750
2025-11-06 15:20,TNA,43.93,43.93,43.88,43.88,12287
2025-11-06 15:21,TNA,43.87,43.91,43.86,43.89,7256
2025-11-06 15:22,TNA,43.9,43.91,43.87,43.87,6956
2025-11-06 15:23,TNA,43.9,43.97,43.89,43.97,8629
2025-11-06 15:24,TNA,43.95,43.95,43.89,43.89,14913
2025-11-06 15:25,TNA,43.905,43.905,43.86,43.88,8363
2025-11-06 15:26,TNA,43.91,43.95,43.91,43.91,5941
2025-11-06 15:27,TNA,43.91,43.91,43.855,43.855,3500
2025-11-06 15:28,TNA,43.87,43.87,43.81,43.81,5482
2025-11-06 15:29,TNA,43.8,43.8033,43.75,43.77,30869
2025-11-06 15:30,TNA,43.77,43.83,43.765,43.8,30220
2025-11-06 15:31,TNA,43.795,43.8,43.71,43.735,8081
2025-11-06 15:32,TNA,43.735,43.74,43.665,43.727,46741
2025-11-06 15:33,TNA,43.7201,43.76,43.7,43.7,43147
2025-11-06 15:34,TNA,43.705,43.8,43.705,43.8,6371
2025-11-06 15:35,TNA,43.83,43.87,43.775,43.79,13579
2025-11-06 15:36,TNA,43.79,43.8,43.75,43.77,9712
2025-11-06 15:37,TNA,43.77,43.8,43.74,43.74,16753
2025-11-06 15:38,TNA,43.73,43.75,43.7023,43.7023,7227
2025-11-06 15:39,TNA,43.69,43.71,43.69,43.7,2450
2025-11-06 15:40,TNA,43.71,43.75,43.7,43.71,19054
2025-11-06 15:41,TNA,43.69,43.71,43.68,43.68,11003
2025-11-06 15:42,TNA,43.6899,43.71,43.64,43.66,42886
2025-11-06 15:43,TNA,43.66,43.68,43.63,43.67,41460
2025-11-06 15:44,TNA,43.67,43.67,43.6114,43.63,22887
2025-11-06 15:45,TNA,43.63,43.65,43.58,43.595,49433
2025-11-06 15:46,TNA,43.6,43.6,43.47,43.485,105861
2025-11-06 15:47,TNA,43.48,43.54,43.45,43.4904,107812
2025-11-06 15:48,TNA,43.49,43.52,43.47,43.5,27034
2025-11-06 15:49,TNA,43.49,43.49,43.43,43.43,21268
2025-11-06 15:50,TNA,43.45,43.5,43.425,43.485,58096
2025-11-06 15:51,TNA,43.485,43.495,43.425,43.47,37578
2025-11-06 15:52,TNA,43.48,43.54,43.48,43.53,49756
2025-11-06 15:53,TNA,43.52,43.525,43.4734,43.505,16625
2025-11-06 15:54,TNA,43.505,43.53,43.405,43.41,53371
2025-11-06 15:55,TNA,43.4,43.4,43.295,43.31,129635
2025-11-05 16:39,TQQQ,113.08,113.08,113.07,113.07,3720
2025-11-05 16:40,TQQQ,113.06,113.06,113.06,113.06,100
2025-11-05 16:41,TQQQ,113.08,113.12,113.08,113.12,7187
2025-11-05 16:42,TQQQ,113.11,113.12,113.07,113.1,4357
2025-11-05 16:43,TQQQ,113.09,113.09,113.08,113.08,10129
2025-11-05 16:44,TQQQ,113.09,113.09,113.0697,113.07,12433
2025-11-05 16:45,TQQQ,113.06,113.1,113.05,113.05,10118
2025-11-05 16:46,TQQQ,113.08,113.08,113.05,113.05,16067
2025-11-05 16:47,TQQQ,113.08,113.1,113.07,113.1,11185
2025-11-05 16:48,TQQQ,113.1,113.12,113.0998,113.1,7511
2025-11-05 16:49,TQQQ,113.1,113.12,113.1,113.11,2237
2025-11-05 16:50,TQQQ,113.1,113.11,113.05,113.0694,5006
2025-11-05 16:51,TQQQ,113.06,113.06,113.02,113.06,20251
2025-11-05 16:52,TQQQ,113.08,113.13,113.08,113.13,3035
2025-11-05 16:53,TQQQ,113.1101,113.14,113.1,113.1,3288
2025-11-05 16:54,TQQQ,113.1201,113.13,113.0993,113.0993,2700
2025-11-05 16:55,TQQQ,113.08,113.12,113.08,113.12,3034
2025-11-05 16:56,TQQQ,113.13,113.15,113.12,113.15,3606
2025-11-05 16:57,TQQQ,113.14,113.1491,113.1,113.1,4030
2025-11-05 16:58,TQQQ,113.1196,113.12,113.1,113.1,1585
2025-11-05 16:59,TQQQ,113.0712,113.08,113.05,113.05,4925
2025-11-05 17:00,TQQQ,113.05,113.05,113.015,113.02,2150
2025-11-05 17:01,TQQQ,113.04,113.05,113.03,113.05,6035
2025-11-05 17:03,TQQQ,113.05,113.05,113.04,113.04,1593
2025-11-05 17:04,TQQQ,113.06,113.06,113.05,113.06,1285
2025-11-05 17:05,TQQQ,113.12,113.12,113.12,113.12,190
2025-11-05 17:06,TQQQ,113.05,113.05,113.05,113.05,300
2025-11-05 17:07,TQQQ,113.06,113.08,113.05,113.05,1776
2025-11-05 17:09,TQQQ,113.09,113.11,113.05,113.11,800
2025-11-05 17:10,TQQQ,113.12,113.12,113.12,113.12,200
2025-11-05 17:11,TQQQ,113.09,113.12,113.07,113.1,1351
2025-11-05 17:12,TQQQ,113.1,113.14,113.1,113.1399,3349
2025-11-05 17:13,TQQQ,113.14,113.14,113.14,113.14,100
2025-11-05 17:14,TQQQ,113.14,113.15,113.11,113.15,8627
2025-11-05 17:15,TQQQ,113.1489,113.1489,113.12,113.13,626
2025-11-05 17:16,TQQQ,113.12,113.12,113.11,113.11,7330
2025-11-05 17:17,TQQQ,113.1,113.1,113.0719,113.0719,2384
2025-11-05 17:18,TQQQ,113.08,113.08,113.08,113.08,100
2025-11-05 17:19,TQQQ,113.1,113.1,113.1,113.1,601
2025-11-05 17:21,TQQQ,113.1,113.1,113.0601,113.0601,3047
2025-11-05 17:22,TQQQ,113.09,113.09,113.05,113.05,1527
2025-11-05 17:23,TQQQ,113.0433,113.1,113.0433,113.1,640
2025-11-05 17:25,TQQQ,113.04,113.04,113.04,113.04,100
2025-11-05 17:26,TQQQ,113.03,113.03,113.03,113.03,554
2025-11-05 17:27,TQQQ,113.04,113.04,113.04,113.04,106
2025-11-05 17:28,TQQQ,113.06,113.06,113.05,113.0597,2220
2025-11-05 17:29,TQQQ,113.06,113.06,113.06,113.06,883
2025-11-05 17:30,TQQQ,113.06,113.06,113.06,113.06,170
2025-11-05 17:31,TQQQ,113.03,113.03,113.0,113.03,988
2025-11-05 17:32,TQQQ,113.01,113.0281,113.01,113.0281,670
2025-11-05 17:33,TQQQ,113.0107,113.0107,113.0107,113.0107,1000
2025-11-05 17:34,TQQQ,113.02,113.03,113.02,113.03,1815
2025-11-05 17:35,TQQQ,113.0299,113.0299,113.0299,113.0299,100
2025-11-05 17:36,TQQQ,113.03,113.03,113.02,113.02,390
2025-11-05 17:37,TQQQ,113.01,113.02,113.0,113.01,5906
2025-11-05 17:38,TQQQ,113.0,113.0195,113.0,113.0195,1582
2025-11-05 17:39,TQQQ,113.0292,113.0297,113.01,113.0297,1011
2025-11-05 17:40,TQQQ,113.02,113.02,113.02,113.02,139
2025-11-05 17:41,TQQQ,113.03,113.03,113.01,113.01,2266
2025-11-05 17:42,TQQQ,113.03,113.03,113.02,113.02,2500
2025-11-05 17:43,TQQQ,113.02,113.02,113.02,113.02,759
2025-11-05 17:44,TQQQ,113.0198,113.03,113.01,113.03,8776
2025-11-05 17:45,TQQQ,113.03,113.07,113.03,113.0613,14297
2025-11-05 17:47,TQQQ,113.0703,113.12,113.0703,113.12,2332
2025-11-05 17:48,TQQQ,113.1096,113.11,113.1,113.1,434
2025-11-05 17:49,TQQQ,113.1278,113.1278,113.1278,113.1278,120
2025-11-05 17:50,TQQQ,113.12,113.12,113.12,113.12,150
2025-11-05 17:51,TQQQ,113.1,113.12,113.1,113.12,1450
2025-11-05 17:52,TQQQ,113.14,113.15,113.14,113.15,1038
2025-11-05 17:53,TQQQ,113.15,113.15,113.14,113.1499,1826
2025-11-05 17:54,TQQQ,113.1403,113.1403,113.1403,113.1403,200
2025-11-05 17:55,TQQQ,113.14,113.17,113.14,113.17,2206
2025-11-05 17:56,TQQQ,113.18,113.18,113.18,113.18,500
2025-11-05 17:57,TQQQ,113.18,113.2,113.179,113.2,1605
2025-11-05 17:58,TQQQ,113.21,113.2291,113.21,113.2291,2681
2025-11-05 17:59,TQQQ,113.2262,113.23,113.22,113.23,3321
2025-11-05 18:00,TQQQ,113.24,113.38,113.23,113.38,24912
2025-11-05 18:01,TQQQ,113.35,113.35,113.25,113.25,7578
2025-11-05 18:02,TQQQ,113.19,113.215,113.18,113.19,6851
2025-11-05 18:03,TQQQ,113.14,113.15,113.04,113.04,3322
2025-11-05 18:04,TQQQ,113.06,113.06,112.92,112.92,4042
2025-11-05 18:05,TQQQ,112.9,112.91,112.77,112.8203,15667
2025-11-05 18:06,TQQQ,112.8305,112.93,112.8305,112.9,5608
2025-11-05 18:07,TQQQ,112.899,112.9,112.72,112.72,9145
2025-11-05 18:08,TQQQ,112.781,112.81,112.781,112.81,1698
2025-11-05 18:09,TQQQ,112.86,112.9,112.86,112.9,2202
2025-11-05 18:10,TQQQ,112.88,112.9381,112.85,112.9381,2818
2025-11-05 18:11,TQQQ,112.93,113.05,112.93,113.05,1250
2025-11-05 18:12,TQQQ,113.03,113.0351,112.96,112.98,1640
2025-11-05 18:13,TQQQ,113.005,113.005,113.0034,113.0034,276
2025-11-05 18:14,TQQQ,113.03,113.17,113.03,113.17,3550
2025-11-05 18:15,TQQQ,113.15,113.1799,113.13,113.13,3980
2025-11-05 18:16,TQQQ,113.17,113.23,113.14,113.23,4100
2025-11-05 18:17,TQQQ,113.24,113.25,113.22,113.22,3630
2025-11-05 18:18,TQQQ,113.179,113.25,113.15,113.2308,2149
2025-11-05 18:19,TQQQ,113.24,113.24,113.17,113.17,939
2025-11-05 18:20,TQQQ,113.15,113.2,113.15,113.2,804
2025-11-05 18:21,TQQQ,113.1874,113.19,113.11,113.13,1785
2025-11-05 18:22,TQQQ,113.15,113.15,113.15,113.15,130
2025-11-05 18:23,TQQQ,113.1,113.1,113.1,113.1,100
2025-11-05 18:24,TQQQ,113.0,113.0398,113.0,113.0398,458
2025-11-05 18:25,TQQQ,112.94,112.9409,112.8809,112.8809,680
2025-11-05 18:26,TQQQ,112.91,112.94,112.91,112.92,3550
2025-11-05 18:27,TQQQ,112.95,113.1,112.95,113.1,2124
2025-11-05 18:28,TQQQ,113.12,113.15,113.12,113.15,352
2025-11-05 18:29,TQQQ,113.2,113.21,113.15,113.15,5933
2025-11-05 18:30,TQQQ,113.1419,113.16,113.08,113.08,1584
2025-11-05 18:31,TQQQ,113.15,113.15,113.13,113.13,1439
2025-11-05 18:32,TQQQ,113.15,113.15,113.15,113.15,487
2025-11-05 18:33,TQQQ,113.18,113.2,113.16,113.2,2101
2025-11-05 18:34,TQQQ,113.18,113.18,113.1119,113.1119,1377
2025-11-05 18:35,TQQQ,113.089,113.089,113.089,113.089,100
2025-11-05 18:36,TQQQ,113.051,113.13,113.05,113.13,9600
2025-11-05 18:37,TQQQ,113.09,113.09,113.08,113.08,800
2025-11-05 18:38,TQQQ,113.0682,113.0682,113.0682,113.0682,100
2025-11-05 18:39,TQQQ,113.08,113.21,113.08,113.21,1807
2025-11-05 18:40,TQQQ,113.2,113.25,113.2,113.25,19109
2025-11-05 18:41,TQQQ,113.28,113.29,113.28,113.29,6598
2025-11-05 18:42,TQQQ,113.32,113.4,113.32,113.4,11889
2025-11-05 18:43,TQQQ,113.429,113.45,113.38,113.45,3000
2025-11-05 18:44,TQQQ,113.49,113.61,113.4899,113.6,18207
2025-11-05 18:45,TQQQ,113.59,113.6,113.54,113.57,4661
2025-11-05 18:46,TQQQ,113.5,113.5,113.48,113.48,6320
2025-11-05 18:47,TQQQ,113.46,113.479,113.43,113.479,624
2025-11-05 18:48,TQQQ,113.47,113.47,113.45,113.45,200
2025-11-05 18:49,TQQQ,113.45,113.45,113.45,113.45,250
2025-11-05 18:50,TQQQ,113.32,113.32,113.32,113.32,200
2025-11-05 18:51,TQQQ,113.36,113.36,113.3,113.3196,2733
2025-11-05 18:52,TQQQ,113.31,113.35,113.31,113.35,1046
2025-11-05 18:53,TQQQ,113.43,113.52,113.43,113.52,683
2025-11-05 18:54,TQQQ,113.56,113.56,113.53,113.53,3023
2025-11-05 18:55,TQQQ,113.53,113.5483,113.5,113.5,7216
2025-11-05 18:56,TQQQ,113.519,113.53,113.49,113.53,1501
2025-11-05 18:57,TQQQ,113.57,113.57,113.57,113.57,593
2025-11-05 18:58,TQQQ,113.65,113.65,113.6401,113.65,1278
2025-11-05 18:59,TQQQ,113.6598,113.66,113.6392,113.65,3205
2025-11-05 19:00,TQQQ,113.6496,113.6496,113.55,113.58,2218
2025-11-05 19:01,TQQQ,113.55,113.55,113.49,113.5,4390
2025-11-05 19:02,TQQQ,113.5,113.5,113.44,113.45,2285
2025-11-05 19:03,TQQQ,113.35,113.35,113.3,113.3296,800
2025-11-05 19:04,TQQQ,113.45,113.46,113.43,113.43,968
2025-11-05 19:05,TQQQ,113.4693,113.4693,113.3889,113.39,1014
2025-11-05 19:06,TQQQ,113.4,113.4072,113.3802,113.4072,622
2025-11-05 19:07,TQQQ,113.38,113.38,113.3494,113.3494,465
2025-11-05 19:08,TQQQ,113.3,113.3,113.2,113.23,15228
2025-11-05 19:09,TQQQ,113.23,113.23,113.22,113.22,18400
2025-11-05 19:10,TQQQ,113.27,113.27,113.23,113.25,1042
2025-11-05 19:11,TQQQ,113.27,113.27,113.14,113.16,2950
2025-11-05 19:12,TQQQ,113.15,113.15,113.1293,113.1293,7350
2025-11-05 19:13,TQQQ,113.1,113.1,112.9,112.9002,12856
2025-11-05 19:14,TQQQ,112.9,112.97,112.86,112.95,7432
2025-11-05 19:15,TQQQ,113.01,113.05,112.99,113.0,3025
2025-11-05 19:16,TQQQ,113.03,113.03,112.9603,113.0,7476
2025-11-05 19:17,TQQQ,112.99,112.99,112.88,112.88,3931
2025-11-05 19:18,TQQQ,112.87,112.95,112.85,112.95,2050
2025-11-05 19:19,TQQQ,112.96,112.9998,112.92,112.97,3835
2025-11-05 19:20,TQQQ,112.99,113.0,112.93,112.93,2081
2025-11-05 19:21,TQQQ,112.93,112.93,112.81,112.81,3951
2025-11-05 19:22,TQQQ,112.87,112.9,112.87,112.8997,2950
2025-11-05 19:23,TQQQ,112.93,112.93,112.72,112.75,4462
2025-11-05 19:24,TQQQ,112.72,112.72,112.48,112.49,12327
2025-11-05 19:25,TQQQ,112.45,112.49,112.29,112.29,11784
2025-11-05 19:26,TQQQ,112.3,112.32,112.1,112.17,16075
2025-11-05 19:27,TQQQ,112.1297,112.22,112.0999,112.1895,4603
2025-11-05 19:28,TQQQ,112.191,112.31,112.191,112.31,7470
2025-11-05 19:29,TQQQ,112.311,112.39,112.29,112.34,23806
2025-11-05 19:30,TQQQ,112.36,112.48,112.36,112.45,23361
2025-11-05 19:31,TQQQ,112.47,112.55,112.4,112.42,17916
2025-11-05 19:32,TQQQ,112.42,112.4693,112.42,112.44,1101
2025-11-05 19:33,TQQQ,112.5,112.53,112.49,112.5,2526
2025-11-05 19:34,TQQQ,112.4807,112.5,112.38,112.39,8979
2025-11-05 19:35,TQQQ,112.48,112.5407,112.46,112.54,2701
2025-11-05 19:36,TQQQ,112.5404,112.68,112.5404,112.6401,5381
2025-11-05 19:37,TQQQ,112.66,112.73,112.62,112.73,4922
2025-11-05 19:38,TQQQ,112.76,112.8,112.75,112.75,7816
2025-11-05 19:39,TQQQ,112.76,112.8499,112.75,112.84,9850
2025-11-05 19:40,TQQQ,112.8306,112.85,112.79,112.79,4038
2025-11-05 19:41,TQQQ,112.77,112.8099,112.77,112.8099,950
2025-11-05 19:42,TQQQ,112.79,112.79,112.6938,112.6938,3977
2025-11-05 19:43,TQQQ,112.65,112.69,112.64,112.69,1917
2025-11-05 19:44,TQQQ,112.73,112.73,112.7,112.7,600
2025-11-05 19:45,TQQQ,112.67,112.67,112.65,112.66,1971
2025-11-05 19:46,TQQQ,112.6896,112.6896,112.6,112.6,1595
2025-11-05 19:47,TQQQ,112.6,112.62,112.55,112.5668,2790
2025-11-05 19:48,TQQQ,112.58,112.58,112.58,112.58,200
2025-11-05 19:49,TQQQ,112.61,112.61,112.56,112.57,2662
2025-11-05 19:50,TQQQ,112.63,112.63,112.58,112.59,1148
2025-11-05 19:51,TQQQ,112.65,112.66,112.62,112.64,2450
2025-11-05 19:52,TQQQ,112.6,112.6,112.49,112.49,3631
2025-11-05 19:53,TQQQ,112.49,112.56,112.48,112.56,2875
2025-11-05 19:54,TQQQ,112.57,112.57,112.52,112.57,805
2025-11-05 19:55,TQQQ,112.64,112.69,112.6301,112.67,4087
2025-11-05 19:56,TQQQ,112.64,112.68,112.6198,112.68,900
2025-11-05 19:57,TQQQ,112.6801,112.7,112.67,112.6799,10537
2025-11-05 19:58,TQQQ,112.68,112.8,112.68,112.79,19357
2025-11-05 19:59,TQQQ,112.7795,112.82,112.69,112.69,3204
2025-11-06 07:00,TQQQ,113.37,113.59,113.36,113.42,32952
2025-11-06 07:01,TQQQ,113.46,113.65,113.429,113.65,6742
2025-11-06 07:02,TQQQ,113.66,113.68,113.54,113.54,7780
2025-11-06 07:03,TQQQ,113.48,113.49,113.47,113.48,13730
2025-11-06 07:04,TQQQ,113.55,113.55,113.48,113.5,4824
2025-11-06 07:05,TQQQ,113.6,113.63,113.6,113.63,2428
2025-11-06 07:06,TQQQ,113.7,113.81,113.69,113.81,8617
2025-11-06 07:07,TQQQ,113.81,113.81,113.75,113.75,5243
2025-11-06 07:08,TQQQ,113.819,113.88,113.8,113.85,4746
2025-11-06 07:09,TQQQ,113.84,113.85,113.75,113.77,5301
2025-11-06 07:10,TQQQ,113.78,113.86,113.78,113.85,5754
2025-11-06 07:11,TQQQ,113.89,113.9,113.879,113.88,2490
2025-11-06 07:12,TQQQ,113.88,113.89,113.82,113.86,4615
2025-11-06 07:13,TQQQ,113.83,113.85,113.819,113.829,2627
2025-11-06 07:14,TQQQ,113.819,113.819,113.71,113.739,4526
2025-11-06 07:15,TQQQ,113.76,113.77,113.64,113.65,10020
2025-11-06 07:16,TQQQ,113.64,113.67,113.64,113.66,644
2025-11-06 07:17,TQQQ,113.68,113.7,113.68,113.7,3102
2025-11-06 07:18,TQQQ,113.71,113.78,113.71,113.74,2712
2025-11-06 07:19,TQQQ,113.71,113.71,113.71,113.71,2000
2025-11-06 07:20,TQQQ,113.7,113.71,113.65,113.65,6128
2025-11-06 07:21,TQQQ,113.66,113.67,113.61,113.62,5528
2025-11-06 07:22,TQQQ,113.67,113.75,113.67,113.75,660
2025-11-06 07:23,TQQQ,113.8,113.891,113.79,113.81,10816
2025-11-06 07:24,TQQQ,113.8,113.8,113.7,113.7,1790
2025-11-06 07:25,TQQQ,113.66,113.66,113.63,113.65,9526
2025-11-06 07:26,TQQQ,113.68,113.68,113.55,113.55,2325
2025-11-06 07:27,TQQQ,113.56,113.6,113.56,113.6,3176
2025-11-06 07:28,TQQQ,113.63,113.63,113.59,113.6,2209
2025-11-06 07:29,TQQQ,113.61,113.69,113.61,113.69,7522
2025-11-06 07:30,TQQQ,113.7,113.75,113.68,113.75,6564
2025-11-06 07:31,TQQQ,113.74,113.74,113.7,113.7,2288
2025-11-06 07:32,TQQQ,113.759,113.85,113.759,113.85,1649
2025-11-06 07:33,TQQQ,113.82,113.83,113.81,113.83,1585
2025-11-06 07:34,TQQQ,113.85,113.86,113.82,113.85,1060
2025-11-06 07:35,TQQQ,113.85,113.9,113.85,113.88,4324
2025-11-06 07:36,TQQQ,113.87,113.87,113.8,113.8,4650
2025-11-06 07:37,TQQQ,113.81,113.83,113.8,113.83,4962
2025-11-06 07:38,TQQQ,113.83,113.83,113.8,113.8,899
2025-11-06 07:39,TQQQ,113.8,113.85,113.8,113.82,4899
2025-11-06 07:40,TQQQ,113.85,113.85,113.85,113.85,3565
2025-11-06 07:41,TQQQ,113.89,113.9,113.81,113.81,6389
2025-11-06 07:42,TQQQ,113.82,113.82,113.79,113.79,400
2025-11-06 07:43,TQQQ,113.78,113.8,113.75,113.75,2202
2025-11-06 07:44,TQQQ,113.78,113.83,113.78,113.83,2848
2025-11-06 07:45,TQQQ,113.88,113.92,113.88,113.91,8808
2025-11-06 07:46,TQQQ,113.93,113.93,113.88,113.88,1691
2025-11-06 07:47,TQQQ,113.88,113.89,113.85,113.85,2240
2025-11-06 07:48,TQQQ,113.86,113.86,113.8,113.8,2275
2025-11-06 07:49,TQQQ,113.79,113.82,113.79,113.8,935
2025-11-06 07:50,TQQQ,113.79,113.83,113.79,113.83,3618
2025-11-06 07:51,TQQQ,113.82,113.85,113.8,113.84,2214
2025-11-06 07:52,TQQQ,113.87,113.87,113.85,113.85,1018
2025-11-06 07:53,TQQQ,113.85,113.85,113.83,113.85,1498
2025-11-06 07:54,TQQQ,113.87,113.88,113.84,113.841,1300
2025-11-06 07:55,TQQQ,113.81,113.81,113.77,113.78,2565
2025-11-06 07:56,TQQQ,113.789,113.789,113.76,113.76,436
2025-11-06 07:57,TQQQ,113.78,113.79,113.77,113.79,1239
2025-11-06 07:58,TQQQ,113.82,113.82,113.82,113.82,784
2025-11-06 07:59,TQQQ,113.81,113.83,113.79,113.79,1125
2025-11-06 08:00,TQQQ,113.63,113.94,112.38,113.81,289928
2025-11-06 08:01,TQQQ,112.36,113.84,111.83,112.6,105202
2025-11-06 08:02,TQQQ,112.7,113.8,111.82,113.79,130007
2025-11-06 08:03,TQQQ,113.77,113.7701,113.74,113.74,7294
2025-11-06 08:04,TQQQ,113.72,113.87,113.71,113.85,11015
2025-11-06 08:05,TQQQ,113.83,113.849,113.8,113.8399,2258
2025-11-06 08:06,TQQQ,113.82,113.891,113.75,113.86,25266
2025-11-06 08:07,TQQQ,113.85,113.86,113.83,113.83,17877
2025-11-06 08:08,TQQQ,113.85,113.85,113.83,113.83,575
2025-11-06 08:09,TQQQ,113.87,113.87,113.87,113.87,300
2025-11-06 08:10,TQQQ,113.9,113.91,113.85,113.85,2040
2025-11-06 08:11,TQQQ,113.84,113.85,113.8228,113.8228,3520
2025-11-06 08:12,TQQQ,113.83,113.87,113.8,113.8,4771
2025-11-06 08:13,TQQQ,113.85,113.95,113.85,113.95,14133
2025-11-06 08:14,TQQQ,113.931,113.96,113.931,113.96,4733
2025-11-06 08:15,TQQQ,113.95,113.96,113.93,113.95,5774
2025-11-06 08:16,TQQQ,113.97,114.01,113.96,113.97,12197
2025-11-06 08:17,TQQQ,113.98,113.98,113.88,113.88,3836
2025-11-06 08:18,TQQQ,113.85,113.9,113.84,113.84,5921
2025-11-06 08:19,TQQQ,113.84,113.9108,113.84,113.91,5355
2025-11-06 08:20,TQQQ,113.95,114.03,113.95,114.02,7225
2025-11-06 08:21,TQQQ,114.029,114.05,114.0,114.01,4665
2025-11-06 08:22,TQQQ,114.05,114.15,114.05,114.14,12043
2025-11-06 08:23,TQQQ,114.1497,114.17,114.139,114.139,27133
2025-11-06 08:24,TQQQ,114.15,114.219,114.14,114.18,30354
2025-11-06 08:25,TQQQ,114.17,114.17,114.12,114.17,4596
2025-11-06 08:26,TQQQ,114.15,114.19,114.15,114.19,14470
2025-11-06 08:27,TQQQ,114.18,114.18,114.13,114.16,20283
2025-11-06 08:28,TQQQ,114.17,114.19,114.1698,114.19,3386
2025-11-06 08:29,TQQQ,114.19,114.23,114.19,114.22,2661
2025-11-06 08:30,TQQQ,114.22,114.28,114.22,114.2395,5438
2025-11-06 08:31,TQQQ,114.25,114.25,114.21,114.21,5363
2025-11-06 08:32,TQQQ,114.23,114.25,114.23,114.2301,1933
2025-11-06 08:33,TQQQ,114.22,114.22,114.18,114.18,39748
2025-11-06 08:34,TQQQ,114.19,114.2799,114.19,114.27,3797
2025-11-06 08:35,TQQQ,114.28,114.33,114.28,114.29,7561
2025-11-06 08:36,TQQQ,114.31,114.34,114.3,114.31,4107
2025-11-06 08:37,TQQQ,114.29,114.29,114.14,114.14,5769
2025-11-06 08:38,TQQQ,114.16,114.16,114.1187,114.1301,4502
2025-11-06 08:39,TQQQ,114.12,114.15,114.09,114.1397,4696
2025-11-06 08:40,TQQQ,114.14,114.16,114.11,114.13,2928
2025-11-06 08:41,TQQQ,114.15,114.169,114.099,114.1,4826
2025-11-06 08:42,TQQQ,114.1,114.14,114.09,114.14,7927
2025-11-06 08:43,TQQQ,114.15,114.15,114.08,114.11,1250
2025-11-06 08:44,TQQQ,114.14,114.14,114.0697,114.0699,4256
2025-11-06 08:45,TQQQ,114.09,114.13,114.09,114.12,1497
2025-11-06 08:46,TQQQ,114.12,114.12,114.049,114.049,9289
2025-11-06 08:47,TQQQ,114.04,114.04,114.01,114.01,19035
2025-11-06 08:48,TQQQ,114.01,114.02,113.95,114.01,20501
2025-11-06 08:49,TQQQ,114.001,114.001,113.97,113.97,22980
2025-11-06 08:50,TQQQ,113.96,113.99,113.94,113.949,10240
2025-11-06 08:51,TQQQ,113.95,114.05,113.95,114.03,9022
2025-11-06 08:52,TQQQ,114.021,114.03,113.99,114.0103,5329
2025-11-06 08:53,TQQQ,114.01,114.01,113.97,113.97,1630
2025-11-06 08:54,TQQQ,113.9702,113.98,113.8,113.8199,9952
2025-11-06 08:55,TQQQ,113.82,113.86,113.78,113.78,11646
2025-11-06 08:56,TQQQ,113.79,113.8001,113.68,113.71,22215
2025-11-06 08:57,TQQQ,113.711,113.7198,113.6597,113.7099,11663
2025-11-06 08:58,TQQQ,113.7109,113.7109,113.5595,113.6,30134
2025-11-06 08:59,TQQQ,113.61,113.64,113.56,113.6,22540
2025-11-06 09:00,TQQQ,113.63,113.64,113.5797,113.5797,13945
2025-11-06 09:01,TQQQ,113.6,113.69,113.59,113.65,16387
2025-11-06 09:02,TQQQ,113.7,113.72,113.62,113.6598,8166
2025-11-06 09:03,TQQQ,113.66,113.6701,113.53,113.53,62316
2025-11-06 09:04,TQQQ,113.5201,113.54,113.3299,113.33,19362
2025-11-06 09:05,TQQQ,113.33,113.35,113.09,113.1299,23207
2025-11-06 09:06,TQQQ,113.13,113.21,113.12,113.15,11907
2025-11-06 09:07,TQQQ,113.15,113.15,112.98,112.98,27725
2025-11-06 09:08,TQQQ,112.99,113.03,112.74,112.78,27965
2025-11-06 09:09,TQQQ,112.75,112.83,112.66,112.7,19662
2025-11-06 09:10,TQQQ,112.709,112.86,112.67,112.86,16238
2025-11-06 09:11,TQQQ,112.8198,112.89,112.74,112.88,22498
2025-11-06 09:12,TQQQ,112.88,113.05,112.88,112.99,23377
2025-11-06 09:13,TQQQ,113.0,113.0101,112.91,113.0,15872
2025-11-06 09:14,TQQQ,112.9999,113.06,112.98,113.03,26686
2025-11-06 09:15,TQQQ,113.05,113.05,112.93,112.93,14185
2025-11-06 09:16,TQQQ,112.93,112.93,112.87,112.91,16922
2025-11-06 09:17,TQQQ,112.92,112.92,112.87,112.87,26552
2025-11-06 09:18,TQQQ,112.87,112.88,112.7998,112.8,10663
2025-11-06 09:19,TQQQ,112.84,112.99,112.83,112.96,21336
2025-11-06 09:20,TQQQ,112.97,112.99,112.9,112.9,11542
2025-11-06 09:21,TQQQ,112.93,112.9413,112.82,112.82,10057
2025-11-06 09:22,TQQQ,112.8,112.84,112.78,112.84,24964
2025-11-06 09:23,TQQQ,112.8213,112.8213,112.77,112.81,13935
2025-11-06 09:24,TQQQ,112.8,112.8,112.52,112.58,41091
2025-11-06 09:25,TQQQ,112.6,112.65,112.5387,112.55,32425
2025-11-06 09:26,TQQQ,112.56,112.73,112.56,112.69,6403
2025-11-06 09:27,TQQQ,112.68,112.72,112.65,112.72,23190
2025-11-06 09:28,TQQQ,112.71,112.71,112.42,112.45,25869
2025-11-06 09:29,TQQQ,112.43,112.45,112.29,112.37,44307
2025-11-06 09:30,TQQQ,112.37,112.5,111.984,112.0899,760388
2025-11-06 09:31,TQQQ,112.08,112.19,111.865,111.88,381044
2025-11-06 09:32,TQQQ,111.88,112.31,111.835,112.2799,545320
2025-11-06 09:33,TQQQ,112.26,112.3,111.83,111.85,346754
2025-11-06 09:34,TQQQ,111.84,112.23,111.81,112.0128,195470
2025-11-06 09:35,TQQQ,112.03,112.03,111.67,111.6842,321413
2025-11-06 09:36,TQQQ,111.68,112.01,111.68,111.86,236886
2025-11-06 09:37,TQQQ,111.82,112.01,111.81,111.9101,189269
2025-11-06 09:38,TQQQ,111.905,112.29,111.905,112.21,309584
2025-11-06 09:39,TQQQ,112.2231,112.26,112.0,112.0001,203417
2025-11-06 09:40,TQQQ,112.0,112.0399,111.73,111.73,243522
2025-11-06 09:41,TQQQ,111.65,111.65,111.24,111.39,455069
2025-11-06 09:42,TQQQ,111.33,111.5998,111.31,111.4399,430442
2025-11-06 09:43,TQQQ,111.46,111.5599,111.35,111.4955,219953
2025-11-06 09:44,TQQQ,111.475,111.6,111.365,111.51,141444
2025-11-06 09:45,TQQQ,111.4615,111.995,111.46,111.9607,389840
2025-11-06 09:46,TQQQ,111.9546,111.9999,111.7799,111.945,256358
2025-11-06 09:47,TQQQ,111.93,112.1995,111.91,112.099,352261
2025-11-06 09:48,TQQQ,112.14,112.3644,112.11,112.31,242201
2025-11-06 09:49,TQQQ,112.33,112.33,111.8,111.8,349337
2025-11-06 09:50,TQQQ,111.7991,112.06,111.3499,111.3928,654008
2025-11-06 09:51,TQQQ,111.4017,111.4799,110.97,110.9798,520402
2025-11-06 09:52,TQQQ,110.98,111.16,110.815,111.02,342976
2025-11-06 09:53,TQQQ,110.98,111.1987,110.98,111.0906,216342
2025-11-06 09:54,TQQQ,111.055,111.0701,110.83,110.83,205119
2025-11-06 09:55,TQQQ,110.815,110.94,110.7099,110.87,428471
2025-11-06 09:56,TQQQ,110.915,110.915,110.635,110.8265,295908
2025-11-06 09:57,TQQQ,110.81,110.81,110.48,110.485,367890
2025-11-06 09:58,TQQQ,110.51,110.6799,110.435,110.52,232268
2025-11-06 09:59,TQQQ,110.4999,110.4999,110.215,110.235,288221
2025-11-06 10:00,TQQQ,110.1515,110.1515,109.7255,109.89,710419
2025-11-06 10:01,TQQQ,109.8856,109.9899,109.64,109.66,336248
2025-11-06 10:02,TQQQ,109.635,109.7,109.21,109.275,685890
2025-11-06 10:03,TQQQ,109.31,109.51,109.2,109.3988,454644
2025-11-06 10:04,TQQQ,109.38,109.38,108.94,108.965,612622
2025-11-06 10:05,TQQQ,108.9799,109.58,108.9799,109.45,548055
2025-11-06 10:06,TQQQ,109.439,109.73,109.4356,109.73,440832
2025-11-06 10:07,TQQQ,109.7199,109.7199,109.3161,109.395,276925
2025-11-06 10:08,TQQQ,109.4,109.475,109.14,109.28,210305
2025-11-06 10:09,TQQQ,109.29,109.48,109.16,109.2907,211786
2025-11-06 10:10,TQQQ,109.3056,109.845,109.3056,109.8401,467870
2025-11-06 10:11,TQQQ,109.87,109.9497,109.74,109.74,405920
2025-11-06 10:12,TQQQ,109.81,109.81,109.28,109.28,293764
2025-11-06 10:13,TQQQ,109.2656,109.435,109.2601,109.28,232607
2025-11-06 10:14,TQQQ,109.3,109.32,109.0401,109.07,216624
2025-11-06 10:15,TQQQ,109.09,109.23,108.86,109.19,496114
2025-11-06 10:16,TQQQ,109.2,109.645,109.19,109.545,316656
2025-11-06 10:17,TQQQ,109.55,109.875,109.55,109.76,321694
2025-11-06 10:18,TQQQ,109.7791,110.1201,109.7791,110.04,436835
2025-11-06 10:19,TQQQ,110.09,110.09,109.76,109.92,264489
2025-11-06 10:20,TQQQ,109.95,110.31,109.95,110.22,427773
2025-11-06 10:21,TQQQ,110.265,110.3486,110.175,110.26,212143
2025-11-06 10:22,TQQQ,110.2501,110.55,110.185,110.4901,311002
2025-11-06 10:23,TQQQ,110.52,110.585,110.3552,110.5434,229929
2025-11-06 10:24,TQQQ,110.53,110.6593,110.43,110.49,194699
2025-11-06 10:25,TQQQ,110.485,110.645,110.411,110.63,153287
2025-11-06 10:26,TQQQ,110.625,110.65,110.22,110.28,298357
2025-11-06 10:27,TQQQ,110.275,110.345,110.14,110.21,186838
2025-11-06 10:28,TQQQ,110.1701,110.45,110.14,110.3698,199556
2025-11-06 10:29,TQQQ,110.37,110.44,110.13,110.15,149042
2025-11-06 10:30,TQQQ,110.2002,110.245,109.94,110.04,252923
2025-11-06 10:31,TQQQ,110.055,110.23,109.9744,110.0545,118100
2025-11-06 10:32,TQQQ,110.05,110.11,109.63,109.63,209515
2025-11-06 10:33,TQQQ,109.61,109.62,109.25,109.2987,276163
2025-11-06 10:34,TQQQ,109.34,109.42,109.26,109.385,101319
2025-11-06 10:35,TQQQ,109.36,109.37,109.12,109.215,141923
2025-11-06 10:36,TQQQ,109.23,109.27,108.5365,108.56,418631
2025-11-06 10:37,TQQQ,108.55,108.58,108.08,108.11,634887
2025-11-06 10:38,TQQQ,108.15,108.5015,108.1106,108.375,484483
2025-11-06 10:39,TQQQ,108.28,108.32,108.2,108.25,153869
2025-11-06 10:40,TQQQ,108.27,108.32,107.9701,108.065,561976
2025-11-06 10:41,TQQQ,108.07,108.27,107.98,108.0799,294278
2025-11-06 10:42,TQQQ,108.1,108.205,107.971,108.145,199473
2025-11-06 10:43,TQQQ,108.1009,108.3699,108.065,108.15,299287
2025-11-06 10:44,TQQQ,108.13,108.2201,107.7101,107.7799,385871
2025-11-06 10:45,TQQQ,107.79,108.2599,107.79,108.2599,222071
2025-11-06 10:46,TQQQ,108.255,108.255,107.88,108.035,240908
2025-11-06 10:47,TQQQ,108.0191,108.11,107.8201,107.85,241638
2025-11-06 10:48,TQQQ,107.84,107.99,107.6199,107.712,316261
2025-11-06 10:49,TQQQ,107.73,107.94,107.64,107.9207,183365
2025-11-06 10:50,TQQQ,107.9601,108.22,107.78,107.83,332180
2025-11-06 10:51,TQQQ,107.8135,108.2444,107.8135,108.0801,354021
2025-11-06 10:52,TQQQ,108.08,108.1091,107.77,107.8511,233422
2025-11-06 10:53,TQQQ,107.83,107.92,107.4913,107.5099,375854
2025-11-06 10:54,TQQQ,107.56,108.0,107.5404,107.96,180924
2025-11-06 10:55,TQQQ,107.9456,108.185,107.89,108.11,288166
2025-11-06 10:56,TQQQ,108.03,108.0409,107.48,107.6099,243790
2025-11-06 10:57,TQQQ,107.66,107.77,107.57,107.5899,140540
2025-11-06 10:58,TQQQ,107.58,107.6,107.4715,107.49,139121
2025-11-06 10:59,TQQQ,107.51,107.6,107.3209,107.5,185154
2025-11-06 11:00,TQQQ,107.46,107.76,107.46,107.76,187730
2025-11-06 11:01,TQQQ,107.74,108.03,107.68,107.68,299178
2025-11-06 11:02,TQQQ,107.71,107.97,107.6901,107.8599,184488
2025-11-06 11:03,TQQQ,107.82,107.965,107.75,107.8801,128958
2025-11-06 11:04,TQQQ,107.87,108.13,107.85,108.1,234719
2025-11-06 11:05,TQQQ,108.12,108.335,108.1007,108.23,264635
2025-11-06 11:06,TQQQ,108.21,108.3699,108.07,108.07,519235
2025-11-06 11:07,TQQQ,108.085,108.21,107.71,107.7999,215967
2025-11-06 11:08,TQQQ,107.7945,108.18,107.7945,108.14,163156
2025-11-06 11:09,TQQQ,108.1301,108.15,107.7345,107.87,166023
2025-11-06 11:10,TQQQ,107.8399,107.91,107.5701,107.58,143314
2025-11-06 11:11,TQQQ,107.63,107.92,107.63,107.92,148840
2025-11-06 11:12,TQQQ,107.93,107.9899,107.6545,107.715,126832
2025-11-06 11:13,TQQQ,107.6945,107.98,107.6945,107.8896,88999
2025-11-06 11:14,TQQQ,107.89,108.0699,107.89,107.99,153107
2025-11-06 11:15,TQQQ,107.97,108.22,107.97,108.025,178966
2025-11-06 11:16,TQQQ,108.01,108.245,107.79,107.81,224396
2025-11-06 11:17,TQQQ,107.83,107.95,107.7,107.82,128401
2025-11-06 11:18,TQQQ,107.84,107.84,107.45,107.46,255591
2025-11-06 11:19,TQQQ,107.47,107.69,107.46,107.6488,163221
2025-11-06 11:20,TQQQ,107.64,107.91,107.52,107.91,135707
2025-11-06 11:21,TQQQ,107.93,108.0,107.6901,107.9,160624
2025-11-06 11:22,TQQQ,107.915,107.94,107.3,107.35,229399
2025-11-06 11:23,TQQQ,107.34,107.4983,107.3,107.41,130961
2025-11-06 11:24,TQQQ,107.401,107.445,107.31,107.415,104218
2025-11-06 11:25,TQQQ,107.4101,107.445,107.1556,107.305,268730
2025-11-06 11:26,TQQQ,107.25,107.5501,107.175,107.51,193253
2025-11-06 11:27,TQQQ,107.54,107.54,107.3099,107.33,110761
2025-11-06 11:28,TQQQ,107.36,107.56,107.3,107.543,74815
2025-11-06 11:29,TQQQ,107.54,107.96,107.5201,107.8801,324254
2025-11-06 11:30,TQQQ,107.84,107.84,107.55,107.645,167405
2025-11-06 11:31,TQQQ,107.6185,107.8,107.6,107.6355,95121
2025-11-06 11:32,TQQQ,107.6298,107.73,107.49,107.63,111555
2025-11-06 11:33,TQQQ,107.6191,107.79,107.53,107.62,80027
2025-11-06 11:34,TQQQ,107.67,107.67,107.4323,107.4799,84755
2025-11-06 11:35,TQQQ,107.47,107.47,106.7225,106.81,654496
2025-11-06 11:36,TQQQ,106.8199,107.1399,106.7699,107.0707,213052
2025-11-06 11:37,TQQQ,107.09,107.215,106.88,106.88,172003
2025-11-06 11:38,TQQQ,106.91,107.19,106.91,107.035,107778
2025-11-06 11:39,TQQQ,107.03,107.06,106.8,106.8462,158079
2025-11-06 11:40,TQQQ,106.85,106.9404,106.71,106.8708,147450
2025-11-06 11:41,TQQQ,106.94,107.0,106.7445,106.79,107518
2025-11-06 11:42,TQQQ,106.83,106.9,106.75,106.83,99628
2025-11-06 11:43,TQQQ,106.8,106.8293,106.465,106.71,391111
2025-11-06 11:44,TQQQ,106.725,106.9399,106.71,106.9299,185378
2025-11-06 11:45,TQQQ,106.9,106.9,106.61,106.64,104989
2025-11-06 11:46,TQQQ,106.68,106.81,106.64,106.72,126393
2025-11-06 11:47,TQQQ,106.74,106.74,106.54,106.61,203217
2025-11-06 11:48,TQQQ,106.685,106.7399,106.5799,106.58,85120
2025-11-06 11:49,TQQQ,106.5889,106.63,106.5,106.57,112594
2025-11-06 11:50,TQQQ,106.555,106.7899,106.48,106.66,161236
2025-11-06 11:51,TQQQ,106.7,106.895,106.7,106.82,195830
2025-11-06 11:52,TQQQ,106.83,107.17,106.83,107.17,243679
2025-11-06 11:53,TQQQ,107.15,107.24,106.8301,106.87,235930
2025-11-06 11:54,TQQQ,106.88,107.13,106.86,107.0899,125853
2025-11-06 11:55,TQQQ,107.065,107.065,106.5199,106.575,188437
2025-11-06 11:56,TQQQ,106.57,106.7,106.17,106.22,412020
2025-11-06 11:57,TQQQ,106.2399,106.5356,106.2399,106.5356,368301
2025-11-06 11:58,TQQQ,106.505,106.62,106.4499,106.51,128198
2025-11-06 11:59,TQQQ,106.48,106.53,106.28,106.41,160990
2025-11-06 12:00,TQQQ,106.5,106.96,106.5,106.9298,420578
2025-11-06 12:01,TQQQ,106.925,107.0883,106.8756,106.8756,202336
2025-11-06 12:02,TQQQ,106.89,107.055,106.78,107.05,179410
2025-11-06 12:03,TQQQ,107.06,107.06,106.71,106.785,110605
2025-11-06 12:04,TQQQ,106.763,107.05,106.763,107.03,95585
2025-11-06 12:05,TQQQ,107.0,107.13,106.92,107.09,142753
2025-11-06 12:06,TQQQ,107.07,107.17,106.95,107.15,159830
2025-11-06 12:07,TQQQ,107.16,107.17,106.6301,106.65,207632
2025-11-06 12:08,TQQQ,106.69,106.8579,106.57,106.6504,119329
2025-11-06 12:09,TQQQ,106.7299,107.16,106.7299,107.15,130156
2025-11-06 12:10,TQQQ,107.155,107.425,107.127,107.415,213142
2025-11-06 12:11,TQQQ,107.4199,107.565,107.34,107.4301,233273
2025-11-06 12:12,TQQQ,107.415,107.46,107.19,107.31,139571
2025-11-06 12:13,TQQQ,107.28,107.34,107.05,107.1019,267237
2025-11-06 12:14,TQQQ,107.11,107.14,106.88,106.8993,173593
2025-11-06 12:15,TQQQ,106.9,106.9,106.72,106.7401,148000
2025-11-06 12:16,TQQQ,106.76,106.87,106.6201,106.64,132556
2025-11-06 12:17,TQQQ,106.6399,106.89,106.6399,106.8301,56209
2025-11-06 12:18,TQQQ,106.86,107.1399,106.82,106.96,142221
2025-11-06 12:19,TQQQ,106.9099,106.98,106.815,106.9401,72816
2025-11-06 12:20,TQQQ,106.9398,106.9398,106.72,106.79,85374
2025-11-06 12:21,TQQQ,106.81,106.81,106.38,106.4101,199289
2025-11-06 12:22,TQQQ,106.4145,106.525,106.4,106.4801,120654
2025-11-06 12:23,TQQQ,106.525,106.6718,106.35,106.35,155737
2025-11-06 12:24,TQQQ,106.349,106.53,106.348595,106.405,124301
2025-11-06 12:25,TQQQ,106.39,106.42,106.27,106.39,177621
2025-11-06 12:26,TQQQ,106.4,106.51,106.135,106.3229,218496
2025-11-06 12:27,TQQQ,106.3299,106.54,106.3,106.52,112576
2025-11-06 12:28,TQQQ,106.51,106.625,106.51,106.59,96470
2025-11-06 12:29,TQQQ,106.566,106.75,106.56,106.73,95494
2025-11-06 12:30,TQQQ,106.71,106.71,106.5545,106.67,133911
2025-11-06 12:31,TQQQ,106.68,106.78,106.55,106.6802,112296
2025-11-06 12:32,TQQQ,106.6801,107.04,106.6801,107.028,236344
2025-11-06 12:33,TQQQ,107.0299,107.19,106.95,107.051,142781
2025-11-06 12:34,TQQQ,107.05,107.07,106.725,106.79,92948
2025-11-06 12:35,TQQQ,106.775,107.11,106.775,107.067,104923
2025-11-06 12:36,TQQQ,107.06,107.13,106.93,107.0686,93784
2025-11-06 12:37,TQQQ,107.0787,107.2099,106.9609,106.9609,115006
2025-11-06 12:38,TQQQ,106.97,107.239,106.955,107.23,102611
2025-11-06 12:39,TQQQ,107.215,107.23,106.79,106.81,116914
2025-11-06 12:40,TQQQ,106.7899,107.0,106.77,107.0,88871
2025-11-06 12:41,TQQQ,107.005,107.13,106.91,106.9104,87940
2025-11-06 12:42,TQQQ,106.99,107.269,106.955,107.235,88504
2025-11-06 12:43,TQQQ,107.25,107.44,107.2397,107.44,152431
2025-11-06 12:44,TQQQ,107.42,107.42,107.26,107.3362,154738
2025-11-06 12:45,TQQQ,107.33,107.6099,107.3299,107.6099,201380
2025-11-06 12:46,TQQQ,107.6,107.73,107.5601,107.5601,203276
2025-11-06 12:47,TQQQ,107.6,107.75,107.5007,107.73,146351
2025-11-06 12:48,TQQQ,107.727,107.86,107.71,107.77,168113
2025-11-06 12:49,TQQQ,107.765,107.84,107.68,107.71,108457
2025-11-06 12:50,TQQQ,107.75,107.95,107.73,107.935,171438
2025-11-06 12:51,TQQQ,107.92,108.02,107.89,107.92,246419
2025-11-06 12:52,TQQQ,107.91,108.065,107.795,108.0063,171331
2025-11-06 12:53,TQQQ,108.01,108.05,107.795,107.85,138207
2025-11-06 12:54,TQQQ,107.835,108.145,107.835,108.0999,184859
2025-11-06 12:55,TQQQ,108.1,108.1999,107.99,108.1602,171495
2025-11-06 12:56,TQQQ,108.14,108.19,108.084,108.1698,139486
2025-11-06 12:57,TQQQ,108.1701,108.18,107.92,107.92,129047
2025-11-06 12:58,TQQQ,107.95,108.155,107.95,108.0061,93115
2025-11-06 12:59,TQQQ,108.0,108.01,107.82,107.9401,182475
2025-11-06 13:00,TQQQ,107.94,108.0124,107.89,107.95,106998
2025-11-06 13:01,TQQQ,107.96,108.0916,107.95,108.0199,96707
2025-11-06 13:02,TQQQ,108.025,108.065,107.91,107.975,78130
2025-11-06 13:03,TQQQ,107.9645,107.9645,107.61,107.6307,193744
2025-11-06 13:04,TQQQ,107.66,107.66,107.335,107.34,196041
2025-11-06 13:05,TQQQ,107.36,107.36,107.1,107.12,208905
2025-11-06 13:06,TQQQ,107.08,107.08,106.685,106.7589,248625
2025-11-06 13:07,TQQQ,106.7499,106.94,106.7499,106.81,142952
2025-11-06 13:08,TQQQ,106.8,106.94,106.7701,106.7701,75570
2025-11-06 13:09,TQQQ,106.77,106.8099,106.625,106.65,140577
2025-11-06 13:10,TQQQ,106.63,106.73,106.53,106.61,121007
2025-11-06 13:11,TQQQ,106.63,106.65,106.52,106.59,164769
2025-11-06 13:12,TQQQ,106.55,106.66,106.5,106.55,110461
2025-11-06 13:13,TQQQ,106.56,106.9144,106.56,106.79,151941
2025-11-06 13:14,TQQQ,106.82,106.82,106.68,106.81,57931
2025-11-06 13:15,TQQQ,106.77,107.01,106.77,106.88,191254
2025-11-06 13:16,TQQQ,106.85,106.965,106.81,106.8253,58277
2025-11-06 13:17,TQQQ,106.83,106.83,106.657,106.79,89028
2025-11-06 13:18,TQQQ,106.789,106.88,106.68,106.88,104685
2025-11-06 13:19,TQQQ,106.855,106.91,106.7087,106.8701,53632
2025-11-06 13:20,TQQQ,106.88,107.0866,106.82,107.0,119026
2025-11-06 13:21,TQQQ,106.9972,107.09,106.815,106.9528,76785
2025-11-06 13:22,TQQQ,106.9499,107.02,106.93,106.995,66641
2025-11-06 13:23,TQQQ,107.0,107.25,107.0,107.23,107305
2025-11-06 13:24,TQQQ,107.25,107.5,107.25,107.4995,148159
2025-11-06 13:25,TQQQ,107.4792,107.755,107.47,107.66,227680
2025-11-06 13:26,TQQQ,107.6698,107.9699,107.665,107.93,128220
2025-11-06 13:27,TQQQ,107.94,107.94,107.6287,107.6287,140300
2025-11-06 13:28,TQQQ,107.66,107.86,107.66,107.8484,111421
2025-11-06 13:29,TQQQ,107.8799,107.9597,107.725,107.7701,74733
2025-11-06 13:30,TQQQ,107.76,108.0042,107.76,107.98,129987
2025-11-06 13:31,TQQQ,107.9913,108.0801,107.9724,108.0328,127380
2025-11-06 13:32,TQQQ,108.045,108.05,107.95,108.01,84686
2025-11-06 13:33,TQQQ,108.0299,108.1,107.8346,107.85,118673
2025-11-06 13:34,TQQQ,107.84,107.96,107.8332,107.96,57425
2025-11-06 13:35,TQQQ,107.97,108.16,107.89,108.075,99030
2025-11-06 13:36,TQQQ,108.1098,108.36,108.07,108.36,147472
2025-11-06 13:37,TQQQ,108.32,108.375,108.23,108.28,134390
2025-11-06 13:38,TQQQ,108.2916,108.31,108.1299,108.17,120324
2025-11-06 13:39,TQQQ,108.1701,108.345,108.13,108.235,163383
2025-11-06 13:40,TQQQ,108.25,108.34,108.16,108.2247,71928
2025-11-06 13:41,TQQQ,108.225,108.33,108.13,108.1859,72103
2025-11-06 13:42,TQQQ,108.1545,108.33,108.15,108.315,62708
2025-11-06 13:43,TQQQ,108.3099,108.38,108.2,108.21,99346
2025-11-06 13:44,TQQQ,108.25,108.37,108.235,108.2991,87637
2025-11-06 13:45,TQQQ,108.29,108.3,108.18,108.2148,221823
2025-11-06 13:46,TQQQ,108.25,108.2574,107.821,107.86,306158
2025-11-06 13:47,TQQQ,107.88,108.1001,107.85,108.05,158580
2025-11-06 13:48,TQQQ,108.03,108.24,108.02,108.0899,130586
2025-11-06 13:49,TQQQ,108.08,108.17,108.0101,108.1599,70165
2025-11-06 13:50,TQQQ,108.17,108.22,108.09,108.17,71205
2025-11-06 13:51,TQQQ,108.1599,108.2839,108.105,108.206,55849
2025-11-06 13:52,TQQQ,108.1801,108.24,108.15,108.2366,33099
2025-11-06 13:53,TQQQ,108.22,108.25,107.96,108.04,100487
2025-11-06 13:54,TQQQ,108.0507,108.2501,108.03,108.2,114539
2025-11-06 13:55,TQQQ,108.19,108.22,107.85,107.85,132318
2025-11-06 13:56,TQQQ,107.845,107.895,107.675,107.69,131279
2025-11-06 13:57,TQQQ,107.7,107.79,107.59,107.68,138815
2025-11-06 13:58,TQQQ,107.7,107.86,107.67,107.77,114294
2025-11-06 13:59,TQQQ,107.79,107.8796,107.745,107.85,41933
2025-11-06 14:00,TQQQ,107.81,107.96,107.737,107.88,96060
2025-11-06 14:01,TQQQ,107.8661,108.06,107.83,107.9501,123709
2025-11-06 14:02,TQQQ,107.96,107.96,107.78,107.7899,111090
2025-11-06 14:03,TQQQ,107.77,108.1499,107.77,108.12,103424
2025-11-06 14:04,TQQQ,108.1,108.3399,108.015,108.32,142672
2025-11-06 14:05,TQQQ,108.3,108.67,108.2901,108.67,253953
2025-11-06 14:06,TQQQ,108.66,108.9,108.63,108.7941,265623
2025-11-06 14:07,TQQQ,108.763,108.79,108.6,108.6203,135267
2025-11-06 14:08,TQQQ,108.66,108.6658,108.4401,108.53,134302
2025-11-06 14:09,TQQQ,108.54,108.57,108.33,108.43,142057
2025-11-06 14:10,TQQQ,108.44,108.67,108.44,108.6299,124869
2025-11-06 14:11,TQQQ,108.6199,108.67,108.54,108.565,69206
2025-11-06 14:12,TQQQ,108.53,108.68,108.53,108.61,111757
2025-11-06 14:13,TQQQ,108.58,108.72,108.5535,108.7,62954
2025-11-06 14:14,TQQQ,108.6999,108.79,108.62,108.715,86837
2025-11-06 14:15,TQQQ,108.725,108.7902,108.5953,108.641,98171
2025-11-06 14:16,TQQQ,108.68,108.7,108.47,108.53,150062
2025-11-06 14:17,TQQQ,108.54,108.5999,108.2801,108.4009,130719
2025-11-06 14:18,TQQQ,108.38,108.46667,108.33,108.38,82143
2025-11-06 14:19,TQQQ,108.35,108.6,108.34,108.5399,203051
2025-11-06 14:20,TQQQ,108.54,108.585,108.45,108.46,60141
2025-11-06 14:21,TQQQ,108.44,108.5613,108.44,108.5299,34483
2025-11-06 14:22,TQQQ,108.48,108.65,108.45,108.57,62638
2025-11-06 14:23,TQQQ,108.58,108.68,108.51,108.6201,71644
2025-11-06 14:24,TQQQ,108.615,108.72,108.615,108.675,52511
2025-11-06 14:25,TQQQ,108.69,108.8591,108.69,108.84,84759
2025-11-06 14:26,TQQQ,108.835,108.998,108.8,108.99,156048
2025-11-06 14:27,TQQQ,108.988,109.1711,108.9201,108.9201,230960
2025-11-06 14:28,TQQQ,108.9001,109.165,108.9001,109.159,81372
2025-11-06 14:29,TQQQ,109.16,109.2644,109.1099,109.1918,126856
2025-11-06 14:30,TQQQ,109.17,109.2098,108.9254,108.9254,126057
2025-11-06 14:31,TQQQ,108.92,109.01,108.92,108.96,56878
2025-11-06 14:32,TQQQ,108.97,109.16,108.97,109.155,58487
2025-11-06 14:33,TQQQ,109.15,109.1899,109.045,109.0899,90842
2025-11-06 14:34,TQQQ,109.1,109.11,109.01,109.07,50023
2025-11-06 14:35,TQQQ,109.09,109.1752,109.07,109.1301,57604
2025-11-06 14:36,TQQQ,109.1299,109.2895,109.1199,109.175,85120
2025-11-06 14:37,TQQQ,109.18,109.19,109.0439,109.115,71235
2025-11-06 14:38,TQQQ,109.11,109.2301,109.11,109.18,36460
2025-11-06 14:39,TQQQ,109.1535,109.25,109.0201,109.0213,79467
2025-11-06 14:40,TQQQ,109.027,109.03,108.88,108.8921,129883
2025-11-06 14:41,TQQQ,108.8835,108.915,108.65,108.67,292183
2025-11-06 14:42,TQQQ,108.6316,108.67,108.53,108.545,92985
2025-11-06 14:43,TQQQ,108.525,108.6799,108.43,108.64,145103
2025-11-06 14:44,TQQQ,108.65,108.84,108.63,108.815,94924
2025-11-06 14:45,TQQQ,108.805,108.85,108.715,108.845,93784
2025-11-06 14:46,TQQQ,108.795,108.8101,108.6201,108.65,95510
2025-11-06 14:47,TQQQ,108.679,108.7298,108.5301,108.6101,44562
2025-11-06 14:48,TQQQ,108.64,108.7,108.42,108.4359,114145
2025-11-06 14:49,TQQQ,108.4501,108.5465,108.34,108.52,96027
2025-11-06 14:50,TQQQ,108.5301,108.6387,108.42,108.6199,60991
2025-11-06 14:51,TQQQ,108.62,108.66,108.4407,108.4499,74853
2025-11-06 14:52,TQQQ,108.46,108.475,108.254,108.29,111301
2025-11-06 14:53,TQQQ,108.23,108.5,108.2,108.4318,98527
2025-11-06 14:54,TQQQ,108.46,108.579,108.4001,108.5,77288
2025-11-06 14:55,TQQQ,108.43,108.63,108.43,108.63,224475
2025-11-06 14:56,TQQQ,108.66,108.78,108.6556,108.7101,112788
2025-11-06 14:57,TQQQ,108.71,108.96,108.71,108.93,99100
2025-11-06 14:58,TQQQ,108.97,109.09,108.97,109.0201,108968
2025-11-06 14:59,TQQQ,109.01,109.0178,108.755,108.8099,158560
2025-11-06 15:00,TQQQ,108.83,108.9285,108.81,108.84,128083
2025-11-06 15:01,TQQQ,108.85,108.87,108.63,108.6699,159344
2025-11-06 15:02,TQQQ,108.65,108.7599,108.505,108.57,108195
2025-11-06 15:03,TQQQ,108.6067,108.75,108.6067,108.715,62728
2025-11-06 15:04,TQQQ,108.725,108.79,108.6801,108.72,66471
2025-11-06 15:05,TQQQ,108.74,108.89,108.655,108.85,83480
2025-11-06 15:06,TQQQ,108.83,108.84,108.642,108.76,80247
2025-11-06 15:07,TQQQ,108.7818,108.88,108.71,108.8301,58634
2025-11-06 15:08,TQQQ,108.85,108.915,108.68,108.7399,61045
2025-11-06 15:09,TQQQ,108.72,108.7799,108.6145,108.76,89989
2025-11-06 15:10,TQQQ,108.725,108.9,108.725,108.79,58669
2025-11-06 15:11,TQQQ,108.77,108.89,108.76,108.8299,33132
2025-11-06 15:12,TQQQ,108.84,108.94,108.51,108.54,108024
2025-11-06 15:13,TQQQ,108.53,108.675,108.53,108.67,86594
2025-11-06 15:14,TQQQ,108.64,108.71,108.58,108.65,76395
2025-11-06 15:15,TQQQ,108.67,108.68,108.45,108.45,110297
2025-11-06 15:16,TQQQ,108.455,108.5799,108.26,108.465,169745
2025-11-06 15:17,TQQQ,108.48,108.55,108.46,108.51,60275
2025-11-06 15:18,TQQQ,108.54,108.675,108.495,108.64,99643
2025-11-06 15:19,TQQQ,108.65,108.755,108.62,108.645,75956
2025-11-06 15:20,TQQQ,108.64,108.66,108.5366,108.545,78645
2025-11-06 15:21,TQQQ,108.5301,108.66,108.47,108.63,83459
2025-11-06 15:22,TQQQ,108.6801,108.685,108.59,108.685,44791
2025-11-06 15:23,TQQQ,108.67,108.75,108.6,108.715,50614
2025-11-06 15:24,TQQQ,108.68,108.72,108.6,108.695,37457
2025-11-06 15:25,TQQQ,108.68,108.71,108.5606,108.69,42775
2025-11-06 15:26,TQQQ,108.705,108.79,108.615,108.615,68366
2025-11-06 15:27,TQQQ,108.625,108.625,108.485,108.56,49025
2025-11-06 15:28,TQQQ,108.54,108.565,108.3657,108.4066,72429
2025-11-06 15:29,TQQQ,108.4099,108.425,108.09,108.17,204412
2025-11-06 15:30,TQQQ,108.15,108.35,108.1499,108.2096,143963
2025-11-06 15:31,TQQQ,108.22,108.22,107.93,107.99,149360
2025-11-06 15:32,TQQQ,107.98,108.0399,107.69,108.0399,285035
2025-11-06 15:33,TQQQ,108.03,108.12,107.9901,108.02,121878
2025-11-06 15:34,TQQQ,108.0347,108.3056,108.025,108.28,98536
2025-11-06 15:35,TQQQ,108.3,108.3799,108.26,108.285,67345
2025-11-06 15:36,TQQQ,108.3108,108.36,108.1513,108.23,108050
2025-11-06 15:37,TQQQ,108.2076,108.298,108.11,108.11,86218
2025-11-06 15:38,TQQQ,108.12,108.1275,107.9601,107.995,59331
2025-11-06 15:39,TQQQ,107.9801,108.047,107.8348,107.85,116191
2025-11-06 15:40,TQQQ,107.83,108.0,107.79,107.82,108303
2025-11-06 15:41,TQQQ,107.8199,107.86,107.7401,107.79,88400
2025-11-06 15:42,TQQQ,107.78,107.84,107.56,107.5949,151481
2025-11-06 15:43,TQQQ,107.63,107.66,107.48,107.65,177386
2025-11-06 15:44,TQQQ,107.66,107.69,107.4791,107.4965,89423
2025-11-06 15:45,TQQQ,107.51,107.605,107.35,107.3815,131387
2025-11-06 15:46,TQQQ,107.38,107.451,107.0499,107.1299,169557
2025-11-06 15:47,TQQQ,107.105,107.2,107.08,107.09,138072
2025-11-06 15:48,TQQQ,107.0901,107.22,107.0,107.16,165886
2025-11-06 15:49,TQQQ,107.1,107.1146,106.925,106.925,107725
2025-11-06 15:50,TQQQ,107.14,107.14,106.9007,107.0065,228829
2025-11-06 15:51,TQQQ,107.04,107.1701,107.0,107.07,190897
2025-11-06 15:52,TQQQ,107.0601,107.2969,107.0601,107.17,253775
2025-11-06 15:53,TQQQ,107.11,107.23,107.01,107.1299,183176
2025-11-06 15:54,TQQQ,107.14,107.1999,106.71,106.75,382683
2025-11-06 15:55,TQQQ,106.64,106.94,106.64,106.91,315572
2025-11-06 15:56,TQQQ,106.9,107.0,106.8107,106.8107,196176
2025-11-06 15:57,TQQQ,106.8199,106.825,106.65,106.78,152814
2025-11-06 15:58,TQQQ,106.75,106.805,106.65,106.75,272097
2025-11-05 11:31,TSLT,28.39,28.405,28.34,28.405,7468
2025-11-05 11:32,TSLT,28.42,28.47,28.405,28.47,6560
2025-11-05 11:33,TSLT,28.465,28.57,28.4498,28.56,11839
2025-11-05 11:34,TSLT,28.575,28.58,28.51,28.51,5207
2025-11-05 11:35,TSLT,28.4798,28.51,28.43,28.46,6592
2025-11-05 11:36,TSLT,28.46,28.58,28.46,28.54,4020
2025-11-05 11:37,TSLT,28.54,28.54,28.455,28.455,2690
2025-11-05 11:38,TSLT,28.44,28.44,28.375,28.43,7126
2025-11-05 11:39,TSLT,28.415,28.44,28.405,28.415,2500
2025-11-05 11:40,TSLT,28.42,28.44,28.3951,28.3951,3370
2025-11-05 11:41,TSLT,28.4,28.415,28.38,28.39,2269
2025-11-05 11:42,TSLT,28.395,28.46,28.39,28.44,2915
2025-11-05 11:43,TSLT,28.425,28.425,28.4,28.42,21581
2025-11-05 11:44,TSLT,28.42,28.45,28.385,28.44,9005
2025-11-05 11:45,TSLT,28.41,28.43,28.405,28.405,5459
2025-11-05 11:46,TSLT,28.39,28.465,28.375,28.4,5723
2025-11-05 11:47,TSLT,28.41,28.445,28.41,28.43,4165
2025-11-05 11:48,TSLT,28.43,28.475,28.426,28.426,4446
2025-11-05 11:49,TSLT,28.415,28.415,28.33,28.395,4867
2025-11-05 11:50,TSLT,28.395,28.489,28.3948,28.489,6855
2025-11-05 11:51,TSLT,28.475,28.535,28.475,28.525,4387
2025-11-05 11:52,TSLT,28.49,28.55,28.48,28.55,3200
2025-11-05 11:53,TSLT,28.55,28.555,28.49,28.5013,8945
2025-11-05 11:54,TSLT,28.51,28.52,28.48,28.52,1458
2025-11-05 11:55,TSLT,28.495,28.5,28.45,28.47,2324
2025-11-05 11:56,TSLT,28.45,28.46,28.34,28.38,3240
2025-11-05 11:57,TSLT,28.395,28.415,28.385,28.415,4234
2025-11-05 11:58,TSLT,28.41,28.41,28.365,28.39,1383
2025-11-05 11:59,TSLT,28.385,28.39,28.37,28.37,1470
2025-11-05 12:00,TSLT,28.37,28.385,28.36,28.375,3785
2025-11-05 12:01,TSLT,28.42,28.455,28.41,28.44,1368
2025-11-05 12:02,TSLT,28.475,28.495,28.365,28.37,3902
2025-11-05 12:03,TSLT,28.4,28.4,28.33,28.34,1670
2025-11-05 12:04,TSLT,28.275,28.275,28.235,28.25,1390
2025-11-05 12:05,TSLT,28.275,28.365,28.275,28.355,4472
2025-11-05 12:06,TSLT,28.335,28.4,28.335,28.395,1082
2025-11-05 12:07,TSLT,28.3963,28.46,28.3963,28.41,3945
2025-11-05 12:08,TSLT,28.345,28.345,28.3,28.3,1460
2025-11-05 12:09,TSLT,28.32,28.37,28.32,28.355,950
2025-11-05 12:10,TSLT,28.33,28.33,28.28,28.295,900
2025-11-05 12:11,TSLT,28.3009,28.38,28.3009,28.375,1790
2025-11-05 12:12,TSLT,28.385,28.5,28.385,28.475,2700
2025-11-05 12:13,TSLT,28.49,28.515,28.45,28.515,1228
2025-11-05 12:14,TSLT,28.5,28.5,28.49,28.495,1654
2025-11-05 12:15,TSLT,28.49,28.56,28.45,28.56,6676
2025-11-05 12:16,TSLT,28.55,28.6,28.55,28.5694,5204
2025-11-05 12:17,TSLT,28.59,28.59,28.55,28.55,1613
2025-11-05 12:18,TSLT,28.54,28.57,28.54,28.57,1780
2025-11-05 12:19,TSLT,28.56,28.565,28.535,28.535,950
2025-11-05 12:20,TSLT,28.54,28.615,28.54,28.57,5848
2025-11-05 12:21,TSLT,28.585,28.625,28.575,28.615,950
2025-11-05 12:22,TSLT,28.575,28.615,28.575,28.6,6680
2025-11-05 12:23,TSLT,28.6,28.615,28.58,28.615,1715
2025-11-05 12:24,TSLT,28.605,28.605,28.52,28.52,880
2025-11-05 12:25,TSLT,28.535,28.55,28.495,28.55,3826
2025-11-05 12:26,TSLT,28.57,28.5744,28.55,28.55,2437
2025-11-05 12:27,TSLT,28.525,28.59,28.525,28.57,4967
2025-11-05 12:28,TSLT,28.57,28.58,28.55,28.5746,1230
2025-11-05 12:29,TSLT,28.58,28.58,28.57,28.57,211
2025-11-05 12:30,TSLT,28.545,28.59,28.545,28.59,1092
2025-11-05 12:31,TSLT,28.55,28.64,28.55,28.625,7404
2025-11-05 12:32,TSLT,28.65,28.67,28.6,28.6,2736
2025-11-05 12:33,TSLT,28.58,28.58,28.52,28.52,310
2025-11-05 12:34,TSLT,28.53,28.6,28.53,28.6,310
2025-11-05 12:35,TSLT,28.605,28.608,28.58,28.59,1140
2025-11-05 12:36,TSLT,28.6,28.63,28.6,28.62,5300
2025-11-05 12:37,TSLT,28.61,28.61,28.5901,28.595,1599
2025-11-05 12:38,TSLT,28.585,28.595,28.58,28.595,2089
2025-11-05 12:39,TSLT,28.575,28.59,28.57,28.59,600
2025-11-05 12:41,TSLT,28.56,28.56,28.52,28.56,1101
2025-11-05 12:42,TSLT,28.56,28.5645,28.5317,28.5645,4040
2025-11-05 12:43,TSLT,28.575,28.65,28.575,28.65,1850
2025-11-05 12:44,TSLT,28.62,28.7,28.6101,28.7,1270
2025-11-05 12:45,TSLT,28.695,28.695,28.6465,28.6465,274
2025-11-05 12:46,TSLT,28.64,28.64,28.635,28.6381,850
2025-11-05 12:47,TSLT,28.61,28.625,28.59,28.625,700
2025-11-05 12:48,TSLT,28.63,28.69,28.63,28.69,2990
2025-11-05 12:49,TSLT,28.7,28.725,28.69,28.715,1752
2025-11-05 12:50,TSLT,28.715,28.73,28.69,28.69,5930
2025-11-05 12:51,TSLT,28.7,28.76,28.7,28.74,1952
2025-11-05 12:52,TSLT,28.74,28.775,28.74,28.75,1515
2025-11-05 12:53,TSLT,28.75,28.7527,28.75,28.75,860
2025-11-05 12:54,TSLT,28.715,28.74,28.71,28.7179,2272
2025-11-05 12:55,TSLT,28.7299,28.735,28.715,28.72,1628
2025-11-05 12:56,TSLT,28.72,28.72,28.68,28.68,1728
2025-11-05 12:57,TSLT,28.675,28.73,28.675,28.73,800
2025-11-05 12:58,TSLT,28.725,28.73,28.71,28.71,13235
2025-11-05 12:59,TSLT,28.7,28.71,28.7,28.71,320
2025-11-05 13:00,TSLT,28.69,28.745,28.69,28.74,700
2025-11-05 13:01,TSLT,28.74,28.765,28.72,28.76,11584
2025-11-05 13:02,TSLT,28.76,28.76,28.74,28.74,220
2025-11-05 13:03,TSLT,28.75,28.7898,28.725,28.735,3311
2025-11-05 13:04,TSLT,28.735,28.76,28.735,28.76,1000
2025-11-05 13:05,TSLT,28.75,28.8,28.745,28.785,3650
2025-11-05 13:06,TSLT,28.79,28.85,28.785,28.785,2450
2025-11-05 13:07,TSLT,28.79,28.805,28.79,28.7971,520
2025-11-05 13:08,TSLT,28.82,28.82,28.82,28.82,110
2025-11-05 13:09,TSLT,28.77,28.795,28.755,28.795,701
2025-11-05 13:10,TSLT,28.785,28.85,28.785,28.85,1700
2025-11-05 13:11,TSLT,28.818,28.86,28.818,28.86,2126
2025-11-05 13:12,TSLT,28.87,28.88,28.835,28.835,410
2025-11-05 13:13,TSLT,28.845,28.85,28.837,28.84,1577
2025-11-05 13:14,TSLT,28.855,28.905,28.855,28.905,1225
2025-11-05 13:15,TSLT,28.89,28.93,28.88,28.92,820
2025-11-05 13:16,TSLT,28.97,29.01,28.95,29.01,7274
2025-11-05 13:17,TSLT,29.0,29.025,28.99,29.0,26093
2025-11-05 13:18,TSLT,28.99,29.03,28.987,29.0225,1330
2025-11-05 13:19,TSLT,29.02,29.1,29.02,29.09,3785
2025-11-05 13:20,TSLT,29.0856,29.14,29.08,29.1,3923
2025-11-05 13:21,TSLT,29.09,29.11,29.07,29.11,4602
2025-11-05 13:22,TSLT,29.145,29.19,29.12,29.185,6065
2025-11-05 13:23,TSLT,29.19,29.23,29.175,29.1799,3464
2025-11-05 13:24,TSLT,29.1782,29.225,29.17,29.22,4051
2025-11-05 13:25,TSLT,29.16,29.165,29.1449,29.1449,2546
2025-11-05 13:26,TSLT,29.1165,29.14,29.0555,29.0555,2530
2025-11-05 13:27,TSLT,29.0648,29.085,29.055,29.085,5875
2025-11-05 13:28,TSLT,29.085,29.14,29.085,29.135,1110
2025-11-05 13:29,TSLT,29.155,29.22,29.15,29.22,1459
2025-11-05 13:30,TSLT,29.21,29.21,29.13,29.14,3470
2025-11-05 13:31,TSLT,29.145,29.1599,29.13,29.135,1680
2025-11-05 13:32,TSLT,29.15,29.17,29.15,29.17,3935
2025-11-05 13:33,TSLT,29.205,29.205,29.155,29.155,1270
2025-11-05 13:34,TSLT,29.16,29.16,29.11,29.12,3931
2025-11-05 13:35,TSLT,29.11,29.165,29.11,29.165,1268
2025-11-05 13:36,TSLT,29.2,29.39,29.2,29.355,6654
2025-11-05 13:37,TSLT,29.35,29.37,29.301,29.36,3104
2025-11-05 13:38,TSLT,29.38,29.3835,29.37,29.3835,1892
2025-11-05 13:39,TSLT,29.365,29.39,29.355,29.39,720
2025-11-05 13:40,TSLT,29.39,29.4,29.36,29.36,1744
2025-11-05 13:41,TSLT,29.32,29.395,29.32,29.395,1541
2025-11-05 13:42,TSLT,29.4,29.435,29.36,29.36,915
2025-11-05 13:43,TSLT,29.345,29.385,29.345,29.385,840
2025-11-05 13:44,TSLT,29.38,29.515,29.3635,29.44,23524
2025-11-05 13:45,TSLT,29.36,29.453,29.355,29.435,3135
2025-11-05 13:46,TSLT,29.435,29.435,29.38,29.39,7785
2025-11-05 13:47,TSLT,29.405,29.44,29.4,29.44,1685
2025-11-05 13:48,TSLT,29.4497,29.455,29.41,29.42,1469
2025-11-05 13:49,TSLT,29.43,29.455,29.415,29.415,2659
2025-11-05 13:50,TSLT,29.445,29.48,29.43,29.475,5066
2025-11-05 13:51,TSLT,29.495,29.6,29.49,29.59,3534
2025-11-05 13:52,TSLT,29.6199,29.6601,29.6,29.6601,2794
2025-11-05 13:53,TSLT,29.67,29.67,29.63,29.64,2000
2025-11-05 13:54,TSLT,29.6594,29.71,29.6594,29.7086,1092
2025-11-05 13:55,TSLT,29.695,29.84,29.695,29.805,3240
2025-11-05 13:56,TSLT,29.825,30.0,29.8,29.9652,19231
2025-11-05 13:57,TSLT,29.96,30.04,29.94,29.975,10050
2025-11-05 13:58,TSLT,29.975,30.02,29.955,29.985,13615
2025-11-05 13:59,TSLT,29.98,29.98,29.935,29.94,9595
2025-11-05 14:00,TSLT,29.935,29.955,29.8755,29.8813,7949
2025-11-05 14:01,TSLT,29.89,30.01,29.88,29.9255,4544
2025-11-05 14:02,TSLT,29.92,29.92,29.815,29.815,16027
2025-11-05 14:03,TSLT,29.805,29.84,29.77,29.78,17817
2025-11-05 14:04,TSLT,29.8,29.845,29.78,29.8,4725
2025-11-05 14:05,TSLT,29.79,29.87,29.79,29.87,15957
2025-11-05 14:06,TSLT,29.8392,29.8392,29.74,29.745,6924
2025-11-05 14:07,TSLT,29.735,29.78,29.72,29.725,6458
2025-11-05 14:08,TSLT,29.73,29.745,29.645,29.645,15826
2025-11-05 14:09,TSLT,29.645,29.66,29.59,29.66,5715
2025-11-05 14:10,TSLT,29.645,29.715,29.645,29.715,6690
2025-11-05 14:11,TSLT,29.69,29.74,29.68,29.72,12314
2025-11-05 14:12,TSLT,29.705,29.73,29.63,29.64,7104
2025-11-05 14:13,TSLT,29.63,29.635,29.56,29.56,5332
2025-11-05 14:14,TSLT,29.56,29.6,29.56,29.595,4099
2025-11-05 14:15,TSLT,29.58,29.58,29.545,29.565,1360
2025-11-05 14:16,TSLT,29.55,29.6005,29.53,29.6005,3474
2025-11-05 14:17,TSLT,29.605,29.66,29.595,29.635,7178
2025-11-05 14:18,TSLT,29.6,29.62,29.58,29.61,8300
2025-11-05 14:19,TSLT,29.615,29.675,29.605,29.665,5461
2025-11-05 14:20,TSLT,29.6535,29.6907,29.64,29.6907,3259
2025-11-05 14:21,TSLT,29.705,29.765,29.69,29.74,7784
2025-11-05 14:22,TSLT,29.75,29.8,29.74,29.77,5319
2025-11-05 14:23,TSLT,29.79,29.79,29.73,29.74,4787
2025-11-05 14:24,TSLT,29.7201,29.8,29.68,29.8,3195
2025-11-05 14:25,TSLT,29.81,29.82,29.75,29.77,2620
2025-11-05 14:26,TSLT,29.77,29.78,29.745,29.76,2257
2025-11-05 14:27,TSLT,29.75,29.78,29.745,29.7501,2088
2025-11-05 14:28,TSLT,29.73,29.73,29.695,29.72,4131
2025-11-05 14:29,TSLT,29.72,29.75,29.705,29.705,2619
2025-11-05 14:30,TSLT,29.7099,29.77,29.705,29.77,1869
2025-11-05 14:31,TSLT,29.73,29.775,29.73,29.75,2780
2025-11-05 14:32,TSLT,29.8,29.8,29.772,29.78,2634
2025-11-05 14:33,TSLT,29.79,29.795,29.775,29.78,4165
2025-11-05 14:34,TSLT,29.785,29.785,29.77,29.78,1498
2025-11-05 14:35,TSLT,29.77,29.85,29.765,29.85,4296
2025-11-05 14:36,TSLT,29.855,29.9,29.845,29.8499,3424
2025-11-05 14:37,TSLT,29.8535,29.965,29.8535,29.965,4557
2025-11-05 14:38,TSLT,29.96,29.96,29.935,29.935,2600
2025-11-05 14:39,TSLT,29.925,29.93,29.925,29.93,960
2025-11-05 14:40,TSLT,29.9401,29.9401,29.91,29.93,2140
2025-11-05 14:41,TSLT,29.95,30.01,29.935,29.955,10194
2025-11-05 14:42,TSLT,29.97,29.97,29.87,29.9048,4319
2025-11-05 14:43,TSLT,29.885,29.9031,29.885,29.89,1002
2025-11-05 14:44,TSLT,29.9,29.9,29.8631,29.8698,1420
2025-11-05 14:45,TSLT,29.86,29.86,29.8,29.835,2180
2025-11-05 14:46,TSLT,29.825,29.88,29.825,29.88,3448
2025-11-05 14:47,TSLT,29.895,29.895,29.86,29.865,1780
2025-11-05 14:48,TSLT,29.865,29.865,29.825,29.825,2372
2025-11-05 14:49,TSLT,29.86,29.905,29.86,29.905,1760
2025-11-05 14:50,TSLT,29.9401,30.0,29.92,29.925,10653
2025-11-05 14:51,TSLT,29.96,30.05,29.96,30.05,11087
2025-11-05 14:52,TSLT,30.055,30.1003,30.02,30.1,10153
2025-11-05 14:53,TSLT,30.12,30.21,30.12,30.175,4613
2025-11-05 14:54,TSLT,30.175,30.24,30.175,30.185,4353
2025-11-05 14:55,TSLT,30.19,30.19,30.13,30.135,11047
2025-11-05 14:56,TSLT,30.135,30.181,30.12,30.12,8691
2025-11-05 14:57,TSLT,30.12,30.155,30.12,30.145,1410
2025-11-05 14:58,TSLT,30.165,30.2,30.165,30.175,3165
2025-11-05 14:59,TSLT,30.1701,30.215,30.1701,30.2,2453
2025-11-05 15:00,TSLT,30.16,30.2,30.16,30.2,3407
2025-11-05 15:01,TSLT,30.185,30.19,30.175,30.18,560
2025-11-05 15:02,TSLT,30.19,30.22,30.175,30.185,5729
2025-11-05 15:03,TSLT,30.19,30.19,30.11,30.1101,2743
2025-11-05 15:04,TSLT,30.08,30.14,30.07,30.08,4630
2025-11-05 15:05,TSLT,30.07,30.07,29.9849,30.0,7674
2025-11-05 15:06,TSLT,30.005,30.1,30.005,30.1,1820
2025-11-05 15:07,TSLT,30.09,30.09,30.01,30.015,2012
2025-11-05 15:08,TSLT,29.975,29.995,29.94,29.94,4700
2025-11-05 15:09,TSLT,29.96,30.0,29.935,30.0,1760
2025-11-05 15:10,TSLT,29.97,30.005,29.96,30.0,1395
2025-11-05 15:11,TSLT,30.05,30.075,30.015,30.075,2314
2025-11-05 15:12,TSLT,30.085,30.12,30.0458,30.0458,4035
2025-11-05 15:13,TSLT,30.055,30.055,30.02,30.035,2678
2025-11-05 15:14,TSLT,30.035,30.07,30.035,30.07,880
2025-11-05 15:15,TSLT,30.07,30.085,30.035,30.065,4810
2025-11-05 15:16,TSLT,30.07,30.15,30.07,30.15,3634
2025-11-05 15:17,TSLT,30.16,30.1699,30.0,30.0,2705
2025-11-05 15:18,TSLT,29.97,29.97,29.915,29.93,4894
2025-11-05 15:19,TSLT,29.915,29.97,29.915,29.94,4667
2025-11-05 15:20,TSLT,29.94,29.94,29.8601,29.865,3000
2025-11-05 15:21,TSLT,29.89,29.925,29.875,29.925,2237
2025-11-05 15:22,TSLT,29.855,29.89,29.835,29.89,1100
2025-11-05 15:23,TSLT,29.77,29.77,29.74,29.76,2558
2025-11-05 15:24,TSLT,29.745,29.77,29.7,29.7408,4526
2025-11-05 15:25,TSLT,29.652,29.675,29.64,29.675,6109
2025-11-05 15:26,TSLT,29.675,29.71,29.66,29.675,23776
2025-11-05 15:27,TSLT,29.68,29.685,29.56,29.5603,7620
2025-11-05 15:28,TSLT,29.6,29.69,29.5701,29.69,3419
2025-11-05 15:29,TSLT,29.68,29.71,29.674,29.69,3055
2025-11-05 15:30,TSLT,29.67,29.7,29.605,29.605,10805
2025-11-05 15:31,TSLT,29.63,29.71,29.625,29.695,11369
2025-11-05 15:32,TSLT,29.71,29.72,29.675,29.7,9857
2025-11-05 15:33,TSLT,29.7,29.74,29.65,29.73,22381
2025-11-05 15:34,TSLT,29.72,29.75,29.665,29.675,6024
2025-11-05 15:35,TSLT,29.71,29.71,29.58,29.5801,8397
2025-11-05 15:36,TSLT,29.595,29.64,29.59,29.6,7538
2025-11-05 15:37,TSLT,29.58,29.58,29.515,29.565,7319
2025-11-05 15:38,TSLT,29.58,29.68,29.555,29.68,3818
2025-11-05 15:39,TSLT,29.69,29.69,29.63,29.64,5119
2025-11-05 15:40,TSLT,29.69,29.79,29.67,29.785,7079
2025-11-05 15:41,TSLT,29.795,29.8,29.74,29.8,6468
2025-11-05 15:42,TSLT,29.8099,29.8099,29.685,29.685,6729
2025-11-05 15:43,TSLT,29.66,29.66,29.495,29.495,5898
2025-11-05 15:44,TSLT,29.52,29.59,29.51,29.575,8222
2025-11-05 15:45,TSLT,29.59,29.63,29.54,29.54,7722
2025-11-05 15:46,TSLT,29.53,29.55,29.46,29.515,13068
2025-11-05 15:47,TSLT,29.48,29.48,29.44,29.475,7788
2025-11-05 15:48,TSLT,29.485,29.625,29.48,29.625,15429
2025-11-05 15:49,TSLT,29.62,29.675,29.56,29.56,18615
2025-11-05 15:50,TSLT,29.57,29.745,29.565,29.69,18399
2025-11-05 15:51,TSLT,29.73,29.73,29.615,29.63,7998
2025-11-05 15:52,TSLT,29.6,29.62,29.575,29.61,6930
2025-11-05 15:53,TSLT,29.61,29.69,29.61,29.6701,8687
2025-11-05 15:54,TSLT,29.68,29.74,29.67,29.6801,16878
2025-11-05 15:55,TSLT,29.68,29.76,29.67,29.72,27222
2025-11-05 15:56,TSLT,29.74,29.75,29.68,29.715,10127
2025-11-05 15:57,TSLT,29.71,29.72,29.62,29.64,7375
2025-11-05 15:58,TSLT,29.65,29.71,29.65,29.71,2928
2025-11-05 15:59,TSLT,29.7,29.745,29.68,29.73,21521
2025-11-05 16:00,TSLT,29.72,29.72,29.72,29.72,1995
2025-11-05 16:02,TSLT,29.7,29.7,29.7,29.7,152
2025-11-05 16:03,TSLT,29.68,29.68,29.68,29.68,100
2025-11-05 16:04,TSLT,29.71,29.71,29.71,29.71,100
2025-11-05 16:07,TSLT,29.78,29.78,29.78,29.78,100
2025-11-05 16:08,TSLT,29.741,29.741,29.73,29.73,660
2025-11-05 16:12,TSLT,29.64,29.64,29.64,29.64,154
2025-11-05 16:15,TSLT,29.6,29.6,29.6,29.6,1320
2025-11-05 16:17,TSLT,29.68,29.68,29.67,29.67,500
2025-11-05 16:18,TSLT,29.67,29.67,29.67,29.67,117
2025-11-05 16:20,TSLT,29.69,29.72,29.69,29.72,2184
2025-11-05 16:21,TSLT,29.72,29.73,29.72,29.73,9008
2025-11-05 16:25,TSLT,29.69,29.69,29.69,29.69,200
2025-11-05 16:29,TSLT,29.65,29.65,29.65,29.65,300
2025-11-05 16:32,TSLT,29.65,29.65,29.65,29.65,100
2025-11-05 16:34,TSLT,29.645,29.645,29.645,29.645,180
2025-11-05 16:40,TSLT,29.6404,29.6404,29.6404,29.6404,200
2025-11-05 16:45,TSLT,29.67,29.67,29.67,29.67,100
2025-11-05 16:48,TSLT,29.67,29.67,29.67,29.67,100
2025-11-05 16:51,TSLT,29.66,29.66,29.66,29.66,197
2025-11-05 16:52,TSLT,29.679,29.679,29.679,29.679,229
2025-11-05 16:54,TSLT,29.67,29.69,29.67,29.69,400
2025-11-05 16:56,TSLT,29.7,29.7,29.7,29.7,110
2025-11-05 16:58,TSLT,29.68,29.68,29.68,29.68,320
2025-11-05 17:00,TSLT,29.659,29.659,29.659,29.659,147
2025-11-05 17:01,TSLT,29.73,29.73,29.73,29.73,111
2025-11-05 17:03,TSLT,29.73,29.7399,29.73,29.7399,2240
2025-11-05 17:04,TSLT,29.7396,29.7396,29.7396,29.7396,338
2025-11-05 17:05,TSLT,29.74,29.74,29.74,29.74,100
2025-11-05 17:06,TSLT,29.73,29.73,29.73,29.73,164
2025-11-05 17:20,TSLT,29.64,29.64,29.64,29.64,500
2025-11-05 17:22,TSLT,29.526,29.526,29.526,29.526,100
2025-11-05 17:24,TSLT,29.61,29.61,29.61,29.61,191
2025-11-05 17:33,TSLT,29.6,29.6,29.6,29.6,200
2025-11-05 17:35,TSLT,29.6,29.6,29.6,29.6,3240
2025-11-05 17:41,TSLT,29.56,29.56,29.56,29.56,100
2025-11-05 17:49,TSLT,29.54,29.54,29.54,29.54,200
2025-11-05 17:52,TSLT,29.51,29.51,29.5,29.5,200
2025-11-05 17:53,TSLT,29.4611,29.4611,29.4611,29.4611,150
2025-11-05 17:57,TSLT,29.48,29.48,29.48,29.48,100
2025-11-05 18:01,TSLT,29.6,29.6,29.6,29.6,100
2025-11-05 18:02,TSLT,29.56,29.56,29.559,29.559,2000
2025-11-05 18:26,TSLT,29.59,29.59,29.59,29.59,100
2025-11-05 18:30,TSLT,29.54,29.54,29.54,29.54,100
2025-11-05 18:40,TSLT,29.61,29.68,29.61,29.669,727
2025-11-05 18:44,TSLT,29.68,29.68,29.68,29.68,500
2025-11-05 18:57,TSLT,29.689,29.689,29.689,29.689,1000
2025-11-05 18:58,TSLT,29.689,29.689,29.689,29.689,1000
2025-11-05 19:04,TSLT,29.68,29.68,29.67,29.68,434
2025-11-05 19:07,TSLT,29.639,29.639,29.639,29.639,100
2025-11-05 19:17,TSLT,29.599,29.599,29.599,29.599,200
2025-11-05 19:19,TSLT,29.579,29.579,29.579,29.579,350
2025-11-05 19:26,TSLT,29.54,29.54,29.54,29.54,264
2025-11-05 19:38,TSLT,29.56,29.56,29.56,29.56,100
2025-11-05 19:43,TSLT,29.55,29.55,29.55,29.55,127
2025-11-05 19:52,TSLT,29.58,29.58,29.58,29.58,100
2025-11-05 19:54,TSLT,29.589,29.589,29.589,29.589,200
2025-11-05 19:58,TSLT,29.55,29.55,29.54,29.54,335
2025-11-06 07:00,TSLT,29.94,29.94,29.94,29.94,300
2025-11-06 07:01,TSLT,29.94,29.99,29.94,29.97,1497
2025-11-06 07:05,TSLT,30.01,30.03,30.01,30.01,781
2025-11-06 07:07,TSLT,30.04,30.08,30.01,30.06,1602
2025-11-06 07:08,TSLT,30.02,30.02,30.02,30.02,194
2025-11-06 07:09,TSLT,30.01,30.02,30.01,30.01,741
2025-11-06 07:10,TSLT,30.03,30.03,30.03,30.03,100
2025-11-06 07:19,TSLT,29.98,29.99,29.98,29.99,300
2025-11-06 07:22,TSLT,30.01,30.01,30.01,30.01,100
2025-11-06 07:25,TSLT,29.98,29.98,29.98,29.98,200
2025-11-06 07:35,TSLT,30.05,30.05,30.04,30.04,200
2025-11-06 07:38,TSLT,30.03,30.03,30.01,30.01,852
2025-11-06 07:39,TSLT,30.04,30.04,30.04,30.04,100
2025-11-06 07:40,TSLT,30.09,30.1,30.09,30.1,267
2025-11-06 07:41,TSLT,30.08,30.08,30.05,30.05,400
2025-11-06 07:42,TSLT,30.05,30.05,30.04,30.04,620
2025-11-06 07:45,TSLT,30.0,30.0,30.0,30.0,801
2025-11-06 07:47,TSLT,30.02,30.02,30.02,30.02,100
2025-11-06 07:51,TSLT,30.01,30.01,30.01,30.01,100
2025-11-06 07:54,TSLT,29.99,29.99,29.99,29.99,100
2025-11-06 07:55,TSLT,29.98,29.98,29.98,29.98,100
2025-11-06 07:57,TSLT,29.98,29.98,29.98,29.98,100
2025-11-06 08:00,TSLT,30.0,30.0889,29.604,29.98,11084
2025-11-06 08:01,TSLT,29.99,30.0,29.53,29.54,12931
2025-11-06 08:02,TSLT,29.59,29.96,29.37,29.41,8182
2025-11-06 08:04,TSLT,29.96,29.96,29.96,29.96,100
2025-11-06 08:07,TSLT,29.951,29.951,29.951,29.951,464
2025-11-06 08:10,TSLT,29.95,29.95,29.95,29.95,100
2025-11-06 08:13,TSLT,30.0,30.0,29.99,29.99,581
2025-11-06 08:15,TSLT,29.98,29.98,29.98,29.98,190
2025-11-06 08:16,TSLT,29.95,29.95,29.95,29.95,321
2025-11-06 08:17,TSLT,29.95,29.95,29.95,29.95,200
2025-11-06 08:19,TSLT,29.94,29.94,29.94,29.94,400
2025-11-06 08:20,TSLT,29.94,29.94,29.94,29.94,100
2025-11-06 08:21,TSLT,29.94,29.94,29.93,29.93,317
2025-11-06 08:22,TSLT,29.94,29.94,29.94,29.94,961
2025-11-06 08:23,TSLT,29.96,29.969,29.96,29.969,5000
2025-11-06 08:24,TSLT,29.95,29.95,29.95,29.95,100
2025-11-06 08:25,TSLT,29.9407,29.9407,29.9407,29.9407,200
2025-11-06 08:27,TSLT,29.97,29.97,29.97,29.97,100
2025-11-06 08:31,TSLT,30.0,30.0,30.0,30.0,100
2025-11-06 08:33,TSLT,29.98,29.98,29.98,29.98,290
2025-11-06 08:35,TSLT,29.98,29.98,29.98,29.98,200
2025-11-06 08:36,TSLT,29.9899,29.9899,29.9899,29.9899,463
2025-11-06 08:38,TSLT,29.98,29.98,29.98,29.98,262
2025-11-06 08:39,TSLT,29.97,29.97,29.97,29.97,100
2025-11-06 08:40,TSLT,29.95,29.95,29.94,29.94,450
2025-11-06 08:41,TSLT,29.93,29.93,29.93,29.93,500
2025-11-06 08:43,TSLT,29.921,29.94,29.91,29.94,15585
2025-11-06 08:45,TSLT,29.9405,29.9405,29.94,29.94,600
2025-11-06 08:46,TSLT,29.94,29.94,29.92,29.92,672
2025-11-06 08:47,TSLT,29.87,29.87,29.87,29.87,100
2025-11-06 08:48,TSLT,29.86,29.86,29.84,29.85,1600
2025-11-06 08:49,TSLT,29.83,29.83,29.82,29.82,200
2025-11-06 08:50,TSLT,29.81,29.82,29.79,29.82,1645
2025-11-06 08:51,TSLT,29.78,29.82,29.78,29.82,2144
2025-11-06 08:54,TSLT,29.81,29.81,29.78,29.78,200
2025-11-06 08:57,TSLT,29.71,29.71,29.71,29.71,300
2025-11-06 08:58,TSLT,29.7,29.7,29.69,29.69,200
2025-11-06 08:59,TSLT,29.68,29.68,29.64,29.64,1580
2025-11-06 09:00,TSLT,29.65,29.66,29.6305,29.6404,660
2025-11-06 09:01,TSLT,29.69,29.69,29.69,29.69,100
2025-11-06 09:02,TSLT,29.7,29.7,29.7,29.7,300
2025-11-06 09:03,TSLT,29.64,29.64,29.61,29.61,200
2025-11-06 09:04,TSLT,29.6,29.6,29.59,29.59,1400
2025-11-06 09:05,TSLT,29.54,29.54,29.48,29.48,1400
2025-11-06 09:06,TSLT,29.49,29.53,29.49,29.53,400
2025-11-06 09:07,TSLT,29.5,29.5,29.5,29.5,100
2025-11-06 09:08,TSLT,29.49,29.53,29.48,29.48,2659
2025-11-06 09:09,TSLT,29.47,29.49,29.47,29.49,1956
2025-11-06 09:10,TSLT,29.47,29.53,29.47,29.53,1200
2025-11-06 09:11,TSLT,29.5681,29.6,29.5681,29.6,1131
2025-11-06 09:13,TSLT,29.6473,29.6473,29.6473,29.6473,100
2025-11-06 09:14,TSLT,29.66,29.66,29.66,29.66,200
2025-11-06 09:15,TSLT,29.72,29.72,29.72,29.72,6315
2025-11-06 09:16,TSLT,29.73,29.73,29.67,29.67,25894
2025-11-06 09:18,TSLT,29.67,29.67,29.65,29.65,400
2025-11-06 09:19,TSLT,29.65,29.66,29.65,29.66,1200
2025-11-06 09:20,TSLT,29.65,29.65,29.64,29.64,450
2025-11-06 09:21,TSLT,29.66,29.68,29.66,29.68,1100
2025-11-06 09:22,TSLT,29.67,29.67,29.63,29.63,570
2025-11-06 09:23,TSLT,29.62,29.64,29.62,29.64,500
2025-11-06 09:24,TSLT,29.61,29.61,29.6,29.6,200
2025-11-06 09:27,TSLT,29.6,29.6,29.6,29.6,600
2025-11-06 09:28,TSLT,29.61,29.84,29.61,29.73,4270
2025-11-06 09:30,TSLT,29.72,29.72,29.23,29.32,67000
2025-11-06 09:31,TSLT,29.3,29.3,29.18,29.28,49292
2025-11-06 09:32,TSLT,29.3,29.42,29.27,29.36,25407
2025-11-06 09:33,TSLT,29.385,29.73,29.35,29.59,27903
2025-11-06 09:34,TSLT,29.55,29.66,29.49,29.605,32358
2025-11-06 09:35,TSLT,29.6284,29.7,29.3,29.46,39649
2025-11-06 09:36,TSLT,29.45,29.75,29.44,29.66,35223
2025-11-06 09:37,TSLT,29.66,30.015,29.65,29.95,33245
2025-11-06 09:38,TSLT,29.925,30.02,29.8,30.0,23009
2025-11-06 09:39,TSLT,29.99,30.01,29.64,29.64,16346
2025-11-06 09:40,TSLT,29.7,29.75,29.41,29.41,37652
2025-11-06 09:41,TSLT,29.44,29.6,29.41,29.56,15993
2025-11-06 09:42,TSLT,29.58,29.78,29.55,29.685,40228
2025-11-06 09:43,TSLT,29.75,29.85,29.71,29.85,23527
2025-11-06 09:44,TSLT,29.845,30.0,29.8399,29.97,35108
2025-11-06 09:45,TSLT,29.96,30.36,29.95,30.31,63555
2025-11-06 09:46,TSLT,30.3,30.395,30.11,30.3507,34479
2025-11-06 09:47,TSLT,30.355,30.36,30.04,30.115,40871
2025-11-06 09:48,TSLT,30.13,30.14,29.93,29.96,19053
2025-11-06 09:49,TSLT,29.93,29.96,29.73,29.74,32143
2025-11-06 09:50,TSLT,29.75,29.84,29.53,29.53,42875
2025-11-06 09:51,TSLT,29.59,29.62,29.51,29.528,30419
2025-11-06 09:52,TSLT,29.55,29.68,29.55,29.615,20945
2025-11-06 09:53,TSLT,29.61,29.685,29.54,29.65,26744
2025-11-06 09:54,TSLT,29.625,29.66,29.37,29.45,19225
2025-11-06 09:55,TSLT,29.44,29.485,29.355,29.375,31881
2025-11-06 09:56,TSLT,29.37,29.5,29.34,29.477,22500
2025-11-06 09:57,TSLT,29.45,29.465,29.19,29.19,16929
2025-11-06 09:58,TSLT,29.18,29.435,29.17,29.4,25086
2025-11-06 09:59,TSLT,29.39,29.44,29.345,29.35,9504
2025-11-06 10:00,TSLT,29.37,29.385,29.18,29.2652,58738
2025-11-06 10:01,TSLT,29.265,29.32,29.19,29.23,24236
2025-11-06 10:02,TSLT,29.21,29.27,28.89,28.9,45434
2025-11-06 10:03,TSLT,28.9,28.97,28.72,28.96,32292
2025-11-06 10:04,TSLT,28.94,29.02,28.91,28.99,28318
2025-11-06 10:05,TSLT,28.99,29.1,28.98,28.98,8876
2025-11-06 10:06,TSLT,28.96,29.02,28.9,28.96,12577
2025-11-06 10:07,TSLT,28.94,28.955,28.79,28.87,13696
2025-11-06 10:08,TSLT,28.84,28.91,28.75,28.79,23295
2025-11-06 10:09,TSLT,28.775,28.8,28.655,28.68,20524
2025-11-06 10:10,TSLT,28.67,28.94,28.67,28.8901,22187
2025-11-06 10:11,TSLT,28.93,28.96,28.8,28.835,35156
2025-11-06 10:12,TSLT,28.85,28.9,28.49,28.49,31013
2025-11-06 10:13,TSLT,28.53,28.66,28.53,28.64,25889
2025-11-06 10:14,TSLT,28.625,28.65,28.39,28.39,11446
2025-11-06 10:15,TSLT,28.38,28.5097,28.36,28.5097,28829
2025-11-06 10:16,TSLT,28.495,28.58,28.455,28.53,9914
2025-11-06 10:17,TSLT,28.53,28.62,28.53,28.59,38426
2025-11-06 10:18,TSLT,28.585,28.67,28.575,28.65,13340
2025-11-06 10:19,TSLT,28.635,28.64,28.28,28.36,29895
2025-11-06 10:20,TSLT,28.38,28.59,28.38,28.59,15356
2025-11-06 10:21,TSLT,28.62,28.66,28.58,28.64,4035
2025-11-06 10:22,TSLT,28.655,28.77,28.59,28.77,23699
2025-11-06 10:23,TSLT,28.7645,28.85,28.74,28.85,15755
2025-11-06 10:24,TSLT,28.87,28.93,28.76,28.778,17792
2025-11-06 10:25,TSLT,28.795,28.8516,28.72,28.84,9353
2025-11-06 10:26,TSLT,28.85,28.865,28.57,28.595,35324
2025-11-06 10:27,TSLT,28.595,28.63,28.47,28.48,12586
2025-11-06 10:28,TSLT,28.505,28.63,28.505,28.54,22279
2025-11-06 10:29,TSLT,28.57,28.59,28.34,28.34,10709
2025-11-06 10:30,TSLT,28.37,28.43,28.335,28.335,24049
2025-11-06 10:31,TSLT,28.375,28.42,28.24,28.31,14990
2025-11-06 10:32,TSLT,28.32,28.325,28.04,28.06,30749
2025-11-06 10:33,TSLT,28.07,28.19,28.03,28.18,20410
2025-11-06 10:34,TSLT,28.2,28.22,28.09,28.11,18338
2025-11-06 10:35,TSLT,28.095,28.15,28.045,28.15,12503
2025-11-06 10:36,TSLT,28.17,28.17,27.91,27.91,18755
2025-11-06 10:37,TSLT,27.92,27.92,27.855,27.855,7056
2025-11-06 10:38,TSLT,27.86,27.985,27.84,27.94,18394
2025-11-06 10:39,TSLT,27.91,27.98,27.91,27.96,5792
2025-11-06 10:40,TSLT,27.99,28.02,27.92,27.9598,14242
2025-11-06 10:41,TSLT,27.97,27.995,27.89,27.915,8757
2025-11-06 10:42,TSLT,27.9,27.95,27.88,27.95,11671
2025-11-06 10:43,TSLT,27.97,28.1,27.95,27.98,18339
2025-11-06 10:44,TSLT,27.97,27.995,27.64,27.69,43798
2025-11-06 10:45,TSLT,27.72,27.9,27.72,27.8854,13026
2025-11-06 10:46,TSLT,27.9097,27.9331,27.77,27.855,3876
2025-11-06 10:47,TSLT,27.85,27.89,27.805,27.81,10783
2025-11-06 10:48,TSLT,27.82,27.87,27.77,27.77,7660
2025-11-06 10:49,TSLT,27.76,27.8,27.6,27.75,17913
2025-11-06 10:50,TSLT,27.81,27.9,27.7,27.73,10561
2025-11-06 10:51,TSLT,27.745,27.9,27.745,27.79,13794
2025-11-06 10:52,TSLT,27.81,27.81,27.7,27.72,9694
2025-11-06 10:53,TSLT,27.72,27.725,27.5,27.53,30040
2025-11-06 10:54,TSLT,27.55,27.71,27.545,27.69,30591
2025-11-06 10:55,TSLT,27.73,27.74,27.64,27.685,10064
2025-11-06 10:56,TSLT,27.67,27.72,27.485,27.515,17612
2025-11-06 10:57,TSLT,27.54,27.54,27.46,27.46,6282
2025-11-06 10:58,TSLT,27.46,27.46,27.32,27.32,17429
2025-11-06 10:59,TSLT,27.32,27.34,27.25,27.3,23220
2025-11-06 11:00,TSLT,27.33,27.45,27.295,27.41,22289
2025-11-06 11:01,TSLT,27.42,27.47,27.25,27.25,11058
2025-11-06 11:02,TSLT,27.26,27.425,27.26,27.39,12210
2025-11-06 11:03,TSLT,27.4,27.45,27.33,27.4,17801
2025-11-06 11:04,TSLT,27.41,27.5,27.39,27.485,14373
2025-11-06 11:05,TSLT,27.5,27.54,27.42,27.52,13176
2025-11-06 11:06,TSLT,27.53,27.55,27.38,27.38,10300
2025-11-06 11:07,TSLT,27.405,27.45,27.225,27.25,17094
2025-11-06 11:08,TSLT,27.26,27.45,27.26,27.445,9280
2025-11-06 11:09,TSLT,27.45,27.47,27.37,27.42,7179
2025-11-06 11:10,TSLT,27.43,27.44,27.27,27.3,7686
2025-11-06 11:11,TSLT,27.275,27.38,27.27,27.37,6995
2025-11-06 11:12,TSLT,27.4,27.41,27.31,27.3458,7933
2025-11-06 11:13,TSLT,27.36,27.45,27.325,27.38,5840
2025-11-06 11:14,TSLT,27.385,27.445,27.36,27.405,5735
2025-11-06 11:15,TSLT,27.445,27.51,27.37,27.41,25786
2025-11-06 11:16,TSLT,27.42,27.4901,27.34,27.35,26574
2025-11-06 11:17,TSLT,27.36,27.3979,27.22,27.275,8210
2025-11-06 11:18,TSLT,27.29,27.29,27.08,27.1,32580
2025-11-06 11:19,TSLT,27.105,27.16,27.05,27.1555,14789
2025-11-06 11:20,TSLT,27.19,27.23,27.11,27.23,8036
2025-11-06 11:21,TSLT,27.2599,27.27,27.155,27.255,8601
2025-11-06 11:22,TSLT,27.255,27.255,26.98,27.01,24444
2025-11-06 11:23,TSLT,27.01,27.04,26.93,26.95,8556
2025-11-06 11:24,TSLT,26.98,27.0,26.91,26.97,10373
2025-11-06 11:25,TSLT,26.97,26.97,26.72,26.77,45413
2025-11-06 11:26,TSLT,26.765,26.845,26.72,26.83,13153
2025-11-06 11:27,TSLT,26.83,26.83,26.59,26.6218,13541
2025-11-06 11:28,TSLT,26.6378,26.77,26.57,26.75,17140
2025-11-06 11:29,TSLT,26.75,27.0266,26.72,27.0,15573
2025-11-06 11:30,TSLT,27.015,27.1,27.0,27.07,11532
2025-11-06 11:31,TSLT,27.085,27.24,27.085,27.17,9375
2025-11-06 11:32,TSLT,27.17,27.1786,27.09,27.1,11350
2025-11-06 11:33,TSLT,27.105,27.1642,27.085,27.12,8907
2025-11-06 11:34,TSLT,27.095,27.095,27.0,27.0,10821
2025-11-06 11:35,TSLT,27.005,27.005,26.645,26.721,5668
2025-11-06 11:36,TSLT,26.7,26.79,26.68,26.715,7937
2025-11-06 11:37,TSLT,26.72,26.76,26.6,26.6,10651
2025-11-06 11:38,TSLT,26.6101,26.71,26.6101,26.71,16890
2025-11-06 11:39,TSLT,26.7,26.71,26.59,26.62,5809
2025-11-06 11:40,TSLT,26.6,26.66,26.5,26.64,20897
2025-11-06 11:41,TSLT,26.65,26.71,26.57,26.58,12756
2025-11-06 11:42,TSLT,26.59,26.71,26.59,26.71,7662
2025-11-06 11:43,TSLT,26.715,26.75,26.61,26.71,13903
2025-11-06 11:44,TSLT,26.72,26.87,26.72,26.755,9022
2025-11-06 11:45,TSLT,26.8,26.82,26.74,26.79,11094
2025-11-06 11:46,TSLT,26.825,26.88,26.79,26.79,18983
2025-11-06 11:47,TSLT,26.785,26.785,26.6,26.61,19299
2025-11-06 11:48,TSLT,26.63,26.7,26.63,26.675,6506
2025-11-06 11:49,TSLT,26.68,26.71,26.62,26.62,8827
2025-11-06 11:50,TSLT,26.615,26.705,26.58,26.683,8256
2025-11-06 11:51,TSLT,26.725,26.76,26.66,26.72,8129
2025-11-06 11:52,TSLT,26.7455,26.9935,26.7455,26.9935,5566
2025-11-06 11:53,TSLT,27.005,27.01,26.86,26.87,7301
2025-11-06 11:54,TSLT,26.885,26.975,26.87,26.94,3275
2025-11-06 11:55,TSLT,26.96,26.96,26.685,26.685,2752
2025-11-06 11:56,TSLT,26.695,26.725,26.3015,26.32,17938
2025-11-06 11:57,TSLT,26.31,26.49,26.26,26.48,29226
2025-11-06 11:58,TSLT,26.4799,26.56,26.4799,26.53,7050
2025-11-06 11:59,TSLT,26.53,26.58,26.4894,26.5645,2996
2025-11-06 12:00,TSLT,26.56,26.795,26.56,26.795,6431
2025-11-06 12:01,TSLT,26.79,26.91,26.79,26.8586,7883
2025-11-06 12:02,TSLT,26.865,27.0699,26.835,27.0699,11710
2025-11-06 12:03,TSLT,27.07,27.085,26.915,26.96,9947
2025-11-06 12:04,TSLT,26.96,27.02,26.95,27.005,6528
2025-11-06 12:05,TSLT,27.03,27.06,26.98,27.04,14592
2025-11-06 12:06,TSLT,27.03,27.17,27.025,27.14,11272
2025-11-06 12:07,TSLT,27.145,27.15,26.96,26.99,12775
2025-11-06 12:08,TSLT,26.99,27.1,26.988163,27.07,4950
2025-11-06 12:09,TSLT,27.12,27.27,27.11,27.26,7856
2025-11-06 12:10,TSLT,27.26,27.325,27.26,27.3128,9578
2025-11-06 12:11,TSLT,27.33,27.3777,27.31,27.35,16763
2025-11-06 12:12,TSLT,27.3587,27.36,27.235,27.26,24973
2025-11-06 12:13,TSLT,27.255,27.305,27.185,27.185,8250
2025-11-06 12:14,TSLT,27.155,27.165,26.97,27.02,11302
2025-11-06 12:15,TSLT,27.02,27.055,26.995,27.01,4525
2025-11-06 12:16,TSLT,27.015,27.025,26.91,26.91,7175
2025-11-06 12:17,TSLT,26.9213,27.045,26.9213,26.985,12947
2025-11-06 12:18,TSLT,27.0,27.1,27.0,27.06,2227
2025-11-06 12:19,TSLT,27.04,27.0586,26.99,27.01,24910
2025-11-06 12:20,TSLT,27.0,27.0,26.858119,26.91,9813
2025-11-06 12:21,TSLT,26.9,26.905,26.755,26.755,6664
2025-11-06 12:22,TSLT,26.76,26.83,26.75,26.79,7400
2025-11-06 12:23,TSLT,26.865,26.885,26.8,26.8,2102
2025-11-06 12:24,TSLT,26.81,26.81,26.76,26.78,1800
2025-11-06 12:25,TSLT,26.78,26.805,26.75,26.79,5211
2025-11-06 12:26,TSLT,26.8,26.845,26.75,26.8299,3678
2025-11-06 12:27,TSLT,26.86,26.93,26.86,26.915,7946
2025-11-06 12:28,TSLT,26.89,26.905,26.81,26.825,7948
2025-11-06 12:29,TSLT,26.805,26.85,26.785,26.83,9505
2025-11-06 12:30,TSLT,26.86,26.865,26.825,26.845,4734
2025-11-06 12:31,TSLT,26.85,26.985,26.85,26.88,4891
2025-11-06 12:32,TSLT,26.91,27.1,26.91,27.07,5758
2025-11-06 12:33,TSLT,27.06,27.17,27.055,27.095,19195
2025-11-06 12:34,TSLT,27.115,27.115,27.02,27.0599,5593
2025-11-06 12:35,TSLT,27.06,27.24,27.06,27.21,8680
2025-11-06 12:36,TSLT,27.17,27.225,27.17,27.22,1200
2025-11-06 12:37,TSLT,27.23,27.31,27.2,27.2,11146
2025-11-06 12:38,TSLT,27.205,27.32,27.195,27.31,8273
2025-11-06 12:39,TSLT,27.32,27.325,27.165,27.21,13845
2025-11-06 12:40,TSLT,27.21,27.3145,27.19,27.29,7306
2025-11-06 12:41,TSLT,27.27,27.27,27.11,27.11,7275
2025-11-06 12:42,TSLT,27.145,27.29,27.145,27.2887,6706
2025-11-06 12:43,TSLT,27.3,27.408,27.285,27.36,3793
2025-11-06 12:44,TSLT,27.36,27.365,27.235,27.265,7865
2025-11-06 12:45,TSLT,27.27,27.34,27.27,27.31,1135
2025-11-06 12:46,TSLT,27.3399,27.435,27.3399,27.4,3376
2025-11-06 12:47,TSLT,27.39,27.52,27.39,27.478,6408
2025-11-06 12:48,TSLT,27.46,27.495,27.46,27.46,12418
2025-11-06 12:49,TSLT,27.475,27.48,27.455,27.465,5963
2025-11-06 12:50,TSLT,27.435,27.47,27.375,27.415,10697
2025-11-06 12:51,TSLT,27.41,27.52,27.41,27.495,12125
2025-11-06 12:52,TSLT,27.515,27.53,27.475,27.49,5469
2025-11-06 12:53,TSLT,27.49,27.525,27.45,27.455,6875
2025-11-06 12:54,TSLT,27.48,27.55,27.475,27.54,3026
2025-11-06 12:55,TSLT,27.51,27.57,27.51,27.57,4194
2025-11-06 12:56,TSLT,27.55,27.645,27.55,27.645,18712
2025-11-06 12:57,TSLT,27.6701,27.6701,27.55,27.55,8248
2025-11-06 12:58,TSLT,27.64,27.66,27.625,27.63,1589
2025-11-06 12:59,TSLT,27.605,27.61,27.56,27.595,4100
2025-11-06 13:00,TSLT,27.57,27.64,27.57,27.58,4137
2025-11-06 13:01,TSLT,27.585,27.64,27.55,27.59,5693
2025-11-06 13:02,TSLT,27.6,27.605,27.52,27.55,10898
2025-11-06 13:03,TSLT,27.56,27.56,27.415,27.44,12426
2025-11-06 13:04,TSLT,27.47,27.49,27.3273,27.335,11381
2025-11-06 13:05,TSLT,27.335,27.34,27.29,27.29,14750
2025-11-06 13:06,TSLT,27.25,27.29,27.17,27.22,6122
2025-11-06 13:07,TSLT,27.25,27.32,27.25,27.28,12909
2025-11-06 13:08,TSLT,27.265,27.3199,27.2497,27.2497,4580
2025-11-06 13:09,TSLT,27.22,27.24,27.12,27.12,3600
2025-11-06 13:10,TSLT,27.1173,27.195,27.1,27.195,6826
2025-11-06 13:11,TSLT,27.19,27.25,27.185,27.2199,6380
2025-11-06 13:12,TSLT,27.235,27.29,27.18,27.18,5266
2025-11-06 13:13,TSLT,27.21,27.39,27.21,27.295,4913
2025-11-06 13:14,TSLT,27.33,27.38,27.28,27.38,3387
2025-11-06 13:15,TSLT,27.37,27.5,27.37,27.42,8495
2025-11-06 13:16,TSLT,27.47,27.47,27.41,27.435,3006
2025-11-06 13:17,TSLT,27.42,27.425,27.34,27.405,7859
2025-11-06 13:18,TSLT,27.42,27.43,27.375,27.38,2325
2025-11-06 13:19,TSLT,27.371,27.425,27.35,27.41,2205
2025-11-06 13:20,TSLT,27.4,27.5,27.395,27.4483,3003
2025-11-06 13:21,TSLT,27.46,27.48,27.4209,27.48,13039
2025-11-06 13:22,TSLT,27.465,27.4963,27.46,27.47,2738
2025-11-06 13:23,TSLT,27.485,27.59,27.485,27.57,6245
2025-11-06 13:24,TSLT,27.575,27.73,27.575,27.7056,9760
2025-11-06 13:25,TSLT,27.7,27.805,27.695,27.75,29461
2025-11-06 13:26,TSLT,27.749,27.85,27.74,27.85,5379
2025-11-06 13:27,TSLT,27.83,27.835,27.715,27.715,3098
2025-11-06 13:28,TSLT,27.705,27.7998,27.695,27.7998,2428
2025-11-06 13:29,TSLT,27.8,27.82,27.76,27.77,3250
2025-11-06 13:30,TSLT,27.75,27.835,27.75,27.82,3558
2025-11-06 13:31,TSLT,27.83,27.84,27.755,27.8,1400
2025-11-06 13:32,TSLT,27.78,27.79,27.75,27.775,3500
2025-11-06 13:33,TSLT,27.785,27.79,27.72,27.72,5334
2025-11-06 13:34,TSLT,27.735,27.77,27.685,27.75,2477
2025-11-06 13:35,TSLT,27.8,27.87,27.79,27.865,1925
2025-11-06 13:36,TSLT,27.875,27.97,27.87,27.97,8805
2025-11-06 13:37,TSLT,27.9599,27.97,27.91,27.92,5283
2025-11-06 13:38,TSLT,27.92,27.94,27.84,27.86,3250
2025-11-06 13:39,TSLT,27.875,27.94,27.875,27.93,1025
2025-11-06 13:40,TSLT,27.95,27.98,27.865,27.8659,6100
2025-11-06 13:41,TSLT,27.87,27.88,27.83,27.84,10063
2025-11-06 13:42,TSLT,27.875,27.9337,27.835,27.9337,19779
2025-11-06 13:43,TSLT,27.945,27.955,27.9,27.91,3750
2025-11-06 13:44,TSLT,27.935,28.01,27.935,27.95,8317
2025-11-06 13:45,TSLT,27.96,27.99,27.91,27.91,4492
2025-11-06 13:46,TSLT,27.905,27.915,27.755,27.78,5216
2025-11-06 13:47,TSLT,27.79,27.96,27.79,27.9,6737
2025-11-06 13:48,TSLT,27.9,27.985,27.9,27.945,2656
2025-11-06 13:49,TSLT,27.94,27.985,27.9,27.965,2375
2025-11-06 13:50,TSLT,27.965,28.0,27.94,27.99,7566
2025-11-06 13:51,TSLT,27.965,28.02,27.945,28.01,7204
2025-11-06 13:52,TSLT,28.0,28.04,27.97,28.025,4354
2025-11-06 13:53,TSLT,28.0399,28.045,27.89,27.97,3294
2025-11-06 13:54,TSLT,27.96,28.04,27.94,28.04,5907
2025-11-06 13:55,TSLT,28.025,28.025,27.91,27.93,1366
2025-11-06 13:56,TSLT,27.925,27.94,27.855,27.9,9968
2025-11-06 13:57,TSLT,27.92,27.935,27.88,27.925,10687
2025-11-06 13:58,TSLT,27.945,27.99,27.935,27.96,2850
2025-11-06 13:59,TSLT,27.95,27.95,27.88,27.92,7454
2025-11-06 14:00,TSLT,27.915,27.94,27.9,27.92,6683
2025-11-06 14:01,TSLT,27.91,27.945,27.875,27.88,7030
2025-11-06 14:02,TSLT,27.875,27.875,27.7695,27.7695,11982
2025-11-06 14:03,TSLT,27.82,27.9301,27.8,27.9301,11804
2025-11-06 14:04,TSLT,27.9003,28.03,27.9,27.985,7986
2025-11-06 14:05,TSLT,28.005,28.13,27.97,28.11,21606
2025-11-06 14:06,TSLT,28.1,28.15,28.07,28.125,11869
2025-11-06 14:07,TSLT,28.13,28.15,28.09,28.11,4598
2025-11-06 14:08,TSLT,28.09,28.1672,28.07,28.12,2744
2025-11-06 14:09,TSLT,28.08,28.08,27.91,27.955,6500
2025-11-06 14:10,TSLT,28.005,28.118,28.0,28.08,7677
2025-11-06 14:11,TSLT,28.0492,28.055,28.0087,28.02,4591
2025-11-06 14:12,TSLT,28.025,28.09,28.0229,28.09,2747
2025-11-06 14:13,TSLT,28.07,28.12,28.07,28.12,1675
2025-11-06 14:14,TSLT,28.13,28.13,28.1,28.11,16057
2025-11-06 14:15,TSLT,28.135,28.14,28.02,28.03,4544
2025-11-06 14:16,TSLT,28.04,28.045,27.89,27.89,12391
2025-11-06 14:17,TSLT,27.89,27.905,27.77,27.81,8143
2025-11-06 14:18,TSLT,27.805,27.84,27.765,27.77,3848
2025-11-06 14:19,TSLT,27.75,27.91,27.74,27.88,8498
2025-11-06 14:20,TSLT,27.91,27.915,27.85,27.85,5050
2025-11-06 14:21,TSLT,27.895,27.96,27.895,27.95,1025
2025-11-06 14:22,TSLT,27.9528,27.98,27.89,27.94,6802
2025-11-06 14:23,TSLT,27.945,28.0287,27.935,28.025,6648
2025-11-06 14:24,TSLT,28.035,28.1,28.035,28.04,2862
2025-11-06 14:25,TSLT,28.02,28.1,28.02,28.1,4150
2025-11-06 14:26,TSLT,28.1193,28.2,28.1193,28.2,13890
2025-11-06 14:27,TSLT,28.2,28.27,28.115,28.115,9234
2025-11-06 14:28,TSLT,28.12,28.25,28.115,28.25,2880
2025-11-06 14:29,TSLT,28.26,28.3,28.255,28.295,2566
2025-11-06 14:30,TSLT,28.2952,28.2952,28.24,28.24,2375
2025-11-06 14:31,TSLT,28.24,28.27,28.165,28.2,6074
2025-11-06 14:32,TSLT,28.21,28.215,28.15,28.15,3750
2025-11-06 14:33,TSLT,28.15,28.19,28.15,28.18,2909
2025-11-06 14:34,TSLT,28.18,28.2,28.14,28.2,2680
2025-11-06 14:35,TSLT,28.195,28.195,28.16,28.17,2024
2025-11-06 14:36,TSLT,28.135,28.15,28.125,28.15,1230
2025-11-06 14:37,TSLT,28.12,28.275,28.11,28.275,3730
2025-11-06 14:38,TSLT,28.27,28.325,28.265,28.29,5389
2025-11-06 14:39,TSLT,28.295,28.33,28.2014,28.2014,5135
2025-11-06 14:40,TSLT,28.205,28.315,28.19,28.315,3205
2025-11-06 14:41,TSLT,28.305,28.305,28.2254,28.23,2500
2025-11-06 14:42,TSLT,28.22,28.22,28.125,28.14,8731
2025-11-06 14:43,TSLT,28.1486,28.235,28.145,28.2303,3442
2025-11-06 14:44,TSLT,28.241,28.28,28.23,28.275,17118
2025-11-06 14:45,TSLT,28.27,28.3,28.21,28.23,2195
2025-11-06 14:46,TSLT,28.23,28.23,28.135,28.135,4415
2025-11-06 14:47,TSLT,28.14,28.14,27.93,27.995,15714
2025-11-06 14:48,TSLT,28.02,28.07,28.015,28.03,4747
2025-11-06 14:49,TSLT,28.0501,28.075,28.015,28.075,3345
2025-11-06 14:50,TSLT,28.045,28.09,28.02,28.055,16600
2025-11-06 14:51,TSLT,28.065,28.1,27.97,27.98,4938
2025-11-06 14:52,TSLT,27.995,27.995,27.86,27.885,6845
2025-11-06 14:53,TSLT,27.88,27.95,27.88,27.95,1875
2025-11-06 14:54,TSLT,27.94,27.979535,27.885,27.885,3225
2025-11-06 14:55,TSLT,27.89,27.91,27.87,27.91,3125
2025-11-06 14:56,TSLT,27.94,27.965,27.9,27.91,4095
2025-11-06 14:57,TSLT,27.92,27.985,27.915,27.96,3105
2025-11-06 14:58,TSLT,27.97,28.01,27.9696,27.975,3375
2025-11-06 14:59,TSLT,27.965,28.035,27.96,28.02,4244
2025-11-06 15:00,TSLT,28.035,28.115,28.03,28.07,5759
2025-11-06 15:01,TSLT,28.06,28.07,27.975,28.04,2250
2025-11-06 15:02,TSLT,28.03,28.05,27.88,27.89,3104
2025-11-06 15:03,TSLT,27.91,28.04,27.91,28.04,3907
2025-11-06 15:04,TSLT,28.045,28.07,28.04,28.055,1175
2025-11-06 15:05,TSLT,28.085,28.19,28.08,28.11,4232
2025-11-06 15:06,TSLT,28.105,28.14,28.01,28.1179,2946
2025-11-06 15:07,TSLT,28.13,28.19,28.125,28.165,15555
2025-11-06 15:08,TSLT,28.175,28.21,28.1,28.11,3307
2025-11-06 15:09,TSLT,28.07,28.125,28.06,28.11,3008
2025-11-06 15:10,TSLT,28.095,28.15,28.08,28.08,2679
2025-11-06 15:11,TSLT,28.085,28.15,28.075,28.13,5405
2025-11-06 15:12,TSLT,28.18,28.2,28.0,28.005,2702
2025-11-06 15:13,TSLT,28.005,28.005,27.95,27.96,6698
2025-11-06 15:14,TSLT,27.97,28.03,27.97,28.03,500
2025-11-06 15:15,TSLT,28.015,28.025,27.9,27.91,1300
2025-11-06 15:16,TSLT,27.9,27.93,27.79,27.925,7125
2025-11-06 15:17,TSLT,27.93,27.93,27.86,27.86,4335
2025-11-06 15:18,TSLT,27.85,27.93,27.85,27.93,2350
2025-11-06 15:19,TSLT,27.91,27.955,27.88,27.88,3238
2025-11-06 15:20,TSLT,27.895,27.895,27.74,27.79,6211
2025-11-06 15:21,TSLT,27.82,27.92,27.82,27.905,3750
2025-11-06 15:22,TSLT,27.93,27.935,27.895,27.935,2425
2025-11-06 15:23,TSLT,27.91,27.98,27.91,27.98,4425
2025-11-06 15:24,TSLT,27.98,28.04,27.98,28.015,1832
2025-11-06 15:25,TSLT,27.995,28.035,27.99,28.025,2150
2025-11-06 15:26,TSLT,28.05,28.075,28.04,28.07,5221
2025-11-06 15:27,TSLT,28.085,28.135,28.055,28.135,6407
2025-11-06 15:28,TSLT,28.125,28.13,28.07,28.13,8605
2025-11-06 15:29,TSLT,28.14,28.14,28.05,28.05,2562
2025-11-06 15:30,TSLT,28.04,28.04,27.895,27.895,9121
2025-11-06 15:31,TSLT,27.86,27.94,27.855,27.93,7988
2025-11-06 15:32,TSLT,27.915,27.95,27.855,27.95,3000
2025-11-06 15:33,TSLT,27.97,27.975,27.95,27.95,2880
2025-11-06 15:34,TSLT,27.95,28.02,27.95,28.02,4267
2025-11-06 15:35,TSLT,28.01,28.05,28.005,28.05,2138
2025-11-06 15:36,TSLT,28.075,28.1,28.05,28.09,3310
2025-11-06 15:37,TSLT,28.07,28.12,27.995,27.995,4339
2025-11-06 15:38,TSLT,27.98,27.99,27.865,27.9,5504
2025-11-06 15:39,TSLT,27.9,27.905,27.84,27.85,19600
2025-11-06 15:40,TSLT,27.865,27.92,27.81,27.815,4698
2025-11-06 15:41,TSLT,27.82,27.85,27.8,27.8,1900
2025-11-06 15:42,TSLT,27.77,27.79,27.655,27.765,5995
2025-11-06 15:43,TSLT,27.79,27.825,27.77,27.825,5975
2025-11-06 15:44,TSLT,27.85,27.85,27.78,27.78,17756
2025-11-06 15:45,TSLT,27.78,27.8,27.575,27.605,16012
2025-11-06 15:46,TSLT,27.62,27.62,27.41,27.54,21003
2025-11-06 15:47,TSLT,27.525,27.57,27.51,27.51,4530
2025-11-06 15:48,TSLT,27.505,27.56,27.4825,27.555,19405
2025-11-06 15:49,TSLT,27.54,27.6,27.45,27.49,13210
2025-11-06 15:50,TSLT,27.49,27.61,27.46,27.575,23339
2025-11-06 15:51,TSLT,27.58,27.65,27.525,27.61,9129
2025-11-06 15:52,TSLT,27.59,27.635,27.53,27.59,15094
2025-11-06 15:53,TSLT,27.59,27.72,27.585,27.59,9202
2025-11-06 15:54,TSLT,27.62,27.695,27.525,27.525,15637
2025-11-06 15:55,TSLT,27.51,27.73,27.507,27.66,23444
2025-11-06 15:56,TSLT,27.65,27.655,27.65,27.65,893
2025-10-08 10:10,UMDD,25.64,25.64,25.64,25.64,950
2025-10-08 12:32,UMDD,25.9701,25.9701,25.9701,25.9701,100
2025-10-08 12:36,UMDD,25.9794,25.9794,25.9794,25.9794,1307
2025-10-08 12:42,UMDD,26.0,26.0,26.0,26.0,172
2025-10-08 13:45,UMDD,25.9942,25.9942,25.9942,25.9942,602
2025-10-08 13:56,UMDD,26.015,26.015,26.015,26.015,300
2025-10-08 14:17,UMDD,26.005,26.005,26.005,26.005,100
2025-10-08 14:47,UMDD,25.89,25.89,25.89,25.89,250
2025-10-09 10:03,UMDD,25.6287,25.6287,25.6287,25.6287,100
2025-10-09 10:45,UMDD,25.3,25.3,25.3,25.3,267
2025-10-09 11:30,UMDD,25.45,25.45,25.45,25.45,1000
2025-10-09 11:53,UMDD,25.5,25.59,25.5,25.59,359
2025-10-09 12:02,UMDD,25.608,25.608,25.608,25.608,100
2025-10-09 13:02,UMDD,25.27,25.27,25.27,25.27,100
2025-10-09 13:26,UMDD,25.2391,25.2391,25.2391,25.2391,233
2025-10-09 13:48,UMDD,25.25,25.25,25.25,25.25,200
2025-10-09 13:50,UMDD,25.3062,25.3062,25.3062,25.3062,233
2025-10-09 14:06,UMDD,25.15,25.15,25.15,25.15,100
2025-10-09 14:55,UMDD,25.035,25.035,25.035,25.035,100
2025-10-09 15:03,UMDD,25.129,25.129,25.129,25.129,258
2025-10-09 15:12,UMDD,25.0411,25.0411,25.0411,25.0411,200
2025-10-09 15:36,UMDD,25.1685,25.1685,25.1685,25.1685,100
2025-10-09 15:40,UMDD,25.2515,25.2515,25.2515,25.2515,398
2025-10-09 15:52,UMDD,25.3158,25.3158,25.3158,25.3158,172
2025-10-09 15:55,UMDD,25.2621,25.279,25.2621,25.279,866
2025-10-09 16:34,UMDD,25.4,25.4,25.4,25.4,450
2025-10-10 10:08,UMDD,25.207,25.207,25.207,25.207,233
2025-10-10 10:10,UMDD,25.1908,25.1908,25.1908,25.1908,390
2025-10-10 10:16,UMDD,25.04,25.04,25.04,25.04,150
2025-10-10 10:20,UMDD,25.034,25.034,25.034,25.034,133
2025-10-10 10:37,UMDD,25.09,25.09,25.09,25.09,100
2025-10-10 11:07,UMDD,24.2641,24.2641,24.2641,24.2641,357
2025-10-10 11:11,UMDD,24.5557,24.5557,24.5557,24.5557,333
2025-10-10 11:17,UMDD,24.4986,24.4986,24.4986,24.4986,103
2025-10-10 11:24,UMDD,23.9614,24.0168,23.9614,24.0168,573
2025-10-10 11:28,UMDD,24.1542,24.1542,24.1542,24.1542,333
2025-10-10 11:30,UMDD,23.9,23.978,23.9,23.96,1000
2025-10-10 11:32,UMDD,23.83,23.83,23.7816,23.7816,300
2025-10-10 11:40,UMDD,23.68,23.68,23.68,23.68,100
2025-10-10 12:00,UMDD,23.9099,23.9099,23.9099,23.9099,400
2025-10-10 12:08,UMDD,23.726,23.726,23.726,23.726,115
2025-10-10 12:16,UMDD,23.925,23.925,23.925,23.925,899
2025-10-10 12:17,UMDD,23.8519,23.8519,23.8519,23.8519,100
2025-10-10 12:26,UMDD,23.8848,23.8848,23.8848,23.8848,400
2025-10-10 13:06,UMDD,23.52,23.52,23.41,23.41,2535
2025-10-10 13:11,UMDD,23.44,23.44,23.44,23.44,500
2025-10-10 14:44,UMDD,23.55,23.55,23.55,23.55,120
2025-10-10 15:52,UMDD,23.1688,23.1688,23.1688,23.1688,173
2025-10-10 15:55,UMDD,23.005,23.005,22.9409,22.9739,867
2025-10-13 09:36,UMDD,24.016,24.016,24.016,24.016,300
2025-10-13 09:45,UMDD,24.05,24.05,24.05,24.05,200
2025-10-13 10:25,UMDD,24.0237,24.0237,24.0237,24.0237,233
2025-10-13 11:22,UMDD,24.3944,24.3944,24.3944,24.3944,100
2025-10-13 11:39,UMDD,24.36,24.36,24.36,24.36,1000
2025-10-13 12:15,UMDD,24.4,24.4,24.4,24.4,790
2025-10-13 12:22,UMDD,24.38,24.38,24.38,24.38,420
2025-10-13 13:10,UMDD,24.515,24.515,24.515,24.515,300
2025-10-13 14:24,UMDD,24.52,24.52,24.52,24.52,814
2025-10-13 15:36,UMDD,24.4,24.4,24.4,24.4,105
2025-10-14 09:30,UMDD,23.52,23.52,23.52,23.52,101
2025-10-14 09:32,UMDD,23.7135,23.7135,23.7135,23.7135,215
2025-10-14 09:41,UMDD,23.9189,23.9189,23.9189,23.9189,200
2025-10-14 11:21,UMDD,24.4549,24.4549,24.4549,24.4549,1723
2025-10-14 12:23,UMDD,24.82,24.82,24.82,24.82,420
2025-10-14 13:04,UMDD,25.06,25.06,25.06,25.06,207
2025-10-14 13:48,UMDD,25.3,25.3,25.3,25.3,150
2025-10-14 13:52,UMDD,25.419,25.419,25.3,25.3,3150
2025-10-14 14:25,UMDD,25.2594,25.2594,25.2594,25.2594,500
2025-10-14 14:32,UMDD,25.3899,25.3899,25.3899,25.3899,100
2025-10-14 14:35,UMDD,25.346,25.346,25.346,25.346,500
2025-10-14 15:13,UMDD,25.4028,25.4028,25.4028,25.4028,232
2025-10-14 15:16,UMDD,25.4409,25.4409,25.4409,25.4409,317
2025-10-14 15:21,UMDD,25.41,25.41,25.41,25.41,200
2025-10-14 15:58,UMDD,25.08,25.08,25.08,25.08,100
2025-10-15 08:55,UMDD,25.99,25.99,25.99,25.99,100
2025-10-15 09:30,UMDD,25.36,25.36,25.36,25.36,4678
2025-10-15 09:50,UMDD,25.539,25.54,25.485,25.485,1138
2025-10-15 09:59,UMDD,25.61,25.61,25.61,25.61,100
2025-10-15 10:00,UMDD,25.6,25.6,25.6,25.6,100
2025-10-15 10:01,UMDD,25.65,25.65,25.65,25.65,2658
2025-10-15 10:30,UMDD,25.6,25.6,25.6,25.6,105
2025-10-15 10:37,UMDD,25.5026,25.63,25.5026,25.63,834
2025-10-15 10:45,UMDD,25.4,25.4,25.4,25.4,100
2025-10-15 11:00,UMDD,25.35,25.35,25.35,25.35,1000
2025-10-15 11:30,UMDD,25.31,25.31,25.31,25.31,100
2025-10-15 11:45,UMDD,25.02,25.02,25.02,25.02,100
2025-10-15 11:51,UMDD,24.9958,24.9958,24.9958,24.9958,103
2025-10-15 12:05,UMDD,25.02,25.02,25.02,25.02,203
2025-10-15 12:16,UMDD,25.08,25.08,25.08,25.08,100
2025-10-15 12:54,UMDD,25.02,25.02,25.02,25.02,100
2025-10-15 13:20,UMDD,24.612,24.612,24.61,24.61,704
2025-10-15 13:25,UMDD,24.7986,24.7986,24.7986,24.7986,103
2025-10-15 13:28,UMDD,24.75,24.75,24.75,24.75,473
2025-10-15 14:56,UMDD,25.2676,25.2676,25.2676,25.2676,123
2025-10-15 15:29,UMDD,25.205,25.205,25.205,25.205,1000
2025-10-15 15:59,UMDD,25.09,25.09,25.09,25.09,100
2025-10-15 16:00,UMDD,25.1,25.1,25.1,25.1,129
2025-10-16 07:38,UMDD,25.97,25.99,25.97,25.99,250
2025-10-16 09:35,UMDD,25.2,25.2,25.2,25.2,121
2025-10-16 09:40,UMDD,25.2,25.2,25.2,25.2,879
2025-10-16 09:51,UMDD,25.0256,25.0256,25.0256,25.0256,985
2025-10-16 12:34,UMDD,24.3,24.3,24.3,24.3,300
2025-10-16 12:43,UMDD,24.4338,24.4338,24.4338,24.4338,516
2025-10-16 12:48,UMDD,24.3357,24.3357,24.3357,24.3357,203
2025-10-16 14:05,UMDD,24.2,24.2,24.2,24.2,165
2025-10-16 14:26,UMDD,24.0274,24.0274,24.0274,24.0274,103
2025-10-16 14:41,UMDD,24.0196,24.0196,24.0196,24.0196,233
2025-10-16 14:58,UMDD,24.1884,24.1884,24.1884,24.1884,250
2025-10-16 15:01,UMDD,24.1799,24.1799,24.1799,24.1799,500
2025-10-16 15:50,UMDD,24.098,24.098,24.098,24.098,123
2025-10-16 15:54,UMDD,24.2,24.2,24.2,24.2,1159
2025-10-16 15:55,UMDD,24.2,24.2,24.2,24.2,855
2025-10-16 15:59,UMDD,24.18,24.18,24.18,24.18,100
2025-10-17 09:30,UMDD,24.1,24.1,24.1,24.1,121
2025-10-17 10:01,UMDD,24.04,24.04,24.04,24.04,300
2025-10-17 10:17,UMDD,24.46,24.46,24.41,24.41,1000
2025-10-17 11:12,UMDD,24.005,24.005,24.005,24.005,300
2025-10-17 11:36,UMDD,23.83,23.83,23.83,23.83,192
2025-10-17 11:44,UMDD,23.935,23.935,23.935,23.935,231
2025-10-17 13:09,UMDD,23.9552,23.9552,23.9552,23.9552,100
2025-10-17 13:21,UMDD,23.9485,23.9485,23.9485,23.9485,100
2025-10-17 13:25,UMDD,23.9886,23.9886,23.9886,23.9886,103
2025-10-17 16:00,UMDD,24.35,24.35,24.35,24.35,149
2025-10-20 09:30,UMDD,24.78,24.78,24.78,24.78,284
2025-10-20 09:35,UMDD,25.0,25.0,25.0,25.0,248
2025-10-20 09:36,UMDD,25.09,25.09,25.09,25.09,102
2025-10-20 09:59,UMDD,24.8922,24.8922,24.8922,24.8922,972
2025-10-20 10:46,UMDD,25.15,25.15,25.15,25.15,1760
2025-10-20 11:15,UMDD,25.03,25.03,25.03,25.03,300
2025-10-20 11:23,UMDD,24.9465,24.9465,24.9465,24.9465,299
2025-10-20 13:03,UMDD,25.12,25.12,25.12,25.12,376
2025-10-20 13:42,UMDD,25.2,25.2,25.2,25.2,300
2025-10-20 15:03,UMDD,25.26,25.26,25.26,25.26,100
2025-10-20 15:05,UMDD,25.238,25.238,25.238,25.238,150
2025-10-20 15:09,UMDD,25.26,25.26,25.26,25.26,100
2025-10-20 15:57,UMDD,25.2,25.2,25.19,25.19,200
2025-10-20 19:05,UMDD,25.75,25.75,25.75,25.75,100
2025-10-21 09:30,UMDD,25.1,25.1,25.028,25.04,2977
2025-10-21 09:34,UMDD,25.0,25.0,25.0,25.0,103
2025-10-21 09:35,UMDD,25.14,25.14,25.14,25.14,100
2025-10-21 09:47,UMDD,24.985,24.985,24.985,24.985,198
2025-10-21 09:52,UMDD,24.95,24.95,24.95,24.95,108
2025-10-21 09:57,UMDD,24.87,24.915,24.87,24.915,300
2025-10-21 10:03,UMDD,24.9699,24.9699,24.963,24.963,336
2025-10-21 10:06,UMDD,24.9884,24.9884,24.9401,24.9401,1103
2025-10-21 10:19,UMDD,25.25,25.25,25.25,25.25,1400
2025-10-21 13:59,UMDD,25.5287,25.5287,25.5287,25.5287,600
2025-10-21 14:02,UMDD,25.57,25.57,25.57,25.57,439
2025-10-21 14:58,UMDD,25.5101,25.5101,25.5101,25.5101,100
2025-10-21 15:00,UMDD,25.5378,25.5378,25.5378,25.5378,957
2025-10-21 15:39,UMDD,25.4998,25.4998,25.4998,25.4998,300
2025-10-21 16:00,UMDD,25.44,25.44,25.44,25.44,213
2025-10-22 07:00,UMDD,25.16,25.16,24.75,24.75,7053
2025-10-22 09:30,UMDD,25.27,25.27,25.27,25.27,362
2025-10-22 10:12,UMDD,25.2549,25.2549,25.2549,25.2549,2000
2025-10-22 10:47,UMDD,24.86,24.86,24.86,24.86,100
2025-10-22 11:16,UMDD,24.99,24.99,24.99,24.99,303
2025-10-22 11:31,UMDD,24.87,24.87,24.87,24.87,333
2025-10-22 11:37,UMDD,24.9629,24.9629,24.9629,24.9629,220
2025-10-22 11:47,UMDD,25.1,25.1,25.1,25.1,300
2025-10-22 11:52,UMDD,25.15,25.15,25.15,25.15,100
2025-10-22 12:07,UMDD,24.8213,24.8213,24.8213,24.8213,400
2025-10-22 12:36,UMDD,24.62,24.62,24.62,24.62,130
2025-10-22 13:14,UMDD,24.77,24.77,24.77,24.77,203
2025-10-22 14:48,UMDD,24.54,24.54,24.54,24.54,100
2025-10-22 15:13,UMDD,24.6594,24.6594,24.6594,24.6594,100
2025-10-22 15:32,UMDD,24.65,24.65,24.65,24.65,100
2025-10-22 15:40,UMDD,24.7699,24.7699,24.7699,24.7699,250
2025-10-22 15:44,UMDD,24.7115,24.7115,24.7115,24.7115,225
2025-10-22 15:48,UMDD,24.6815,24.6815,24.6815,24.6815,214
2025-10-22 15:53,UMDD,24.62,24.62,24.62,24.62,100
2025-10-22 15:59,UMDD,24.54,24.56,24.54,24.56,600
2025-10-23 10:09,UMDD,25.0102,25.0102,25.0102,25.0102,2000
2025-10-23 10:24,UMDD,24.92,24.92,24.92,24.92,119
2025-10-23 11:58,UMDD,25.201,25.3,25.201,25.3,965
2025-10-23 12:18,UMDD,25.38,25.38,25.38,25.38,100
2025-10-23 12:29,UMDD,25.3,25.3,25.3,25.3,500
2025-10-23 13:49,UMDD,25.6312,25.6312,25.6312,25.6312,250
2025-10-23 14:00,UMDD,25.63,25.63,25.63,25.63,500
2025-10-23 14:17,UMDD,25.6572,25.6572,25.6572,25.6572,250
2025-10-23 14:20,UMDD,25.6101,25.6101,25.6101,25.6101,225
2025-10-23 14:24,UMDD,25.6101,25.6101,25.6101,25.6101,250
2025-10-23 14:51,UMDD,25.6999,25.6999,25.6999,25.6999,100
2025-10-23 15:17,UMDD,25.6685,25.6685,25.6685,25.6685,250
2025-10-23 15:52,UMDD,25.55,25.55,25.55,25.55,500
2025-10-24 09:30,UMDD,26.25,26.25,26.2,26.2,343
2025-10-24 09:37,UMDD,26.25,26.25,26.25,26.25,2500
2025-10-24 09:38,UMDD,26.35,26.35,26.35,26.35,500
2025-10-24 09:44,UMDD,26.35,26.35,26.2978,26.2978,1419
2025-10-24 09:47,UMDD,26.35,26.35,26.35,26.35,125
2025-10-24 09:49,UMDD,26.365,26.365,26.365,26.365,1000
2025-10-24 09:53,UMDD,26.43,26.43,26.43,26.43,666
2025-10-24 09:56,UMDD,26.3273,26.3273,26.3273,26.3273,159
2025-10-24 09:58,UMDD,26.34,26.34,26.26,26.26,285
2025-10-24 10:21,UMDD,26.22,26.22,26.22,26.22,100
2025-10-24 10:40,UMDD,26.2714,26.2714,26.2714,26.2714,233
2025-10-24 10:42,UMDD,26.22,26.22,26.22,26.22,200
2025-10-24 10:44,UMDD,26.36,26.36,26.36,26.36,100
2025-10-24 10:58,UMDD,26.12,26.12,26.12,26.12,3300
2025-10-24 11:01,UMDD,26.18,26.18,26.18,26.18,200
2025-10-24 11:12,UMDD,26.26,26.26,26.26,26.26,100
2025-10-24 11:17,UMDD,26.36,26.36,26.36,26.36,189
2025-10-24 12:27,UMDD,26.152,26.152,26.152,26.152,773
2025-10-24 12:29,UMDD,26.12,26.12,26.12,26.12,100
2025-10-24 12:33,UMDD,26.1,26.15,26.1,26.15,1230
2025-10-24 12:35,UMDD,26.09,26.09,26.09,26.09,100
2025-10-24 15:20,UMDD,26.1,26.1,26.1,26.1,500
2025-10-24 16:00,UMDD,25.9,25.9,25.9,25.9,2068
2025-10-27 09:30,UMDD,26.46,26.46,26.46,26.46,1267
2025-10-27 09:38,UMDD,26.58,26.58,26.58,26.58,1000
2025-10-27 09:39,UMDD,26.55,26.55,26.55,26.55,430
2025-10-27 09:40,UMDD,26.58,26.58,26.58,26.58,564
2025-10-27 09:43,UMDD,26.4881,26.4881,26.47,26.47,477
2025-10-27 09:47,UMDD,26.5408,26.5408,26.5408,26.5408,275
2025-10-27 10:11,UMDD,26.5001,26.5001,26.5001,26.5001,1000
2025-10-27 10:15,UMDD,26.52,26.52,26.52,26.52,211
2025-10-27 11:16,UMDD,26.2601,26.2601,26.2601,26.2601,259
2025-10-27 11:20,UMDD,26.3004,26.3004,26.3004,26.3004,1000
2025-10-27 11:30,UMDD,26.35,26.35,26.35,26.35,100
2025-10-27 11:46,UMDD,26.35,26.35,26.35,26.35,1000
2025-10-27 11:59,UMDD,26.315,26.315,26.315,26.315,100
2025-10-27 12:01,UMDD,26.3097,26.3097,26.3097,26.3097,743
2025-10-27 14:53,UMDD,26.2199,26.2199,26.2199,26.2199,800
2025-10-27 15:03,UMDD,26.14,26.14,26.14,26.14,194
2025-10-27 15:05,UMDD,26.1788,26.1788,26.1788,26.1788,500
2025-10-27 15:08,UMDD,26.1517,26.1517,26.1517,26.1517,1219
2025-10-27 15:14,UMDD,26.22,26.22,26.22,26.22,342
2025-10-27 15:31,UMDD,26.2255,26.2255,26.2255,26.2255,1199
2025-10-27 15:38,UMDD,26.245,26.245,26.245,26.245,425
2025-10-27 15:53,UMDD,26.244,26.29,26.244,26.29,233
2025-10-27 15:55,UMDD,26.293,26.293,26.28,26.28,210
2025-10-27 15:59,UMDD,26.21,26.21,26.21,26.21,200
2025-10-28 09:48,UMDD,25.69,25.69,25.69,25.69,100
2025-10-28 09:52,UMDD,25.6585,25.6585,25.6585,25.6585,2895
2025-10-28 09:56,UMDD,25.775,25.775,25.775,25.775,100
2025-10-28 10:09,UMDD,25.6999,25.6999,25.5972,25.5972,403
2025-10-28 10:10,UMDD,25.65,25.65,25.65,25.65,5276
2025-10-28 10:12,UMDD,25.65,25.65,25.65,25.65,273
2025-10-28 10:13,UMDD,25.65,25.7,25.5936,25.7,973
2025-10-28 10:35,UMDD,25.9569,25.9569,25.9569,25.9569,129
2025-10-28 11:08,UMDD,25.92,25.92,25.92,25.92,100
2025-10-28 11:28,UMDD,25.7548,25.7548,25.7548,25.7548,350
2025-10-28 12:27,UMDD,25.74,25.74,25.74,25.74,100
2025-10-28 13:22,UMDD,25.81,25.8688,25.81,25.8688,1500
2025-10-28 13:24,UMDD,25.86,25.86,25.86,25.86,100
2025-10-28 13:33,UMDD,25.73,25.73,25.73,25.73,200
2025-10-28 13:47,UMDD,25.85,25.85,25.85,25.85,100
2025-10-28 14:50,UMDD,25.82,25.82,25.82,25.82,100
2025-10-28 15:15,UMDD,25.605,25.605,25.605,25.605,400
2025-10-28 15:30,UMDD,25.6196,25.6196,25.6196,25.6196,997
2025-10-28 15:36,UMDD,25.56,25.56,25.56,25.56,800
2025-10-28 15:37,UMDD,25.6,25.6,25.6,25.6,103
2025-10-28 15:39,UMDD,25.5515,25.6099,25.5515,25.6099,200
2025-10-28 15:50,UMDD,25.4488,25.4488,25.4488,25.4488,4179
2025-10-28 15:52,UMDD,25.5269,25.5269,25.5269,25.5269,100
2025-10-28 15:56,UMDD,25.56,25.56,25.56,25.56,500
2025-10-28 15:59,UMDD,25.55,25.55,25.55,25.55,430
2025-10-29 09:30,UMDD,25.42,25.42,25.42,25.42,178
2025-10-29 09:31,UMDD,25.165,25.165,25.165,25.165,103
2025-10-29 10:07,UMDD,25.55,25.55,25.55,25.55,100
2025-10-29 10:33,UMDD,25.53,25.54,25.52,25.52,400
2025-10-29 10:36,UMDD,25.405,25.405,25.405,25.405,1000
2025-10-29 10:53,UMDD,25.61,25.61,25.61,25.61,100
2025-10-29 10:56,UMDD,25.54,25.54,25.54,25.54,500
2025-10-29 11:44,UMDD,25.85,25.85,25.85,25.85,126
2025-10-29 11:47,UMDD,25.9,25.9,25.9,25.9,100
2025-10-29 12:16,UMDD,25.8569,25.8569,25.8569,25.8569,300
2025-10-29 12:40,UMDD,25.9,25.98,25.9,25.98,6674
2025-10-29 12:47,UMDD,25.9799,25.9799,25.9799,25.9799,132
2025-10-29 12:57,UMDD,25.97,25.97,25.97,25.97,100
2025-10-29 13:07,UMDD,25.86,25.86,25.86,25.86,100
2025-10-29 13:08,UMDD,25.8185,25.8185,25.8185,25.8185,100
2025-10-29 13:15,UMDD,25.89,25.89,25.89,25.89,100
2025-10-29 13:41,UMDD,25.7989,25.7989,25.7989,25.7989,785
2025-10-29 13:53,UMDD,25.86,25.86,25.86,25.86,100
2025-10-29 14:43,UMDD,24.84,24.84,24.84,24.84,150
2025-10-29 14:47,UMDD,25.0738,25.0738,25.0738,25.0738,203
2025-10-29 15:10,UMDD,25.1857,25.1857,25.1857,25.1857,100
2025-10-29 15:25,UMDD,25.16,25.16,25.16,25.16,100
2025-10-29 15:59,UMDD,24.99,24.99,24.99,24.99,100
2025-10-29 18:42,UMDD,24.59,24.59,24.59,24.59,265
2025-10-30 10:04,UMDD,25.01,25.01,25.01,25.01,100
2025-10-30 10:11,UMDD,25.0325,25.075,25.0325,25.075,356
2025-10-30 10:16,UMDD,25.0,25.0,25.0,25.0,300
2025-10-30 13:19,UMDD,24.775,24.84,24.775,24.83,945
2025-10-30 13:45,UMDD,24.86,24.86,24.86,24.86,100
2025-10-30 15:36,UMDD,24.31,24.34,24.31,24.34,350
2025-10-30 15:47,UMDD,24.2468,24.2468,24.2468,24.2468,200
2025-10-31 09:42,UMDD,24.15,24.15,24.15,24.15,300
2025-10-31 10:00,UMDD,24.44,24.44,24.44,24.44,704
2025-10-31 10:03,UMDD,24.44,24.44,24.44,24.44,211
2025-10-31 10:12,UMDD,24.4109,24.4109,24.4109,24.4109,132
2025-10-31 10:51,UMDD,24.63,24.63,24.63,24.63,100
2025-10-31 12:23,UMDD,24.2746,24.2746,24.2746,24.2746,1200
2025-10-31 12:26,UMDD,24.37,24.37,24.37,24.37,100
2025-10-31 12:35,UMDD,24.405,24.405,24.405,24.405,163
2025-10-31 13:41,UMDD,24.2082,24.2082,24.2082,24.2082,2000
2025-10-31 14:26,UMDD,24.42,24.42,24.42,24.42,499
2025-10-31 14:55,UMDD,24.4846,24.4846,24.4846,24.4846,100
2025-10-31 15:07,UMDD,24.55,24.55,24.55,24.55,300
2025-10-31 15:42,UMDD,24.75,24.75,24.75,24.75,1983
2025-10-31 15:55,UMDD,24.7387,24.7387,24.7387,24.7387,103
2025-11-03 09:30,UMDD,24.47,24.47,24.47,24.47,180
2025-11-03 09:34,UMDD,24.15,24.15,24.15,24.15,100
2025-11-03 09:36,UMDD,24.165,24.165,24.165,24.165,100
2025-11-03 09:38,UMDD,24.23,24.23,24.23,24.23,100
2025-11-03 09:44,UMDD,24.025,24.025,24.025,24.025,100
2025-11-03 09:45,UMDD,24.02,24.02,23.99,23.99,200
2025-11-03 09:47,UMDD,24.15,24.15,24.15,24.15,200
2025-11-03 09:56,UMDD,24.22,24.22,24.22,24.22,300
2025-11-03 10:08,UMDD,24.17,24.17,24.17,24.17,200
2025-11-03 10:16,UMDD,24.05,24.05,24.05,24.05,686
2025-11-03 10:19,UMDD,24.025,24.025,24.025,24.025,100
2025-11-03 10:29,UMDD,23.74,23.74,23.74,23.74,200
2025-11-03 10:37,UMDD,23.78,23.84,23.78,23.84,521
2025-11-03 10:38,UMDD,23.92,23.92,23.92,23.92,100
2025-11-03 10:44,UMDD,24.07,24.07,24.07,24.07,100
2025-11-03 10:51,UMDD,24.15,24.15,24.15,24.15,100
2025-11-03 10:58,UMDD,24.22,24.22,24.22,24.22,100
2025-11-03 11:06,UMDD,24.3,24.3,24.3,24.3,200
2025-11-03 11:29,UMDD,24.29,24.29,24.29,24.29,100
2025-11-03 11:32,UMDD,24.42,24.42,24.42,24.42,200
2025-11-03 11:40,UMDD,24.445,24.445,24.445,24.445,100
2025-11-03 11:49,UMDD,24.36,24.36,24.36,24.36,100
2025-11-03 11:54,UMDD,24.35,24.35,24.35,24.35,100
2025-11-03 11:56,UMDD,24.39,24.39,24.39,24.39,100
2025-11-03 12:08,UMDD,24.375,24.375,24.375,24.375,100
2025-11-03 12:16,UMDD,24.35,24.35,24.35,24.35,100
2025-11-03 12:17,UMDD,24.39,24.39,24.39,24.39,100
2025-11-03 12:18,UMDD,24.43,24.43,24.43,24.43,345
2025-11-03 12:27,UMDD,24.36,24.36,24.36,24.36,100
2025-11-03 12:31,UMDD,24.42,24.42,24.42,24.42,100
2025-11-03 12:37,UMDD,24.5,24.5,24.5,24.5,100
2025-11-03 12:44,UMDD,24.5136,24.5136,24.5136,24.5136,149
2025-11-03 12:49,UMDD,24.41,24.41,24.41,24.41,100
2025-11-03 12:50,UMDD,24.455,24.455,24.455,24.455,100
2025-11-03 12:56,UMDD,24.465,24.465,24.465,24.465,100
2025-11-03 12:57,UMDD,24.5,24.5,24.5,24.5,100
2025-11-03 13:12,UMDD,24.43,24.43,24.43,24.43,100
2025-11-03 13:18,UMDD,24.41,24.41,24.41,24.41,100
2025-11-03 13:24,UMDD,24.37,24.37,24.37,24.37,100
2025-11-03 13:29,UMDD,24.33,24.33,24.33,24.33,100
2025-11-03 13:31,UMDD,24.375,24.42,24.375,24.42,200
2025-11-03 13:32,UMDD,24.42,24.42,24.42,24.42,243
2025-11-03 13:48,UMDD,24.36,24.36,24.36,24.36,100
2025-11-03 13:56,UMDD,24.415,24.415,24.415,24.415,100
2025-11-03 14:06,UMDD,24.39,24.4,24.39,24.4,200
2025-11-03 14:18,UMDD,24.47,24.47,24.47,24.47,100
2025-11-03 14:19,UMDD,24.5,24.5,24.5,24.5,800
2025-11-03 14:29,UMDD,24.545,24.545,24.545,24.545,100
2025-11-03 14:34,UMDD,24.55,24.55,24.55,24.55,100
2025-11-03 14:44,UMDD,24.46,24.46,24.46,24.46,100
2025-11-03 14:47,UMDD,24.53,24.53,24.53,24.53,100
2025-11-03 14:54,UMDD,24.48,24.48,24.48,24.48,100
2025-11-03 14:58,UMDD,24.44,24.44,24.44,24.44,100
2025-11-03 15:03,UMDD,24.485,24.485,24.485,24.485,100
2025-11-03 15:04,UMDD,24.49,24.49,24.49,24.49,100
2025-11-03 15:11,UMDD,24.49,24.49,24.49,24.49,100
2025-11-03 15:14,UMDD,24.485,24.485,24.485,24.485,100
2025-11-03 15:17,UMDD,24.52,24.52,24.52,24.52,445
2025-11-03 15:28,UMDD,24.46,24.46,24.46,24.46,100
2025-11-03 15:31,UMDD,24.42,24.42,24.42,24.42,100
2025-11-03 15:34,UMDD,24.4,24.4,24.4,24.4,100
2025-11-03 15:37,UMDD,24.39,24.39,24.39,24.39,100
2025-11-03 15:39,UMDD,24.44,24.44,24.44,24.44,100
2025-11-03 15:40,UMDD,24.48,24.48,24.48,24.48,200
2025-11-03 15:49,UMDD,24.45,24.45,24.45,24.45,100
2025-11-03 15:50,UMDD,24.49,24.49,24.49,24.49,200
2025-11-03 15:58,UMDD,24.55,24.55,24.55,24.55,100
2025-11-03 15:59,UMDD,24.55,24.6,24.55,24.6,971
2025-11-03 16:00,UMDD,24.59,24.59,24.59,24.59,590
2025-11-04 09:34,UMDD,23.71,23.71,23.71,23.71,100
2025-11-04 10:25,UMDD,24.2358,24.2358,24.2358,24.2358,121
2025-11-04 11:14,UMDD,24.08,24.08,24.08,24.08,100
2025-11-04 11:15,UMDD,24.05,24.05,24.05,24.05,338
2025-11-04 14:00,UMDD,23.9201,23.9201,23.9201,23.9201,300
2025-11-04 15:54,UMDD,24.08,24.08,24.08,24.08,183
2025-11-04 15:58,UMDD,23.96,23.96,23.96,23.96,253
2025-11-04 19:58,UMDD,23.45,23.45,23.45,23.45,200
2025-11-05 09:27,UMDD,24.71,24.71,24.71,24.71,123
2025-11-05 09:30,UMDD,24.17,24.17,24.17,24.17,1000
2025-11-05 11:25,UMDD,24.18,24.18,24.18,24.18,3384
2025-11-05 12:35,UMDD,24.85,24.85,24.85,24.85,500
2025-11-05 12:43,UMDD,24.85,24.85,24.85,24.85,993
2025-11-05 14:30,UMDD,24.86,24.86,24.86,24.86,150
2025-11-05 15:18,UMDD,24.879,24.879,24.8615,24.8615,2000
2025-11-05 15:52,UMDD,24.65,24.65,24.65,24.65,183
2025-11-05 15:54,UMDD,24.6,24.6,24.6,24.6,700
2025-11-05 16:00,UMDD,24.47,24.47,24.47,24.47,168
2025-11-06 09:31,UMDD,0.0,0.0,0.0,0.0,0
2025-11-06 09:35,UMDD,0.0,0.0,0.0,0.0,0
2025-11-06 09:38,UMDD,24.72,24.72,24.72,24.72,192
2025-11-06 09:43,UMDD,24.5379,24.5379,24.5379,24.5379,187
2025-11-06 09:48,UMDD,24.6421,24.6421,24.6421,24.6421,103
2025-11-06 10:01,UMDD,24.36,24.36,24.36,24.36,113
2025-11-06 10:04,UMDD,24.3234,24.3234,24.3234,24.3234,451
2025-11-06 10:19,UMDD,24.3136,24.3136,24.3136,24.3136,103
2025-11-06 10:44,UMDD,24.0425,24.0425,24.0425,24.0425,103
2025-11-06 11:03,UMDD,24.0,24.0,24.0,24.0,100
2025-11-06 12:26,UMDD,23.55,23.55,23.55,23.55,700
2025-11-06 14:11,UMDD,23.91,23.91,23.91,23.91,400
2025-11-06 15:34,UMDD,24.005,24.005,24.005,24.005,700
2025-11-06 15:55,UMDD,23.84,23.84,23.825,23.825,1101
2025-11-05 12:58,UPRO,116.88,116.91,116.88,116.91,300
2025-11-05 12:59,UPRO,116.9,116.9001,116.87,116.87,1714
2025-11-05 13:00,UPRO,116.86,116.86,116.8,116.84,2303
2025-11-05 13:01,UPRO,116.86,116.94,116.86,116.92,1771
2025-11-05 13:02,UPRO,116.91,116.97,116.9,116.97,1380
2025-11-05 13:03,UPRO,116.97,116.99,116.9401,116.9401,2283
2025-11-05 13:04,UPRO,116.94,116.97,116.9245,116.97,820
2025-11-05 13:05,UPRO,116.95,116.95,116.9058,116.91,928
2025-11-05 13:06,UPRO,116.91,116.97,116.8933,116.95,852
2025-11-05 13:07,UPRO,116.9534,116.9534,116.89,116.91,918
2025-11-05 13:08,UPRO,116.86,116.87,116.85,116.8699,1752
2025-11-05 13:09,UPRO,116.85,116.86,116.85,116.855,300
2025-11-05 13:10,UPRO,116.85,116.86,116.83,116.83,2100
2025-11-05 13:11,UPRO,116.84,116.84,116.78,116.83,5550
2025-11-05 13:12,UPRO,116.83,116.9,116.83,116.89,5756
2025-11-05 13:13,UPRO,116.8899,116.925,116.87,116.925,3570
2025-11-05 13:14,UPRO,116.94,116.97,116.94,116.97,3979
2025-11-05 13:15,UPRO,116.96,117.04,116.96,117.02,3427
2025-11-05 13:16,UPRO,117.04,117.1,117.035,117.09,4130
2025-11-05 13:17,UPRO,117.09,117.12,117.03,117.03,2873
2025-11-05 13:18,UPRO,117.04,117.04,117.0099,117.0099,600
2025-11-05 13:19,UPRO,116.99,116.995,116.965,116.965,5323
2025-11-05 13:20,UPRO,116.921,116.95,116.92,116.92,9555
2025-11-05 13:21,UPRO,116.94,116.97,116.89,116.9,6640
2025-11-05 13:22,UPRO,116.91,116.9601,116.87,116.9601,3200
2025-11-05 13:23,UPRO,116.95,116.95,116.86,116.86,2284
2025-11-05 13:24,UPRO,116.8732,116.89,116.85,116.89,848
2025-11-05 13:25,UPRO,116.88,116.95,116.88,116.905,42873
2025-11-05 13:26,UPRO,116.89,116.89,116.84,116.865,13512
2025-11-05 13:27,UPRO,116.8607,116.88,116.805,116.825,6269
2025-11-05 13:28,UPRO,116.8606,116.925,116.8606,116.925,2020
2025-11-05 13:29,UPRO,116.91,117.0,116.91,116.98,3338
2025-11-05 13:30,UPRO,116.96,116.96,116.915,116.93,2100
2025-11-05 13:31,UPRO,116.91,116.951,116.91,116.9501,5077
2025-11-05 13:32,UPRO,116.93,116.95,116.9099,116.95,5400
2025-11-05 13:33,UPRO,116.98,117.0046,116.95,116.97,2150
2025-11-05 13:34,UPRO,116.965,116.98,116.96,116.98,1330
2025-11-05 13:35,UPRO,117.0,117.0545,117.0,117.0545,6225
2025-11-05 13:36,UPRO,117.07,117.16,117.06,117.1556,5637
2025-11-05 13:37,UPRO,117.16,117.16,117.13,117.15,662
2025-11-05 13:38,UPRO,117.155,117.19,117.155,117.19,1650
2025-11-05 13:39,UPRO,117.2,117.2,117.19,117.19,2100
2025-11-05 13:40,UPRO,117.19,117.19,117.14,117.14,1608
2025-11-05 13:41,UPRO,117.13,117.15,117.125,117.1398,1300
2025-11-05 13:42,UPRO,117.14,117.15,117.07,117.07,2020
2025-11-05 13:43,UPRO,117.06,117.1,117.0569,117.0816,7480
2025-11-05 13:44,UPRO,117.1001,117.11,117.08,117.11,810
2025-11-05 13:45,UPRO,117.07,117.08,117.02,117.08,4070
2025-11-05 13:46,UPRO,117.09,117.1,117.05,117.05,750
2025-11-05 13:47,UPRO,117.04,117.06,117.035,117.0501,1949
2025-11-05 13:48,UPRO,117.06,117.07,117.06,117.07,300
2025-11-05 13:49,UPRO,117.08,117.08,117.02,117.02,2500
2025-11-05 13:50,UPRO,117.05,117.06,117.02,117.03,1000
2025-11-05 13:51,UPRO,117.02,117.13,117.02,117.12,1988
2025-11-05 13:52,UPRO,117.12,117.12,117.1,117.11,3407
2025-11-05 13:53,UPRO,117.11,117.12,117.11,117.11,2268
2025-11-05 13:54,UPRO,117.1,117.1201,117.1,117.11,6005
2025-11-05 13:55,UPRO,117.1,117.1,117.07,117.08,1300
2025-11-05 13:56,UPRO,117.08,117.12,117.04,117.12,4980
2025-11-05 13:57,UPRO,117.1117,117.1117,117.0799,117.09,5160
2025-11-05 13:58,UPRO,117.0907,117.1,117.09,117.09,1200
2025-11-05 13:59,UPRO,117.13,117.13,117.1,117.1,500
2025-11-05 14:00,UPRO,117.08,117.08,116.96,116.98,4449
2025-11-05 14:01,UPRO,116.97,117.0,116.91,116.91,4269
2025-11-05 14:02,UPRO,116.89,116.89,116.83,116.85,11149
2025-11-05 14:03,UPRO,116.86,116.89,116.845,116.88,2900
2025-11-05 14:04,UPRO,116.88,116.885,116.88,116.885,200
2025-11-05 14:05,UPRO,116.93,116.93,116.88,116.88,1055
2025-11-05 14:06,UPRO,116.87,116.87,116.805,116.8065,1000
2025-11-05 14:07,UPRO,116.82,116.82,116.75,116.76,4081
2025-11-05 14:08,UPRO,116.76,116.76,116.68,116.69,3900
2025-11-05 14:09,UPRO,116.6501,116.7,116.64,116.69,1000
2025-11-05 14:10,UPRO,116.72,116.88,116.7,116.88,11396
2025-11-05 14:11,UPRO,116.89,116.89,116.8299,116.84,3780
2025-11-05 14:12,UPRO,116.82,116.89,116.82,116.82,1100
2025-11-05 14:13,UPRO,116.86,116.86,116.86,116.86,100
2025-11-05 14:14,UPRO,116.84,116.9,116.84,116.9,9867
2025-11-05 14:15,UPRO,116.9,116.94,116.9,116.919,3075
2025-11-05 14:16,UPRO,116.91,117.0,116.91,116.98,1440
2025-11-05 14:17,UPRO,117.01,117.03,116.99,117.03,2693
2025-11-05 14:18,UPRO,117.02,117.02,116.94,116.95,1150
2025-11-05 14:19,UPRO,117.03,117.03,117.01,117.01,2853
2025-11-05 14:20,UPRO,116.9899,116.9899,116.93,116.965,2815
2025-11-05 14:21,UPRO,116.97,116.98,116.95,116.95,300
2025-11-05 14:22,UPRO,116.93,116.95,116.87,116.92,3222
2025-11-05 14:23,UPRO,116.89,116.95,116.89,116.95,300
2025-11-05 14:24,UPRO,116.94,116.99,116.9388,116.985,4700
2025-11-05 14:25,UPRO,117.0,117.01,116.99,117.01,700
2025-11-05 14:26,UPRO,116.98,116.98,116.93,116.93,42854
2025-11-05 14:27,UPRO,116.92,116.94,116.9,116.9,3050
2025-11-05 14:28,UPRO,116.87,116.9,116.87,116.9,1400
2025-11-05 14:29,UPRO,116.9,116.91,116.885,116.885,1370
2025-11-05 14:30,UPRO,116.88,116.8901,116.87,116.89,1320
2025-11-05 14:31,UPRO,116.86,116.965,116.86,116.965,1402
2025-11-05 14:32,UPRO,116.97,117.0101,116.97,117.005,482
2025-11-05 14:33,UPRO,117.02,117.02,116.89,116.89,1069
2025-11-05 14:34,UPRO,116.9456,117.0,116.9456,116.97,1511
2025-11-05 14:35,UPRO,116.95,116.98,116.95,116.98,1911
2025-11-05 14:36,UPRO,116.98,116.98,116.97,116.97,10326
2025-11-05 14:37,UPRO,116.99,117.01,116.99,117.0,800
2025-11-05 14:38,UPRO,117.0,117.01,117.0,117.0,500
2025-11-05 14:39,UPRO,117.0,117.0,116.97,116.99,3623
2025-11-05 14:40,UPRO,116.99,116.99,116.95,116.96,13132
2025-11-05 14:41,UPRO,116.96,116.9801,116.95,116.98,5867
2025-11-05 14:42,UPRO,116.98,116.9801,116.96,116.96,1046
2025-11-05 14:43,UPRO,116.96,116.96,116.9,116.92,1500
2025-11-05 14:44,UPRO,116.93,116.95,116.91,116.91,1413
2025-11-05 14:45,UPRO,116.9,116.93,116.9,116.93,841
2025-11-05 14:46,UPRO,116.93,116.955,116.93,116.95,964
2025-11-05 14:47,UPRO,116.9524,116.9524,116.91,116.91,1200
2025-11-05 14:48,UPRO,116.89,116.8902,116.85,116.86,2760
2025-11-05 14:49,UPRO,116.86,116.86,116.84,116.84,800
2025-11-05 14:50,UPRO,116.84,116.91,116.83,116.91,2330
2025-11-05 14:51,UPRO,116.94,116.94,116.91,116.92,3100
2025-11-05 14:52,UPRO,116.91,116.93,116.905,116.92,3202
2025-11-05 14:53,UPRO,116.92,116.94,116.89,116.92,1400
2025-11-05 14:54,UPRO,116.94,116.975,116.935,116.965,1200
2025-11-05 14:55,UPRO,116.96,116.99,116.92,116.92,4425
2025-11-05 14:56,UPRO,116.92,116.92,116.9,116.9,1666
2025-11-05 14:57,UPRO,116.94,116.97,116.94,116.94,1000
2025-11-05 14:58,UPRO,116.93,116.95,116.9,116.95,2278
2025-11-05 14:59,UPRO,116.95,116.96,116.89,116.89,3421
2025-11-05 15:00,UPRO,116.89,116.94,116.88,116.94,9101
2025-11-05 15:01,UPRO,116.95,117.02,116.95,117.001,4451
2025-11-05 15:02,UPRO,117.02,117.03,116.9999,116.9999,3880
2025-11-05 15:03,UPRO,116.98,116.98,116.955,116.955,1100
2025-11-05 15:04,UPRO,116.93,116.96,116.93,116.95,2320
2025-11-05 15:05,UPRO,116.95,116.97,116.89,116.89,4027
2025-11-05 15:06,UPRO,116.89,116.94,116.89,116.92,500
2025-11-05 15:07,UPRO,116.93,116.94,116.87,116.88,6795
2025-11-05 15:08,UPRO,116.86,116.895,116.85,116.895,2083
2025-11-05 15:09,UPRO,116.88,116.92,116.88,116.92,1000
2025-11-05 15:10,UPRO,116.92,116.9799,116.9,116.955,2291
2025-11-05 15:11,UPRO,116.95,116.95,116.91,116.94,1331
2025-11-05 15:12,UPRO,116.93,116.97,116.92,116.95,5940
2025-11-05 15:13,UPRO,116.95,116.95,116.9201,116.9201,1800
2025-11-05 15:14,UPRO,116.92,116.98,116.92,116.98,2400
2025-11-05 15:15,UPRO,116.9556,117.005,116.9556,116.997227,3080
2025-11-05 15:16,UPRO,116.9799,116.9799,116.935,116.96,1800
2025-11-05 15:17,UPRO,116.95,116.96,116.88,116.88,4000
2025-11-05 15:18,UPRO,116.87,116.915,116.87,116.901,1620
2025-11-05 15:19,UPRO,116.89,116.91,116.89,116.91,1300
2025-11-05 15:20,UPRO,116.87,116.88,116.87,116.88,500
2025-11-05 15:21,UPRO,116.895,116.935,116.89,116.935,2026
2025-11-05 15:22,UPRO,116.91,116.915,116.91,116.915,200
2025-11-05 15:23,UPRO,116.88,116.88,116.855,116.855,800
2025-11-05 15:24,UPRO,116.85,116.85,116.79,116.79,4198
2025-11-05 15:25,UPRO,116.79,116.81,116.76,116.765,2580
2025-11-05 15:26,UPRO,116.76,116.76,116.68,116.72,4310
2025-11-05 15:27,UPRO,116.72,116.72,116.63,116.63,6628
2025-11-05 15:28,UPRO,116.63,116.72,116.6242,116.72,4091
2025-11-05 15:29,UPRO,116.71,116.71,116.65,116.66,40107
2025-11-05 15:30,UPRO,116.66,116.68,116.57,116.57,17797
2025-11-05 15:31,UPRO,116.6,116.6,116.51,116.51,7225
2025-11-05 15:32,UPRO,116.53,116.56,116.52,116.55,3100
2025-11-05 15:33,UPRO,116.57,116.6,116.55,116.59,5809
2025-11-05 15:34,UPRO,116.57,116.58,116.51,116.53,2699
2025-11-05 15:35,UPRO,116.57,116.65,116.555,116.58,9042
2025-11-05 15:36,UPRO,116.62,116.62,116.55,116.55,2801
2025-11-05 15:37,UPRO,116.54,116.54,116.51,116.53,7213
2025-11-05 15:38,UPRO,116.53,116.59,116.52,116.59,3464
2025-11-05 15:39,UPRO,116.58,116.5855,116.53,116.53,650
2025-11-05 15:40,UPRO,116.535,116.7,116.535,116.7,7666
2025-11-05 15:41,UPRO,116.68,116.69,116.67,116.67,16273
2025-11-05 15:42,UPRO,116.64,116.64,116.595,116.595,7283
2025-11-05 15:43,UPRO,116.58,116.58,116.44,116.44,4209
2025-11-05 15:44,UPRO,116.4501,116.53,116.4,116.46,37997
2025-11-05 15:45,UPRO,116.45,116.5,116.44,116.47,5080
2025-11-05 15:46,UPRO,116.48,116.48,116.4,116.4,4387
2025-11-05 15:47,UPRO,116.35,116.35,116.3,116.33,4300
2025-11-05 15:48,UPRO,116.26,116.35,116.26,116.31,6143
2025-11-05 15:49,UPRO,116.3,116.3,116.2216,116.24,8750
2025-11-05 15:50,UPRO,116.24,116.27,116.11,116.27,80838
2025-11-05 15:51,UPRO,116.27,116.32,116.22,116.26,46635
2025-11-05 15:52,UPRO,116.25,116.29,116.125,116.125,46315
2025-11-05 15:53,UPRO,116.13,116.19,116.105,116.17,88233
2025-11-05 15:54,UPRO,116.18,116.23,116.07,116.09,115615
2025-11-05 15:55,UPRO,116.08,116.09,115.96,115.98,207850
2025-11-05 15:56,UPRO,115.98,115.99,115.87,115.92,110498
2025-11-05 15:57,UPRO,115.93,115.93,115.55,115.567,141810
2025-11-05 15:58,UPRO,115.59,115.63,115.48,115.525,259936
2025-11-05 15:59,UPRO,115.52,115.67,115.42,115.47,163136
2025-11-05 16:00,UPRO,115.48,115.48,115.34,115.35,1123331
2025-11-05 16:01,UPRO,115.35,115.43,115.28,115.43,49052
2025-11-05 16:02,UPRO,115.43,115.53,115.43,115.49,7648
2025-11-05 16:03,UPRO,115.45,115.5506,115.45,115.5506,923
2025-11-05 16:04,UPRO,115.6099,115.79,115.6099,115.79,806
2025-11-05 16:05,UPRO,115.7699,115.7699,115.7699,115.7699,2492
2025-11-05 16:06,UPRO,115.6725,115.6725,115.61,115.61,776
2025-11-05 16:07,UPRO,115.56,115.56,115.46,115.46,3126638
2025-11-05 16:08,UPRO,115.55,115.57,115.48,115.48,2858
2025-11-05 16:09,UPRO,115.54,115.54,115.54,115.54,178
2025-11-05 16:10,UPRO,115.3988,115.3988,115.39,115.39,700
2025-11-05 16:13,UPRO,115.36,115.36,115.36,115.36,500
2025-11-05 16:14,UPRO,115.44,115.44,115.44,115.44,100
2025-11-05 16:15,UPRO,115.39,115.42,115.39,115.41,1089
2025-11-05 16:17,UPRO,115.55,115.56,115.55,115.56,1000
2025-11-05 16:19,UPRO,115.63,115.63,115.58,115.58,776
2025-11-05 16:20,UPRO,115.61,115.61,115.5791,115.5791,807
2025-11-05 16:23,UPRO,115.58,115.58,115.58,115.58,300
2025-11-05 16:25,UPRO,115.67,115.67,115.67,115.67,700
2025-11-05 16:26,UPRO,115.68,115.68,115.68,115.68,600
2025-11-05 16:27,UPRO,115.68,115.719,115.68,115.719,200
2025-11-05 16:29,UPRO,115.6394,115.6394,115.58,115.62,400
2025-11-05 16:30,UPRO,115.6281,115.6281,115.6281,115.6281,100
2025-11-05 16:32,UPRO,115.6578,115.6578,115.6578,115.6578,100
2025-11-05 16:33,UPRO,115.66,115.66,115.66,115.66,121
2025-11-05 16:34,UPRO,115.6962,115.6962,115.6962,115.6962,100
2025-11-05 16:40,UPRO,115.71,115.71,115.71,115.71,100
2025-11-05 16:43,UPRO,115.71,115.71,115.7,115.7,450
2025-11-05 16:45,UPRO,115.7302,115.7302,115.71,115.71,490
2025-11-05 16:46,UPRO,115.72,115.72,115.72,115.72,150
2025-11-05 16:50,UPRO,115.75,115.75,115.75,115.75,100
2025-11-05 16:51,UPRO,115.75,115.75,115.75,115.75,100
2025-11-05 16:52,UPRO,115.74,115.74,115.74,115.74,100
2025-11-05 16:56,UPRO,115.76,115.76,115.76,115.76,200
2025-11-05 16:57,UPRO,115.76,115.76,115.76,115.76,164
2025-11-05 16:59,UPRO,115.79,115.79,115.67,115.75,600
2025-11-05 17:02,UPRO,115.4413,115.4413,115.4413,115.4413,104
2025-11-05 17:11,UPRO,115.7999,115.7999,115.7999,115.7999,4802
2025-11-05 17:12,UPRO,115.8,115.8,115.7981,115.7981,1398
2025-11-05 17:21,UPRO,115.8,115.8,115.8,115.8,200
2025-11-05 17:22,UPRO,115.61,115.62,115.61,115.62,4140
2025-11-05 17:23,UPRO,115.6003,115.6003,115.6003,115.6003,146
2025-11-05 17:29,UPRO,115.7,115.7,115.7,115.7,172
2025-11-05 17:46,UPRO,115.7,115.7,115.7,115.7,114
2025-11-05 17:47,UPRO,115.7,115.7,115.7,115.7,700
2025-11-05 17:51,UPRO,115.7935,115.7935,115.7935,115.7935,431
2025-11-05 18:00,UPRO,115.79,115.8,115.73,115.7626,1900
2025-11-05 18:02,UPRO,115.66,115.66,115.66,115.66,100
2025-11-05 18:05,UPRO,115.4,115.4,115.4,115.4,200
2025-11-05 18:06,UPRO,115.4303,115.4303,115.4303,115.4303,200
2025-11-05 18:07,UPRO,115.3754,115.3754,115.3754,115.3754,500
2025-11-05 18:10,UPRO,115.45,115.45,115.45,115.45,1300
2025-11-05 18:16,UPRO,115.68,115.68,115.68,115.68,100
2025-11-05 18:17,UPRO,115.71,115.71,115.71,115.71,250
2025-11-05 18:19,UPRO,115.7,115.7,115.7,115.7,170
2025-11-05 18:21,UPRO,115.6,115.6,115.6,115.6,600
2025-11-05 18:24,UPRO,115.51,115.51,115.51,115.51,122
2025-11-05 18:27,UPRO,115.48,115.48,115.48,115.48,250
2025-11-05 18:33,UPRO,115.65,115.65,115.64,115.64,1100
2025-11-05 18:40,UPRO,115.6901,115.6901,115.6901,115.6901,100
2025-11-05 18:43,UPRO,115.84,115.86,115.84,115.86,736
2025-11-05 18:44,UPRO,115.9,115.9,115.9,115.9,105
2025-11-05 18:45,UPRO,115.97,115.97,115.97,115.97,200
2025-11-05 18:51,UPRO,115.77,115.78,115.77,115.78,820
2025-11-05 18:54,UPRO,115.9474,115.9474,115.9474,115.9474,300
2025-11-05 18:56,UPRO,115.9,115.9,115.9,115.9,120
2025-11-05 18:58,UPRO,116.02,116.02,116.02,116.02,100
2025-11-05 19:02,UPRO,115.91,115.91,115.81,115.84,3100
2025-11-05 19:03,UPRO,115.79,115.81,115.79,115.81,1950
2025-11-05 19:04,UPRO,115.83,115.88,115.83,115.88,200
2025-11-05 19:07,UPRO,115.8381,115.8381,115.8054,115.8054,1400
2025-11-05 19:08,UPRO,115.7118,115.7118,115.68,115.69,760
2025-11-05 19:09,UPRO,115.721,115.7496,115.721,115.7496,350
2025-11-05 19:12,UPRO,115.68,115.68,115.67,115.67,376
2025-11-05 19:13,UPRO,115.58,115.58,115.58,115.58,700
2025-11-05 19:17,UPRO,115.55,115.55,115.49,115.49,580
2025-11-05 19:20,UPRO,115.51,115.51,115.51,115.51,300
2025-11-05 19:21,UPRO,115.46,115.46,115.46,115.46,117
2025-11-05 19:24,UPRO,115.33,115.33,115.2,115.2,1740
2025-11-05 19:25,UPRO,115.1695,115.1695,115.0,115.01,1325
2025-11-05 19:26,UPRO,115.02,115.02,114.85,114.85,738
2025-11-05 19:27,UPRO,114.9204,114.9204,114.9202,114.9202,200
2025-11-05 19:28,UPRO,114.97,114.97,114.97,114.97,800
2025-11-05 19:32,UPRO,115.16,115.16,115.16,115.16,220
2025-11-05 19:36,UPRO,115.24,115.24,115.24,115.24,100
2025-11-05 19:37,UPRO,115.36,115.36,115.36,115.36,220
2025-11-05 19:40,UPRO,115.4206,115.4206,115.4206,115.4206,600
2025-11-05 19:58,UPRO,115.38,115.4079,115.38,115.4079,1100
2025-11-06 07:00,UPRO,115.8,115.87,115.77,115.77,2300
2025-11-06 07:01,UPRO,115.83,115.83,115.8,115.81,680
2025-11-06 07:02,UPRO,115.96,115.96,115.96,115.96,198
2025-11-06 07:04,UPRO,115.86,115.88,115.83,115.88,2890
2025-11-06 07:06,UPRO,116.0,116.11,116.0,116.1,725
2025-11-06 07:07,UPRO,116.1,116.12,116.06,116.06,600
2025-11-06 07:08,UPRO,116.11,116.16,116.11,116.15,2700
2025-11-06 07:09,UPRO,116.1,116.1,116.08,116.08,900
2025-11-06 07:10,UPRO,116.06,116.16,116.06,116.16,900
2025-11-06 07:11,UPRO,116.18,116.18,116.18,116.18,500
2025-11-06 07:12,UPRO,116.18,116.18,116.11,116.11,1400
2025-11-06 07:13,UPRO,116.14,116.14,116.14,116.14,300
2025-11-06 07:14,UPRO,116.119,116.119,116.119,116.119,100
2025-11-06 07:15,UPRO,116.11,116.11,116.05,116.05,3000
2025-11-06 07:16,UPRO,116.04,116.07,116.04,116.07,1500
2025-11-06 07:17,UPRO,116.07,116.12,116.07,116.12,900
2025-11-06 07:19,UPRO,116.11,116.11,116.11,116.11,200
2025-11-06 07:21,UPRO,116.02,116.02,116.01,116.02,2000
2025-11-06 07:22,UPRO,116.09,116.09,116.09,116.09,300
2025-11-06 07:23,UPRO,116.17,116.22,116.17,116.17,2075
2025-11-06 07:24,UPRO,116.15,116.16,116.11,116.11,684
2025-11-06 07:25,UPRO,116.01,116.01,116.0,116.0,307
2025-11-06 07:26,UPRO,116.0,116.0,116.0,116.0,103
2025-11-06 07:30,UPRO,116.06,116.06,116.06,116.06,100
2025-11-06 07:31,UPRO,116.06,116.07,116.06,116.07,1400
2025-11-06 07:32,UPRO,116.1,116.14,116.1,116.14,400
2025-11-06 07:38,UPRO,116.14,116.14,116.14,116.14,500
2025-11-06 07:39,UPRO,116.17,116.17,116.17,116.17,100
2025-11-06 07:41,UPRO,116.2,116.21,116.12,116.12,2300
2025-11-06 07:42,UPRO,116.13,116.16,116.13,116.13,1600
2025-11-06 07:44,UPRO,116.12,116.12,116.12,116.12,997
2025-11-06 07:45,UPRO,116.2,116.21,116.2,116.21,240
2025-11-06 07:47,UPRO,116.19,116.21,116.19,116.21,900
2025-11-06 07:49,UPRO,116.14,116.14,116.14,116.14,100
2025-11-06 07:57,UPRO,116.15,116.15,116.15,116.15,282
2025-11-06 07:58,UPRO,116.18,116.18,116.18,116.18,100
2025-11-06 08:00,UPRO,116.19,116.22,115.53,116.18,9885
2025-11-06 08:01,UPRO,116.19,116.2,115.07,115.07,3887
2025-11-06 08:02,UPRO,115.08,116.18,114.55,114.99,17236
2025-11-06 08:03,UPRO,116.18,116.18,116.13,116.16,1000
2025-11-06 08:04,UPRO,116.13,116.19,116.13,116.18,1300
2025-11-06 08:05,UPRO,116.16,116.16,116.16,116.16,400
2025-11-06 08:06,UPRO,116.17,116.2,116.13,116.19,725
2025-11-06 08:07,UPRO,116.18,116.18,116.18,116.18,100
2025-11-06 08:11,UPRO,116.18,116.18,116.18,116.18,1200
2025-11-06 08:12,UPRO,116.1601,116.2,116.1601,116.18,1700
2025-11-06 08:13,UPRO,116.25,116.27,116.25,116.27,1200
2025-11-06 08:15,UPRO,116.28,116.28,116.26,116.26,900
2025-11-06 08:16,UPRO,116.28,116.29,116.28,116.29,1460
2025-11-06 08:17,UPRO,116.26,116.26,116.25,116.25,400
2025-11-06 08:18,UPRO,116.209,116.209,116.209,116.209,240
2025-11-06 08:19,UPRO,116.25,116.25,116.2301,116.2301,800
2025-11-06 08:23,UPRO,116.33,116.33,116.33,116.33,100
2025-11-06 08:24,UPRO,116.35,116.35,116.32,116.34,1220
2025-11-06 08:25,UPRO,116.37,116.39,116.36,116.36,400
2025-11-06 08:26,UPRO,116.3793,116.4,116.3793,116.39,2091
2025-11-06 08:27,UPRO,116.34,116.36,116.34,116.36,1500
2025-11-06 08:28,UPRO,116.38,116.38,116.38,116.38,210
2025-11-06 08:30,UPRO,116.45,116.45,116.45,116.45,450
2025-11-06 08:31,UPRO,116.43,116.43,116.43,116.43,200
2025-11-06 08:32,UPRO,116.42,116.45,116.42,116.45,900
2025-11-06 08:34,UPRO,116.4,116.43,116.4,116.43,900
2025-11-06 08:36,UPRO,116.49,116.55,116.49,116.53,11842
2025-11-06 08:37,UPRO,116.48,116.48,116.37,116.37,1877
2025-11-06 08:38,UPRO,116.35,116.36,116.35,116.36,1300
2025-11-06 08:39,UPRO,116.3893,116.3893,116.3893,116.3893,1000
2025-11-06 08:40,UPRO,116.39,116.39,116.39,116.39,1600
2025-11-06 08:41,UPRO,116.32,116.32,116.32,116.32,400
2025-11-06 08:42,UPRO,116.33,116.33,116.33,116.33,100
2025-11-06 08:44,UPRO,116.31,116.31,116.31,116.31,100
2025-11-06 08:45,UPRO,116.3,116.3101,116.3,116.3101,500
2025-11-06 08:46,UPRO,116.32,116.32,116.31,116.31,600
2025-11-06 08:47,UPRO,116.28,116.28,116.25,116.25,400
2025-11-06 08:48,UPRO,116.2604,116.2604,116.2604,116.2604,200
2025-11-06 08:49,UPRO,116.26,116.26,116.26,116.26,200
2025-11-06 08:50,UPRO,116.22,116.22,116.22,116.22,200
2025-11-06 08:52,UPRO,116.25,116.25,116.25,116.25,100
2025-11-06 08:54,UPRO,116.15,116.15,116.15,116.15,600
2025-11-06 08:55,UPRO,116.2,116.2,116.14,116.14,1600
2025-11-06 08:56,UPRO,116.14,116.14,116.05,116.05,1135
2025-11-06 08:57,UPRO,116.0512,116.0512,116.02,116.02,400
2025-11-06 08:58,UPRO,116.01,116.01,115.94,115.94,600
2025-11-06 08:59,UPRO,115.92,115.92,115.91,115.91,400
2025-11-06 09:00,UPRO,115.95,115.95,115.92,115.94,900
2025-11-06 09:01,UPRO,116.0,116.0,115.97,115.99,1300
2025-11-06 09:02,UPRO,116.04,116.04,115.97,115.97,1200
2025-11-06 09:03,UPRO,115.94,115.95,115.94,115.95,200
2025-11-06 09:04,UPRO,115.83,115.83,115.75,115.75,2600
2025-11-06 09:05,UPRO,115.74,115.74,115.56,115.56,3180
2025-11-06 09:06,UPRO,115.57,115.66,115.57,115.6,2900
2025-11-06 09:07,UPRO,115.57,115.57,115.51,115.54,5000
2025-11-06 09:08,UPRO,115.51,115.52,115.41,115.41,4440
2025-11-06 09:09,UPRO,115.3403,115.35,115.26,115.26,2840
2025-11-06 09:10,UPRO,115.21,115.39,115.21,115.37,1900
2025-11-06 09:11,UPRO,115.366,115.366,115.3,115.3,709
2025-11-06 09:12,UPRO,115.42,115.42,115.42,115.42,200
2025-11-06 09:13,UPRO,115.42,115.43,115.41,115.43,800
2025-11-06 09:14,UPRO,115.45,115.4999,115.45,115.4999,1682
2025-11-06 09:15,UPRO,115.46,115.46,115.41,115.45,400
2025-11-06 09:16,UPRO,115.399,115.41,115.389,115.41,300
2025-11-06 09:17,UPRO,115.4,115.4,115.37,115.37,600
2025-11-06 09:18,UPRO,115.38,115.38,115.38,115.38,100
2025-11-06 09:19,UPRO,115.35,115.44,115.33,115.44,2400
2025-11-06 09:20,UPRO,115.43,115.4303,115.38,115.38,725
2025-11-06 09:21,UPRO,115.4,115.4,115.34,115.34,1200
2025-11-06 09:22,UPRO,115.2895,115.3,115.25,115.25,695
2025-11-06 09:23,UPRO,115.26,115.26,115.25,115.25,1103
2025-11-06 09:24,UPRO,115.24,115.24,115.0,115.0,3341
2025-11-06 09:25,UPRO,115.01,115.06,115.01,115.02,500
2025-11-06 09:26,UPRO,115.12,115.13,115.0627,115.1062,2060
2025-11-06 09:27,UPRO,115.08,115.11,115.0798,115.11,400
2025-11-06 09:28,UPRO,115.069,115.069,115.069,115.069,100
2025-11-06 09:29,UPRO,114.89,114.98,114.89,114.94,1700
2025-11-06 09:30,UPRO,114.96,115.09,114.89,114.92,79709
2025-11-06 09:31,UPRO,114.93,115.14,114.92,115.12,33071
2025-11-06 09:32,UPRO,115.11,115.38,115.11,115.36,28932
2025-11-06 09:33,UPRO,115.34,115.3499,115.14,115.1599,12281
2025-11-06 09:34,UPRO,115.16,115.4,115.1501,115.26,13305
2025-11-06 09:35,UPRO,115.22,115.22,115.01,115.01,19182
2025-11-06 09:36,UPRO,115.02,115.25,115.0109,115.09,14859
2025-11-06 09:37,UPRO,115.13,115.287,115.13,115.21,22705
2025-11-06 09:38,UPRO,115.21,115.38,115.21,115.318,18737
2025-11-06 09:39,UPRO,115.29,115.3,115.14,115.14,12532
2025-11-06 09:40,UPRO,115.14,115.14,114.94,114.94,27608
2025-11-06 09:41,UPRO,114.88,114.88,114.55,114.63,34889
2025-11-06 09:42,UPRO,114.6,114.79,114.59,114.6799,17930
2025-11-06 09:43,UPRO,114.69,114.711,114.62,114.711,5998
2025-11-06 09:44,UPRO,114.7,114.77,114.6578,114.6913,4727
2025-11-06 09:45,UPRO,114.68,115.0,114.68,114.98,20781
2025-11-06 09:46,UPRO,115.0,115.0199,114.86,114.97,23132
2025-11-06 09:47,UPRO,115.04,115.15,114.99,115.035,20111
2025-11-06 09:48,UPRO,115.0699,115.23,115.05,115.19,12972
2025-11-06 09:49,UPRO,115.16,115.16,114.7746,114.82,20996
2025-11-06 09:50,UPRO,114.785,114.98,114.44,114.55,44847
2025-11-06 09:51,UPRO,114.56,114.56,114.37,114.4,25973
2025-11-06 09:52,UPRO,114.44,114.47,114.28,114.38,15516
2025-11-06 09:53,UPRO,114.35,114.48,114.35,114.41,14891
2025-11-06 09:54,UPRO,114.4099,114.4099,114.15,114.15,36237
2025-11-06 09:55,UPRO,114.17,114.26,114.1,114.2398,11395
2025-11-06 09:56,UPRO,114.24,114.26,114.11,114.23,31653
2025-11-06 09:57,UPRO,114.21,114.21,114.01,114.04,27622
2025-11-06 09:58,UPRO,114.01,114.15,113.98,114.03,30937
2025-11-06 09:59,UPRO,114.01,114.01,113.7201,113.74,23377
2025-11-06 10:00,UPRO,113.7016,113.7016,113.35,113.51,54995
2025-11-06 10:01,UPRO,113.47,113.58,113.4,113.43,13715
2025-11-06 10:02,UPRO,113.39,113.43,113.15,113.23,15326
2025-11-06 10:03,UPRO,113.2335,113.36,113.17,113.3,14149
2025-11-06 10:04,UPRO,113.2899,113.2899,112.93,112.95,23091
2025-11-06 10:05,UPRO,112.9499,113.349,112.9499,113.203,16219
2025-11-06 10:06,UPRO,113.21,113.48,113.1774,113.48,13615
2025-11-06 10:07,UPRO,113.474541,113.474541,113.26,113.33,14441
2025-11-06 10:08,UPRO,113.32,113.396,113.19,113.24,10666
2025-11-06 10:09,UPRO,113.35,113.42,113.24,113.33,14820
2025-11-06 10:10,UPRO,113.39,113.68,113.39,113.67,12557
2025-11-06 10:11,UPRO,113.69,113.79,113.66,113.66,12850
2025-11-06 10:12,UPRO,113.6,113.65,113.3004,113.3004,14202
2025-11-06 10:13,UPRO,113.32,113.38,113.3039,113.307,5615
2025-11-06 10:14,UPRO,113.34,113.39,113.19,113.226,14129
2025-11-06 10:15,UPRO,113.22,113.33,113.12,113.29,27772
2025-11-06 10:16,UPRO,113.289,113.605,113.289,113.58,12090
2025-11-06 10:17,UPRO,113.6091,113.8,113.5891,113.735,8081
2025-11-06 10:18,UPRO,113.7423,113.99,113.7423,113.99,33433
2025-11-06 10:19,UPRO,113.95,113.95,113.71,113.85,14941
2025-11-06 10:20,UPRO,113.8743,114.1,113.87,114.1,13689
2025-11-06 10:21,UPRO,114.13,114.18,114.08,114.1535,8339
2025-11-06 10:22,UPRO,114.135,114.34,114.09,114.3,15716
2025-11-06 10:23,UPRO,114.2899,114.3449,114.19,114.29,39727
2025-11-06 10:24,UPRO,114.32,114.355,114.22,114.2846,9753
2025-11-06 10:25,UPRO,114.2791,114.31,114.1705,114.205,7362
2025-11-06 10:26,UPRO,114.29,114.29,114.0709,114.08,8989
2025-11-06 10:27,UPRO,114.07,114.07,113.95,113.9901,4885
2025-11-06 10:28,UPRO,114.0,114.2,114.0,114.17,6661
2025-11-06 10:29,UPRO,114.033,114.0448,113.91,114.0,2931
2025-11-06 10:30,UPRO,113.96,113.99,113.8,113.82,7006
2025-11-06 10:31,UPRO,113.8,113.98,113.8,113.98,8045
2025-11-06 10:32,UPRO,113.87,113.88,113.6266,113.6266,10612
2025-11-06 10:33,UPRO,113.62,113.62,113.3774,113.3774,14353
2025-11-06 10:34,UPRO,113.42,113.4697,113.37,113.45,10811
2025-11-06 10:35,UPRO,113.36,113.36,113.23,113.23,7740
2025-11-06 10:36,UPRO,113.2,113.23,112.83,112.84,52584
2025-11-06 10:37,UPRO,112.86,112.89,112.52,112.5321,42251
2025-11-06 10:38,UPRO,112.56,112.8,112.56,112.77,34043
2025-11-06 10:39,UPRO,112.73,112.73,112.59,112.5999,10959
2025-11-06 10:40,UPRO,112.64,112.64,112.39,112.48,57939
2025-11-06 10:41,UPRO,112.44,112.58,112.34,112.39,17275
2025-11-06 10:42,UPRO,112.41,112.47,112.34,112.41,9964
2025-11-06 10:43,UPRO,112.451,112.63,112.43,112.46,27337
2025-11-06 10:44,UPRO,112.4499,112.48,112.14,112.19,32301
2025-11-06 10:45,UPRO,112.22,112.55,112.17,112.55,25724
2025-11-06 10:46,UPRO,112.51,112.5288,112.29,112.4184,12087
2025-11-06 10:47,UPRO,112.33,112.4285,112.33,112.4,8017
2025-11-06 10:48,UPRO,112.2409,112.38,112.15,112.24,13134
2025-11-06 10:49,UPRO,112.28,112.3101,112.15,112.31,11229
2025-11-06 10:50,UPRO,112.33,112.48,112.2213,112.2213,7888
2025-11-06 10:51,UPRO,112.23,112.59,112.23,112.5099,29632
2025-11-06 10:52,UPRO,112.4791,112.5,112.27,112.3999,9402
2025-11-06 10:53,UPRO,112.36,112.43,112.18,112.21,20434
2025-11-06 10:54,UPRO,112.2,112.52,112.2,112.5,9334
2025-11-06 10:55,UPRO,112.45,112.56,112.39,112.53,13176
2025-11-06 10:56,UPRO,112.47,112.47,112.11,112.21,14328
2025-11-06 10:57,UPRO,112.26,112.27,112.23,112.2396,3784
2025-11-06 10:58,UPRO,112.2299,112.2299,112.14,112.17,3233
2025-11-06 10:59,UPRO,112.19,112.2,112.02,112.1,8602
2025-11-06 11:00,UPRO,112.09,112.2,112.07,112.19,16711
2025-11-06 11:01,UPRO,112.25,112.4098,112.22,112.22,16848
2025-11-06 11:02,UPRO,112.2301,112.41,112.23,112.23,7933
2025-11-06 11:03,UPRO,112.33,112.33,112.2,112.2,11515
2025-11-06 11:04,UPRO,112.23,112.4093,112.19,112.4093,9415
2025-11-06 11:05,UPRO,112.44,112.56,112.43,112.5385,8890
2025-11-06 11:06,UPRO,112.49,112.61,112.3935,112.3935,8836
2025-11-06 11:07,UPRO,112.47,112.5,112.18,112.21,16784
2025-11-06 11:08,UPRO,112.25,112.51,112.25,112.51,7801
2025-11-06 11:09,UPRO,112.5,112.52,112.31,112.41,8446
2025-11-06 11:10,UPRO,112.339,112.3962,112.2,112.2,3707
2025-11-06 11:11,UPRO,112.18,112.35,112.18,112.29,4634
2025-11-06 11:12,UPRO,112.37,112.39,112.1109,112.16,8967
2025-11-06 11:13,UPRO,112.24,112.35,112.2,112.2996,5303
2025-11-06 11:14,UPRO,112.29,112.42,112.29,112.35,4958
2025-11-06 11:15,UPRO,112.42,112.52,112.39,112.4299,11606
2025-11-06 11:16,UPRO,112.37,112.54,112.2,112.2,9086
2025-11-06 11:17,UPRO,112.23,112.25,112.11,112.25,10151
2025-11-06 11:18,UPRO,112.19,112.2311,111.94,111.97,44654
2025-11-06 11:19,UPRO,111.98,112.1433,111.969,112.14,15929
2025-11-06 11:20,UPRO,112.17,112.33,112.11,112.31,6665
2025-11-06 11:21,UPRO,112.33,112.39,112.1599,112.3765,13851
2025-11-06 11:22,UPRO,112.3,112.3,111.87,111.87,11165
2025-11-06 11:23,UPRO,111.88,112.01,111.87,111.91,6605
2025-11-06 11:24,UPRO,111.9201,111.9501,111.83,111.87,28797
2025-11-06 11:25,UPRO,111.93,111.93,111.75,111.88,23093
2025-11-06 11:26,UPRO,111.91,112.05,111.8,112.05,29866
2025-11-06 11:27,UPRO,112.04,112.04,111.8801,111.91,9983
2025-11-06 11:28,UPRO,111.9,112.07,111.9,112.07,9251
2025-11-06 11:29,UPRO,112.16,112.4,112.16,112.35,21627
2025-11-06 11:30,UPRO,112.33,112.33,112.04,112.06,12095
2025-11-06 11:31,UPRO,112.17,112.19,112.08,112.1,14136
2025-11-06 11:32,UPRO,112.0965,112.16,111.98,112.075,5260
2025-11-06 11:33,UPRO,112.02,112.22,112.02,112.16,9152
2025-11-06 11:34,UPRO,112.14,112.14,112.03,112.07,10952
2025-11-06 11:35,UPRO,112.08,112.08,111.53,111.6,24800
2025-11-06 11:36,UPRO,111.5791,111.8699,111.57,111.84,6140
2025-11-06 11:37,UPRO,111.86,111.91,111.72,111.72,8589
2025-11-06 11:38,UPRO,111.76,111.88,111.7599,111.81,10671
2025-11-06 11:39,UPRO,111.79,111.81,111.6356,111.64,13124
2025-11-06 11:40,UPRO,111.66,111.689,111.56,111.689,7933
2025-11-06 11:41,UPRO,111.73,111.73,111.5532,111.6013,12277
2025-11-06 11:42,UPRO,111.61,111.65,111.55,111.61,7219
2025-11-06 11:43,UPRO,111.58,111.58,111.31,111.47,21011
2025-11-06 11:44,UPRO,111.48,111.56,111.479,111.5599,5316
2025-11-06 11:45,UPRO,111.6,111.6,111.38,111.39,7266
2025-11-06 11:46,UPRO,111.49,111.53,111.41,111.5,6475
2025-11-06 11:47,UPRO,111.46,111.47,111.31,111.37,10685
2025-11-06 11:48,UPRO,111.39,111.45,111.36,111.42,7045
2025-11-06 11:49,UPRO,111.43,111.43,111.3401,111.42,4185
2025-11-06 11:50,UPRO,111.39,111.52,111.35,111.52,16236
2025-11-06 11:51,UPRO,111.5,111.67,111.5,111.54,8608
2025-11-06 11:52,UPRO,111.6,111.82,111.6,111.82,37535
2025-11-06 11:53,UPRO,111.84,111.84,111.61,111.61,8031
2025-11-06 11:54,UPRO,111.62,111.83,111.62,111.81,7907
2025-11-06 11:55,UPRO,111.77,111.77,111.42,111.45,8868
2025-11-06 11:56,UPRO,111.43,111.47,111.13,111.167,40664
2025-11-06 11:57,UPRO,111.1566,111.35,111.1566,111.35,17593
2025-11-06 11:58,UPRO,111.43,111.43,111.31,111.3515,8487
2025-11-06 11:59,UPRO,111.3,111.31,111.1545,111.24,7865
2025-11-06 12:00,UPRO,111.291,111.58,111.291,111.5407,16404
2025-11-06 12:01,UPRO,111.65,111.65,111.549,111.549,4063
2025-11-06 12:02,UPRO,111.53,111.66,111.4667,111.66,7346
2025-11-06 12:03,UPRO,111.7,111.7,111.47,111.47,15019
2025-11-06 12:04,UPRO,111.51,111.7399,111.51,111.7399,3337
2025-11-06 12:05,UPRO,111.73,111.8499,111.65,111.8499,6554
2025-11-06 12:06,UPRO,111.74,111.87,111.74,111.83,6316
2025-11-06 12:07,UPRO,111.87,111.87,111.47,111.47,6402
2025-11-06 12:08,UPRO,111.54,111.59,111.39,111.44,5668
2025-11-06 12:09,UPRO,111.55,111.8678,111.55,111.8678,4407
2025-11-06 12:10,UPRO,111.97,112.05,111.96,112.04,8433
2025-11-06 12:11,UPRO,112.0,112.19,111.9996,112.15,11120
2025-11-06 12:12,UPRO,112.1,112.1,111.91,111.91,5254
2025-11-06 12:13,UPRO,111.89,111.89,111.76,111.79,5692
2025-11-06 12:14,UPRO,111.76,111.8,111.6501,111.6501,3859
2025-11-06 12:15,UPRO,111.63,111.63,111.51,111.5591,9724
2025-11-06 12:16,UPRO,111.53,111.59,111.46,111.46,3750
2025-11-06 12:17,UPRO,111.42,111.56,111.42,111.4723,9298
2025-11-06 12:18,UPRO,111.53,111.75,111.5113,111.6,3913
2025-11-06 12:19,UPRO,111.57,111.6,111.49,111.6,4684
2025-11-06 12:20,UPRO,111.59,111.59,111.43,111.43,11069
2025-11-06 12:21,UPRO,111.47,111.47,111.1375,111.18,17135
2025-11-06 12:22,UPRO,111.2,111.251,111.18,111.24,4590
2025-11-06 12:23,UPRO,111.29,111.37,111.17,111.17,5536
2025-11-06 12:24,UPRO,111.18,111.29,111.18,111.2801,2741
2025-11-06 12:25,UPRO,111.19,111.22,111.14,111.14,6133
2025-11-06 12:26,UPRO,111.21,111.27,110.9709,111.05,24969
2025-11-06 12:27,UPRO,111.08,111.19,111.08,111.19,4910
2025-11-06 12:28,UPRO,111.2,111.32,111.19,111.318,13777
2025-11-06 12:29,UPRO,111.29,111.42,111.28,111.3901,10412
2025-11-06 12:30,UPRO,111.41,111.41,111.27,111.3893,5360
2025-11-06 12:31,UPRO,111.399,111.5,111.34,111.44,9408
2025-11-06 12:32,UPRO,111.55,111.71,111.55,111.66,7088
2025-11-06 12:33,UPRO,111.6501,111.82,111.63,111.74,19341
2025-11-06 12:34,UPRO,111.723,111.723,111.49,111.52,3874
2025-11-06 12:35,UPRO,111.58,111.78,111.56,111.72,7142
2025-11-06 12:36,UPRO,111.74,111.79,111.63,111.7842,8144
2025-11-06 12:37,UPRO,111.75,111.76,111.64,111.65,2112
2025-11-06 12:38,UPRO,111.67,111.84,111.67,111.84,5667
2025-11-06 12:39,UPRO,111.83,111.83,111.517,111.52,10024
2025-11-06 12:40,UPRO,111.57,111.6,111.5535,111.58,6266
2025-11-06 12:41,UPRO,111.65,111.72,111.62,111.62,2267
2025-11-06 12:42,UPRO,111.655,111.86,111.655,111.83,8559
2025-11-06 12:43,UPRO,111.87,111.95,111.84,111.95,20717
2025-11-06 12:44,UPRO,111.9,111.9343,111.84,111.9343,4676
2025-11-06 12:45,UPRO,112.02,112.155,112.02,112.1292,3077
2025-11-06 12:46,UPRO,112.14,112.248,112.1201,112.1201,25026
2025-11-06 12:47,UPRO,112.16,112.25,112.09,112.2496,19002
2025-11-06 12:48,UPRO,112.2755,112.31,112.2535,112.265,10996
2025-11-06 12:49,UPRO,112.26,112.3,112.16,112.19,7340
2025-11-06 12:50,UPRO,112.21,112.32,112.197,112.32,5921
2025-11-06 12:51,UPRO,112.3356,112.39,112.2944,112.3691,10466
2025-11-06 12:52,UPRO,112.33,112.4,112.26,112.39,5896
2025-11-06 12:53,UPRO,112.3201,112.34,112.18,112.2142,9821
2025-11-06 12:54,UPRO,112.22,112.36,112.22,112.34,14306
2025-11-06 12:55,UPRO,112.3301,112.42,112.28,112.3901,14595
2025-11-06 12:56,UPRO,112.39,112.43,112.35,112.41,1788
2025-11-06 12:57,UPRO,112.405,112.405,112.25,112.25,8486
2025-11-06 12:58,UPRO,112.26,112.34,112.23,112.24,4912
2025-11-06 12:59,UPRO,112.23,112.23,112.0801,112.2,8144
2025-11-06 13:00,UPRO,112.16,112.22,112.15,112.15,8262
2025-11-06 13:01,UPRO,112.2,112.345,112.2,112.32,15955
2025-11-06 13:02,UPRO,112.35,112.35,112.24,112.29,6304
2025-11-06 13:03,UPRO,112.25,112.25,111.9944,112.001,12755
2025-11-06 13:04,UPRO,112.049,112.06,111.7901,111.8235,24421
2025-11-06 13:05,UPRO,111.82,111.83,111.535,111.535,30683
2025-11-06 13:06,UPRO,111.51,111.51,111.2401,111.29,13717
2025-11-06 13:07,UPRO,111.41,111.42,111.33,111.33,4406
2025-11-06 13:08,UPRO,111.36,111.42,111.33,111.36,4448
2025-11-06 13:09,UPRO,111.34,111.36,111.26,111.29,5931
2025-11-06 13:10,UPRO,111.21,111.3599,111.21,111.28,7847
2025-11-06 13:11,UPRO,111.3,111.32,111.23,111.3,10435
2025-11-06 13:12,UPRO,111.28,111.34,111.24,111.28,6105
2025-11-06 13:13,UPRO,111.38,111.5,111.38,111.42,14657
2025-11-06 13:14,UPRO,111.4135,111.4135,111.32,111.375,7644
2025-11-06 13:15,UPRO,111.42,111.57,111.42,111.47,4204
2025-11-06 13:16,UPRO,111.48,111.52,111.44,111.47,3439
2025-11-06 13:17,UPRO,111.4,111.45,111.33,111.44,5749
2025-11-06 13:18,UPRO,111.47,111.48,111.3,111.45,7688
2025-11-06 13:19,UPRO,111.42,111.4678,111.33,111.4378,6066
2025-11-06 13:20,UPRO,111.39,111.61,111.39,111.55,8410
2025-11-06 13:21,UPRO,111.58,111.62,111.4,111.49,6243
2025-11-06 13:22,UPRO,111.48,111.53,111.48,111.51,5144
2025-11-06 13:23,UPRO,111.52,111.71,111.52,111.71,10065
2025-11-06 13:24,UPRO,111.7,111.91,111.7,111.9056,10337
2025-11-06 13:25,UPRO,111.92,112.0851,111.9,112.04,15382
2025-11-06 13:26,UPRO,112.0552,112.29,112.05,112.2599,6383
2025-11-06 13:27,UPRO,112.24,112.24,112.02,112.03,9605
2025-11-06 13:28,UPRO,112.06,112.2,112.06,112.17,7960
2025-11-06 13:29,UPRO,112.2,112.23,112.08,112.0835,3696
2025-11-06 13:30,UPRO,112.13,112.26,112.13,112.26,4351
2025-11-06 13:31,UPRO,112.3,112.38,112.29,112.35,8910
2025-11-06 13:32,UPRO,112.3,112.33,112.2701,112.3,9585
2025-11-06 13:33,UPRO,112.33,112.38,112.19,112.2,12426
2025-11-06 13:34,UPRO,112.21,112.32,112.21,112.32,4634
2025-11-06 13:35,UPRO,112.38,112.49,112.26,112.46,14733
2025-11-06 13:36,UPRO,112.47,112.64,112.44,112.64,12290
2025-11-06 13:37,UPRO,112.63,112.65,112.54,112.56,8415
2025-11-06 13:38,UPRO,112.59,112.59,112.46,112.49,11551
2025-11-06 13:39,UPRO,112.48,112.61,112.44,112.54,17992
2025-11-06 13:40,UPRO,112.6092,112.63,112.5,112.54,4367
2025-11-06 13:41,UPRO,112.55,112.6665,112.545,112.56,5768
2025-11-06 13:42,UPRO,112.54,112.68,112.54,112.67,4251
2025-11-06 13:43,UPRO,112.68,112.74,112.59,112.59,13531
2025-11-06 13:44,UPRO,112.62,112.71,112.61,112.63,4832
2025-11-06 13:45,UPRO,112.62,112.63,112.57,112.59,8479
2025-11-06 13:46,UPRO,112.6,112.6,112.33,112.35,24738
2025-11-06 13:47,UPRO,112.36,112.5001,112.33,112.49,35487
2025-11-06 13:48,UPRO,112.48,112.62,112.48,112.6,14687
2025-11-06 13:49,UPRO,112.51,112.58,112.49,112.55,6621
2025-11-06 13:50,UPRO,112.58,112.62,112.52,112.58,4746
2025-11-06 13:51,UPRO,112.6,112.68,112.56,112.64,4185
2025-11-06 13:52,UPRO,112.63,112.65,112.61,112.65,2176
2025-11-06 13:53,UPRO,112.64,112.67,112.45,112.5,9516
2025-11-06 13:54,UPRO,112.5101,112.65,112.49,112.64,7177
2025-11-06 13:55,UPRO,112.62,112.64,112.43,112.43,8521
2025-11-06 13:56,UPRO,112.42,112.45,112.28,112.28,12655
2025-11-06 13:57,UPRO,112.29,112.33,112.17,112.24,15494
2025-11-06 13:58,UPRO,112.25,112.4,112.24,112.31,5768
2025-11-06 13:59,UPRO,112.34,112.41,112.31,112.4,3832
2025-11-06 14:00,UPRO,112.32,112.45,112.32,112.45,6716
2025-11-06 14:01,UPRO,112.3999,112.56,112.3999,112.49,15289
2025-11-06 14:02,UPRO,112.47,112.47,112.33,112.3401,8604
2025-11-06 14:03,UPRO,112.385,112.59,112.385,112.57,10710
2025-11-06 14:04,UPRO,112.54,112.8095,112.51,112.77,23276
2025-11-06 14:05,UPRO,112.81,113.0399,112.77,113.0399,19846
2025-11-06 14:06,UPRO,113.02,113.15,113.02,113.07,11417
2025-11-06 14:07,UPRO,113.08,113.08,112.92,112.94,11886
2025-11-06 14:08,UPRO,112.944,112.95,112.8,112.895,11388
2025-11-06 14:09,UPRO,112.88,112.9,112.75,112.79,7667
2025-11-06 14:10,UPRO,112.8535,112.9699,112.8535,112.9699,716
2025-11-06 14:11,UPRO,112.96,112.96,112.86,112.86,8035
2025-11-06 14:12,UPRO,112.87,112.91,112.87,112.905,1992
2025-11-06 14:13,UPRO,112.88,113.0,112.88,113.0,11649
2025-11-06 14:14,UPRO,112.99,113.11,112.97,113.07,13435
2025-11-06 14:15,UPRO,113.06,113.12,113.0101,113.0101,6951
2025-11-06 14:16,UPRO,113.04,113.05,112.91,112.95,15553
2025-11-06 14:17,UPRO,112.97,112.97,112.78,112.84,7617
2025-11-06 14:18,UPRO,112.83,112.9,112.81,112.81,3692
2025-11-06 14:19,UPRO,112.83,112.93,112.83,112.9288,3708
2025-11-06 14:20,UPRO,112.84,112.95,112.84,112.87,4602
2025-11-06 14:21,UPRO,112.86,112.95,112.86,112.92,5103
2025-11-06 14:22,UPRO,112.9,113.02,112.88,112.91,5612
2025-11-06 14:23,UPRO,112.96,113.02,112.92,113.0157,3470
2025-11-06 14:24,UPRO,113.0,113.02,112.98,113.01,3346
2025-11-06 14:25,UPRO,113.06,113.15,113.05,113.13,8582
2025-11-06 14:26,UPRO,113.15,113.2,113.1,113.2,7383
2025-11-06 14:27,UPRO,113.27,113.351,113.19,113.19,27497
2025-11-06 14:28,UPRO,113.245,113.35,113.245,113.35,4565
2025-11-06 14:29,UPRO,113.38,113.43,113.34,113.35,3910
2025-11-06 14:30,UPRO,113.36,113.36,113.13,113.13,6972
2025-11-06 14:31,UPRO,113.15,113.26,113.15,113.23,9757
2025-11-06 14:32,UPRO,113.27,113.42,113.27,113.42,1527
2025-11-06 14:33,UPRO,113.43,113.4356,113.37,113.37,1476
2025-11-06 14:34,UPRO,113.3613,113.38,113.32,113.36,6938
2025-11-06 14:35,UPRO,113.345,113.42,113.345,113.39,1978
2025-11-06 14:36,UPRO,113.36,113.52,113.36,113.455,7942
2025-11-06 14:37,UPRO,113.44,113.44,113.34,113.37,4554
2025-11-06 14:38,UPRO,113.38,113.46,113.37,113.43,4459
2025-11-06 14:39,UPRO,113.41,113.47,113.28,113.28,7267
2025-11-06 14:40,UPRO,113.2884,113.2884,113.14,113.16,12479
2025-11-06 14:41,UPRO,113.14,113.15,112.94,112.94,20924
2025-11-06 14:42,UPRO,112.92,112.93,112.82,112.84,8136
2025-11-06 14:43,UPRO,112.825,112.96,112.76,112.94,9153
2025-11-06 14:44,UPRO,112.98,113.09,112.94,113.0609,3628
2025-11-06 14:45,UPRO,113.09,113.09,113.0,113.0656,3047
2025-11-06 14:46,UPRO,113.11,113.11,112.95,112.98,7034
2025-11-06 14:47,UPRO,113.01,113.04,112.93,112.93,2640
2025-11-06 14:48,UPRO,113.01,113.01,112.81,112.81,5254
2025-11-06 14:49,UPRO,112.83,112.9,112.73,112.9,12312
2025-11-06 14:50,UPRO,112.89,112.95,112.81,112.95,4358
2025-11-06 14:51,UPRO,112.9685,113.0,112.83,112.85,4909
2025-11-06 14:52,UPRO,112.84,112.85,112.72,112.74,7299
2025-11-06 14:53,UPRO,112.69,112.91,112.68,112.91,4587
2025-11-06 14:54,UPRO,112.87,112.93,112.84,112.9299,5322
2025-11-06 14:55,UPRO,112.93,113.07,112.93,113.07,6437
2025-11-06 14:56,UPRO,113.08,113.13,113.08,113.12,6262
2025-11-06 14:57,UPRO,113.13,113.29,113.11,113.28,11253
2025-11-06 14:58,UPRO,113.29,113.36,113.29,113.32,4861
2025-11-06 14:59,UPRO,113.3167,113.3167,113.11,113.13,7958
2025-11-06 15:00,UPRO,113.15,113.21,113.12,113.12,2553
2025-11-06 15:01,UPRO,113.13,113.14,112.97,113.03,13156
2025-11-06 15:02,UPRO,113.0,113.07,112.91,112.91,8179
2025-11-06 15:03,UPRO,113.04,113.07,113.0101,113.07,5528
2025-11-06 15:04,UPRO,113.05,113.07,113.04,113.05,2503
2025-11-06 15:05,UPRO,113.09,113.2,113.03,113.19,4723
2025-11-06 15:06,UPRO,113.14,113.16,113.07,113.11,8891
2025-11-06 15:07,UPRO,113.12,113.18,113.04,113.18,2059
2025-11-06 15:08,UPRO,113.17,113.225,113.09,113.09,2032
2025-11-06 15:09,UPRO,113.12,113.1591,113.02,113.1591,5970
2025-11-06 15:10,UPRO,113.18,113.25,113.18,113.19,2709
2025-11-06 15:11,UPRO,113.18,113.21,113.18,113.21,349
2025-11-06 15:12,UPRO,113.26,113.29,113.02,113.02,9231
2025-11-06 15:13,UPRO,113.05,113.1732,113.05,113.1732,9656
2025-11-06 15:14,UPRO,113.16,113.18,113.1399,113.15,16505
2025-11-06 15:15,UPRO,113.18,113.19,113.06,113.06,2024
2025-11-06 15:16,UPRO,113.01,113.09,112.86,113.09,18250
2025-11-06 15:17,UPRO,113.04,113.06,113.02,113.06,4895
2025-11-06 15:18,UPRO,113.05,113.1557,113.04,113.1557,3169
2025-11-06 15:19,UPRO,113.19,113.21,113.125,113.14,990
2025-11-06 15:20,UPRO,113.15,113.18,113.1,113.1,3129
2025-11-06 15:21,UPRO,113.11,113.2056,113.07,113.18,3794
2025-11-06 15:22,UPRO,113.22,113.23,113.14,113.19,3789
2025-11-06 15:23,UPRO,113.17,113.29,113.17,113.27,7424
2025-11-06 15:24,UPRO,113.23,113.29,113.23,113.28,4567
2025-11-06 15:25,UPRO,113.23,113.24,113.18,113.24,2791
2025-11-06 15:26,UPRO,113.29,113.32,113.1999,113.1999,3135
2025-11-06 15:27,UPRO,113.18,113.2,113.08,113.0987,3655
2025-11-06 15:28,UPRO,113.09,113.09,113.02,113.0401,3254
2025-11-06 15:29,UPRO,113.01,113.01,112.79,112.82,20068
2025-11-06 15:30,UPRO,112.84,112.9791,112.81,112.86,14760
2025-11-06 15:31,UPRO,112.84,112.85,112.68,112.68,7454
2025-11-06 15:32,UPRO,112.62,112.73,112.49,112.73,25218
2025-11-06 15:33,UPRO,112.7399,112.8,112.73,112.76,2702
2025-11-06 15:34,UPRO,112.77,112.94,112.77,112.92,3162
2025-11-06 15:35,UPRO,112.98,112.99,112.92,112.92,3458
2025-11-06 15:36,UPRO,112.94,112.94,112.82,112.82,3686
2025-11-06 15:37,UPRO,112.8401,112.91,112.84,112.84,3422
2025-11-06 15:38,UPRO,112.79,112.79,112.6709,112.6709,1537
2025-11-06 15:39,UPRO,112.69,112.69,112.59,112.61,5766
2025-11-06 15:40,UPRO,112.6,112.75,112.6,112.62,5714
2025-11-06 15:41,UPRO,112.61,112.66,112.5813,112.5813,1624
2025-11-06 15:42,UPRO,112.57,112.58,112.431,112.44,7951
2025-11-06 15:43,UPRO,112.4636,112.47,112.35,112.44,16867
2025-11-06 15:44,UPRO,112.41,112.41,112.32,112.34,2422
2025-11-06 15:45,UPRO,112.28,112.4,112.21,112.23,8764
2025-11-06 15:46,UPRO,112.216,112.216,111.93,111.9442,9461
2025-11-06 15:47,UPRO,111.9301,112.0,111.92,111.92,10478
2025-11-06 15:48,UPRO,111.9,111.99,111.82,111.96,10027
2025-11-06 15:49,UPRO,111.8836,111.925,111.8,111.8,4025
2025-11-06 15:50,UPRO,111.95,111.98,111.83,111.87,11871
2025-11-06 15:51,UPRO,111.92,111.9904,111.88,111.9881,13213
2025-11-06 15:52,UPRO,111.96,112.15,111.96,112.09,18418
2025-11-06 15:53,UPRO,112.04,112.1,111.96,112.02,11917
2025-11-06 15:54,UPRO,112.0801,112.11,111.87,111.9,39243
2025-11-06 15:55,UPRO,111.82,111.92,111.8,111.8429,23062
2025-11-06 15:56,UPRO,111.86,111.94,111.8,111.8,22525
2025-11-06 15:57,UPRO,111.78,111.78,111.66,111.713,12259
2025-11-06 15:58,UPRO,111.6794,111.74,111.56,111.635,25408
